time_s,resultant
0,0.029095774
0.01,0.023070584
0.02,0.03186739
0.03,0.021533789
0.04,0.017501799
0.05,0.019958039
0.06,0.033982898
0.07,0.032495032
0.08,0.031369912
0.09,0.028005839
0.1,0.023291351
0.11,0.029690501
0.12,0.031706747
0.13,0.033530351
0.14,0.033983314
0.15,0.039680246
0.16,0.035555607
0.17,0.026361809
0.18,0.021729313
0.19,0.025966558
0.2,0.036917108
0.21,0.053301203
0.22,0.054750399
0.23,0.047712533
0.24,0.02783622
0.25,0.007288891
0.26,0.011512145
0.27,0.024261046
0.28,0.040373707
0.29,0.025842164
0.3,0.023946563
0.31,0.031011809
0.32,0.040624813
0.33,0.042878543
0.34,0.039347392
0.35,0.024939243
0.36,0.034171232
0.37,0.04502146
0.38,0.040946702
0.39,0.034923029
0.4,0.030763698
0.41,0.035919843
0.42,0.043419386
0.43,0.045749272
0.44,0.045788153
0.45,0.037723621
0.46,0.041272976
0.47,0.041083638
0.48,0.037973093
0.49,0.030247197
0.5,0.038712308
0.51,0.054511917
0.52,0.075772572
0.53,0.112438555
0.54,0.164694724
0.55,0.21594911
0.56,0.255382183
0.57,0.280847284
0.58,0.294832615
0.59,0.29531295
0.6,0.265386051
0.61,0.230451147
0.62,0.222475457
0.63,0.236433575
0.64,0.243335383
0.65,0.247622698
0.66,0.240372181
0.67,0.22386341
0.68,0.200633929
0.69,0.17993625
0.7,0.172235
0.71,0.167062601
0.72,0.162119638
0.73,0.16633857
0.74,0.17739101
0.75,0.200399647
0.76,0.234166584
0.77,0.246744037
0.78,0.267241581
0.79,0.291441831
0.8,0.286198835
0.81,0.22726742
0.82,0.234968188
0.83,0.262696264
0.84,0.105163942
0.85,0.074348536
0.86,0.179445823
0.87,0.243046751
0.88,0.318070347
0.89,0.333520158
0.9,0.259169262
0.91,0.170394895
0.92,0.114653264
0.93,0.087430937
0.94,0.105198942
0.95,0.138545854
0.96,0.155711024
0.97,0.162373163
0.98,0.155612879
0.99,0.16689103
1,0.154335145
1.01,0.162508012
1.02,0.163045117
1.03,0.169791758
1.04,0.169805241
1.05,0.16845963
1.06,0.169407037
1.07,0.161423835
1.08,0.145012508
1.09,0.156409534
1.1,0.16836405
1.11,0.182910445
1.12,0.200959073
1.13,0.215656514
1.14,0.22620117
1.15,0.237232656
1.16,0.24126516
1.17,0.238369425
1.18,0.235973377
1.19,0.246258249
1.2,0.265820195
1.21,0.26714896
1.22,0.237946873
1.23,0.196415051
1.24,0.170927069
1.25,0.162099811
1.26,0.171095804
1.27,0.179018124
1.28,0.192950002
1.29,0.210891526
1.3,0.235813037
1.31,0.254244207
1.32,0.249795188
1.33,0.239577534
1.34,0.209919788
1.35,0.184691041
1.36,0.154469877
1.37,0.113370968
1.38,0.091043823
1.39,0.096866889
1.4,0.12867866
1.41,0.142162969
1.42,0.093447695
1.43,0.088158628
1.44,0.179392187
1.45,0.264767249
1.46,0.275385125
1.47,0.177120884
1.48,0.069772252
1.49,0.117003271
1.5,0.122368345
1.51,0.135314942
1.52,0.134461376
1.53,0.121542839
1.54,0.100468355
1.55,0.095724424
1.56,0.089661716
1.57,0.076009666
1.58,0.076510521
1.59,0.098166682
1.6,0.107564597
1.61,0.10192495
1.62,0.097030564
1.63,0.124741277
1.64,0.117919606
1.65,0.093234523
1.66,0.097869452
1.67,0.144385556
1.68,0.169138711
1.69,0.143880891
1.7,0.076334775
1.71,0.058166613
1.72,0.124865762
1.73,0.154284857
1.74,0.159267368
1.75,0.080223133
1.76,0.065621498
1.77,0.069922443
1.78,0.070925484
1.79,0.07875681
1.8,0.126533887
1.81,0.148807383
1.82,0.145838236
1.83,0.12577923
1.84,0.178640347
1.85,0.204880268
1.86,0.236654329
1.87,0.225904656
1.88,0.237567899
1.89,0.269099561
1.9,0.263512415
1.91,0.234597066
1.92,0.243466189
1.93,0.147801746
1.94,0.105008607
1.95,0.14357039
1.96,0.118094695
1.97,0.108128589
1.98,0.076394135
1.99,0.046986257
2,0.057924195
2.01,0.067532195
2.02,0.0606497
2.03,0.043005033
2.04,0.028482506
2.05,0.043713408
2.06,0.051627017
2.07,0.056844571
2.08,0.052911447
2.09,0.045451315
2.1,0.072300768
2.11,0.117759762
2.12,0.140974397
2.13,0.119405578
2.14,0.096188389
2.15,0.083176308
2.16,0.094822135
2.17,0.118433739
2.18,0.116483237
2.19,0.100567611
2.2,0.102195869
2.21,0.111618656
2.22,0.125262385
2.23,0.125206515
2.24,0.119019782
2.25,0.121239451
2.26,0.127878252
2.27,0.124094645
2.28,0.123334357
2.29,0.129495149
2.3,0.146324918
2.31,0.172755856
2.32,0.195455646
2.33,0.189779333
2.34,0.181535669
2.35,0.164389412
2.36,0.147537771
2.37,0.138073601
2.38,0.127652964
2.39,0.128833436
2.4,0.110554794
2.41,0.089964777
2.42,0.088002991
2.43,0.08675908
2.44,0.041787117
2.45,0.063022864
2.46,0.099631994
2.47,0.090900685
2.48,0.068280563
2.49,0.056129505
2.5,0.038482916
2.51,0.011838767
2.52,0.044948513
2.53,0.097238966
2.54,0.085503498
2.55,0.029395817
2.56,0.087569635
2.57,0.117862946
2.58,0.092330792
2.59,0.066367661
2.6,0.087623762
2.61,0.124220852
2.62,0.129521425
2.63,0.15224263
2.64,0.153265393
2.65,0.168729319
2.66,0.177596532
2.67,0.159400629
2.68,0.131944317
2.69,0.109356163
2.7,0.114731969
2.71,0.130841197
2.72,0.094947897
2.73,0.046358993
2.74,0.034996697
2.75,0.072818945
2.76,0.116691803
2.77,0.163176759
2.78,0.192430415
2.79,0.201871617
2.8,0.14681701
2.81,0.064940327
2.82,0.059949222
2.83,0.051535931
2.84,0.020215142
2.85,0.025264002
2.86,0.048038333
2.87,0.039948619
2.88,0.026831483
2.89,0.028583459
2.9,0.039144951
2.91,0.030579636
2.92,0.027039135
2.93,0.028220427
2.94,0.031795841
2.95,0.040493941
2.96,0.056212994
2.97,0.059671431
2.98,0.058153137
2.99,0.034484881
3,0.01808682
3.01,0.008260362
3.02,0.038803589
3.03,0.071593999
3.04,0.057871195
3.05,0.045835799
3.06,0.05049279
3.07,0.034112878
3.08,0.04484139
3.09,0.063449043
3.1,0.085395435
3.11,0.092348245
3.12,0.091154571
3.13,0.093640933
3.14,0.108565534
3.15,0.101327054
3.16,0.103613167
3.17,0.097369856
3.18,0.097365208
3.19,0.103628854
3.2,0.135605808
3.21,0.159464265
3.22,0.094869141
3.23,0.088899227
3.24,0.102800572
3.25,0.084131915
3.26,0.107725391
3.27,0.11207512
3.28,0.113933427
3.29,0.118988518
3.3,0.099595167
3.31,0.074024777
3.32,0.063460231
3.33,0.076849714
3.34,0.086726097
3.35,0.081306166
3.36,0.075211491
3.37,0.062964128
3.38,0.056643509
3.39,0.052011111
3.4,0.070484168
3.41,0.076519625
3.42,0.067485312
3.43,0.068380271
3.44,0.068642816
3.45,0.079007769
3.46,0.055527634
3.47,0.038851327
3.48,0.032576023
3.49,0.040478426
3.5,0.035512875
3.51,0.023316274
3.52,0.016839393
3.53,0.019713144
3.54,0.018057547
3.55,0.015954766
3.56,0.020451473
3.57,0.039816822
3.58,0.048994923
3.59,0.055868954
3.6,0.047096531
3.61,0.041379125
3.62,0.031671149
3.63,0.030726051
3.64,0.047359657
3.65,0.066200531
3.66,0.066373702
3.67,0.060056414
3.68,0.059844372
3.69,0.049974771
3.7,0.051254391
3.71,0.042028264
3.72,0.037334659
3.73,0.037834001
3.74,0.040189092
3.75,0.042621725
3.76,0.039405256
3.77,0.038897392
3.78,0.043221891
3.79,0.044365804
3.8,0.056303233
3.81,0.065802647
3.82,0.069245326
3.83,0.064355696
3.84,0.064232614
3.85,0.052481864
3.86,0.061681651
3.87,0.064387
3.88,0.056525136
3.89,0.049211065
3.9,0.04548143
3.91,0.038794641
3.92,0.03386095
3.93,0.026347504
3.94,0.032536948
3.95,0.041054022
3.96,0.039630121
3.97,0.040470444
3.98,0.028686297
3.99,0.03867696
4,0.047962555
4.01,0.049987931
4.02,0.034532142
4.03,0.022813053
4.04,0.01829233
4.05,0.03398812
4.06,0.020147047
4.07,0.027374312
4.08,0.023941068
4.09,0.0284682
4.1,0.037973334
4.11,0.039675345
4.12,0.058159492
4.13,0.047611634
4.14,0.050107698
4.15,0.043853791
4.16,0.033343252
4.17,0.024689023
4.18,0.024026011
4.19,0.022772835
4.2,0.022654933
4.21,0.016766957
4.22,0.04342201
4.23,0.043966961
4.24,0.03421665
4.25,0.029178638
4.26,0.04416566
4.27,0.065208502
4.28,0.088563536
4.29,0.094081025
4.3,0.078246757
4.31,0.068343339
4.32,0.073321201
4.33,0.075402944
4.34,0.072149878
4.35,0.053635802
4.36,0.045569435
4.37,0.043644919
4.38,0.045739487
4.39,0.032845564
4.4,0.039240625
4.41,0.039193644
4.42,0.0390779
4.43,0.044729177
4.44,0.038570371
4.45,0.043075398
4.46,0.048349677
4.47,0.049887332
4.48,0.037942755
4.49,0.037848678
4.5,0.037256178
4.51,0.039161332
4.52,0.03713923
4.53,0.036787398
4.54,0.035154146
4.55,0.036547545
4.56,0.03196096
4.57,0.036789593
4.58,0.043449281
4.59,0.047535099
4.6,0.046411903
4.61,0.03873263
4.62,0.038317766
4.63,0.039731099
4.64,0.039161347
4.65,0.043830877
4.66,0.045744391
4.67,0.040280828
4.68,0.043565964
4.69,0.046508757
4.7,0.049336761
4.71,0.048379747
4.72,0.044872676
4.73,0.040237649
4.74,0.029455235
4.75,0.029211479
4.76,0.035707051
4.77,0.041156586
4.78,0.038939169
4.79,0.027494858
4.8,0.022005856
4.81,0.011419419
4.82,0.01786988
4.83,0.023811421
4.84,0.027072477
4.85,0.025280105
4.86,0.022689838
4.87,0.02045208
4.88,0.01941356
4.89,0.026552477
4.9,0.04665092
4.91,0.037388827
4.92,0.026563427
4.93,0.017738432
4.94,0.021724368
4.95,0.02025902
4.96,0.024187612
4.97,0.017916938
4.98,0.017657071
4.99,0.015588414
5,0.017011505
5.01,0.015851218
5.02,0.011977681
5.03,0.019059406
5.04,0.021623461
5.05,0.017674865
5.06,0.012155157
5.07,0.004015248
5.08,0.010747429
5.09,0.011501859
5.1,0.01102671
5.11,0.01102523
5.12,0.010821989
5.13,0.005152691
5.14,0.005324255
5.15,0.008809083
5.16,0.003592572
5.17,0.003385935
5.18,0.004734211
5.19,0.003876433
5.2,0.007029582
5.21,0.012546182
5.22,0.014222341
5.23,0.0144191
5.24,0.014050005
5.25,0.012701604
5.26,0.018357103
5.27,0.020595648
5.28,0.02095222
5.29,0.018065916
5.3,0.018860984
5.31,0.028011324
5.32,0.027219052
5.33,0.022858233
5.34,0.019804497
5.35,0.020765469
5.36,0.025953194
5.37,0.033082807
5.38,0.034398201
5.39,0.023580348
5.4,0.028388871
5.41,0.014053816
5.42,0.020344323
5.43,0.021749007
5.44,0.009739506
5.45,0.016645231
5.46,0.013357542
5.47,0.015436337
5.48,0.01639557
5.49,0.027886626
5.5,0.027125073
5.51,0.013420406
5.52,0.01160934
5.53,0.014323865
5.54,0.023877909
5.55,0.020952953
5.56,0.008916258
5.57,0.00650814
5.58,0.022293103
5.59,0.023983696
5.6,0.02358214
5.61,0.009524335
5.62,0.004667286
5.63,0.009091215
5.64,0.007654643
5.65,0.014037372
5.66,0.009709774
5.67,0.002781121
5.68,0.011207632
5.69,0.027153506
5.7,0.031564716
5.71,0.022434268
5.72,0.011981179
5.73,0.011380298
5.74,0.019220543
5.75,0.022490189
5.76,0.025065886
5.77,0.023664726
5.78,0.026491334
5.79,0.022085841
5.8,0.022076767
5.81,0.024262286
5.82,0.022699219
5.83,0.022676312
5.84,0.025082113
5.85,0.024851795
5.86,0.028072962
5.87,0.03179271
5.88,0.032950627
5.89,0.031514181
5.9,0.035799741
5.91,0.025480809
5.92,0.016197403
5.93,0.006758615
5.94,0.008718683
5.95,0.012852283
5.96,0.018499326
5.97,0.025435694
5.98,0.035592008
5.99,0.028572439
6,0.026785782
6.01,0.030542956
6.02,0.021763172
6.03,0.020589999
6.04,0.011736217
6.05,0.012510628
6.06,0.00520312
6.07,0.007746824
6.08,0.030974861
6.09,0.055266912
6.1,0.056333899
6.11,0.03790484
6.12,0.038030731
6.13,0.03872674
6.14,0.040809776
6.15,0.036871226
6.16,0.029378503
6.17,0.022961636
6.18,0.017500571
6.19,0.018007881
6.2,0.026129189
6.21,0.029752435
6.22,0.031203175
6.23,0.027896827
6.24,0.029325797
6.25,0.0220498
6.26,0.029908891
6.27,0.033409761
6.28,0.026604228
6.29,0.029143293
6.3,0.018920597
6.31,0.017794179
6.32,0.021844915
6.33,0.029958998
6.34,0.025677987
6.35,0.030450256
6.36,0.042844081
6.37,0.052807526
6.38,0.067785534
6.39,0.078122079
6.4,0.090492819
6.41,0.109966606
6.42,0.125108735
6.43,0.139073118
6.44,0.149531771
6.45,0.157395329
6.46,0.161149965
6.47,0.172620033
6.48,0.173276573
6.49,0.160203277
6.5,0.148230963
6.51,0.153111544
6.52,0.173426636
6.53,0.188441837
6.54,0.176581898
6.55,0.175071144
6.56,0.16646971
6.57,0.17917855
6.58,0.17804848
6.59,0.169799984
6.6,0.142675635
6.61,0.107498104
6.62,0.080701727
6.63,0.081855694
6.64,0.099942468
6.65,0.106605279
6.66,0.100929777
6.67,0.093429982
6.68,0.088965564
6.69,0.110095851
6.7,0.127316108
6.71,0.134208014
6.72,0.131584857
6.73,0.131312356
6.74,0.125853638
6.75,0.126212433
6.76,0.135805839
6.77,0.128004752
6.78,0.117712555
6.79,0.115610745
6.8,0.112695615
6.81,0.115195631
6.82,0.11708067
6.83,0.120718044
6.84,0.132872399
6.85,0.174304519
6.86,0.169562078
6.87,0.147237168
6.88,0.141956746
6.89,0.142959654
6.9,0.145825482
6.91,0.143060435
6.92,0.154131558
6.93,0.167697516
6.94,0.175502816
6.95,0.175014215
6.96,0.169019233
6.97,0.174796355
6.98,0.183215962
6.99,0.185522199
7,0.191059878
7.01,0.201519849
7.02,0.195278082
7.03,0.193341925
7.04,0.195977472
7.05,0.19468617
7.06,0.198963926
7.07,0.19043618
7.08,0.182287366
7.09,0.17612742
7.1,0.171562938
7.11,0.154540868
7.12,0.132345863
7.13,0.131699818
7.14,0.149055824
7.15,0.148070969
7.16,0.177237179
7.17,0.197300105
7.18,0.206779965
7.19,0.204970779
7.2,0.200647848
7.21,0.195366249
7.22,0.198646194
7.23,0.21324144
7.24,0.233393337
7.25,0.238011783
7.26,0.231026072
7.27,0.185581034
7.28,0.173909897
7.29,0.162886009
7.3,0.149826661
7.31,0.161509346
7.32,0.172919292
7.33,0.169740481
7.34,0.153570967
7.35,0.144742725
7.36,0.151241413
7.37,0.143639129
7.38,0.135881744
7.39,0.119832557
7.4,0.108922347
7.41,0.097635428
7.42,0.095684658
7.43,0.099578055
7.44,0.109908941
7.45,0.113289358
7.46,0.103399808
7.47,0.106080145
7.48,0.106867481
7.49,0.110791573
7.5,0.113523958
7.51,0.113132611
7.52,0.104584595
7.53,0.107442052
7.54,0.107751725
7.55,0.135390213
7.56,0.156320289
7.57,0.110785178
7.58,0.126843953
7.59,0.117903559
7.6,0.143625712
7.61,0.125449055
7.62,0.081572065
7.63,0.046262185
7.64,0.02814604
7.65,0.046269008
7.66,0.065284098
7.67,0.083944244
7.68,0.091189583
7.69,0.101492892
7.7,0.102449746
7.71,0.092134457
7.72,0.054478019
7.73,0.051700102
7.74,0.065063273
7.75,0.085218366
7.76,0.10843942
7.77,0.115345381
7.78,0.091208263
7.79,0.075620575
7.8,0.065331038
7.81,0.069879068
7.82,0.061216842
7.83,0.052969497
7.84,0.04108472
7.85,0.032785755
7.86,0.026768305
7.87,0.037504712
7.88,0.051744096
7.89,0.059840156
7.9,0.068243845
7.91,0.077851563
7.92,0.061657398
7.93,0.054718637
7.94,0.051276061
7.95,0.052785743
7.96,0.054673038
7.97,0.058134257
7.98,0.058255665
7.99,0.057877529
8,0.050198431
8.01,0.042544317
8.02,0.047149303
8.03,0.051173417
8.04,0.041953904
8.05,0.031063873
8.06,0.02389416
8.07,0.027324149
8.08,0.031865171
8.09,0.038086274
8.1,0.032235157
8.11,0.031138909
8.12,0.034989132
8.13,0.044179754
8.14,0.040735475
8.15,0.039177423
8.16,0.03398134
8.17,0.030439665
8.18,0.037449094
8.19,0.053481516
8.2,0.057306162
8.21,0.054938014
8.22,0.060567189
8.23,0.062394689
8.24,0.065490248
8.25,0.067358321
8.26,0.080423068
8.27,0.081222499
8.28,0.07776548
8.29,0.062833705
8.3,0.062641954
8.31,0.073348968
8.32,0.096821352
8.33,0.077648891
8.34,0.037245765
8.35,0.022137385
8.36,0.035564099
8.37,0.037389942
8.38,0.04321538
8.39,0.047036284
8.4,0.051607414
8.41,0.046541066
8.42,0.039361512
8.43,0.029828408
8.44,0.02628674
8.45,0.0270566
8.46,0.031812762
8.47,0.036814129
8.48,0.031159624
8.49,0.034526527
8.5,0.030966021
8.51,0.030694395
8.52,0.028849993
8.53,0.025514291
8.54,0.017925928
8.55,0.016974485
8.56,0.018636461
8.57,0.016581067
8.58,0.01576581
8.59,0.007618613
8.6,0.00934461
8.61,0.007930537
8.62,0.009323224
8.63,0.014127655
8.64,0.021249809
8.65,0.01854567
8.66,0.008390171
8.67,0.017522363
8.68,0.028523169
8.69,0.027641137
8.7,0.03233856
8.71,0.027815374
8.72,0.026903002
8.73,0.024391743
8.74,0.031316298
8.75,0.03162605
8.76,0.032727147
8.77,0.036567777
8.78,0.037968437
8.79,0.025979167
8.8,0.021492531
8.81,0.027020593
8.82,0.02271424
8.83,0.024109864
8.84,0.013634616
8.85,0.013491455
8.86,0.014798797
8.87,0.012120686
8.88,0.018284262
8.89,0.039833176
8.9,0.053570087
8.91,0.038944661
8.92,0.032368132
8.93,0.018802354
8.94,0.015088368
8.95,0.009616779
8.96,0.011384816
8.97,0.012772348
8.98,0.019929746
8.99,0.014761682
9,0.0207731
9.01,0.021580227
9.02,0.022379351
9.03,0.025082427
9.04,0.021338212
9.05,0.025302743
9.06,0.034748483
9.07,0.040238076
9.08,0.047559613
9.09,0.058569386
9.1,0.071615253
9.11,0.093304497
9.12,0.098676305
9.13,0.093408723
9.14,0.081879725
9.15,0.087589438
9.16,0.107084353
9.17,0.126680535
9.18,0.125122794
9.19,0.111738224
9.2,0.103880608
9.21,0.103993281
9.22,0.114846859
9.23,0.113287319
9.24,0.10695639
9.25,0.09537021
9.26,0.090338919
9.27,0.10568738
9.28,0.129803488
9.29,0.137873272
9.3,0.147986762
9.31,0.150559294
9.32,0.141170036
9.33,0.133351282
9.34,0.151585974
9.35,0.175473935
9.36,0.18548615
9.37,0.185156887
9.38,0.170626167
9.39,0.169716052
9.4,0.178010472
9.41,0.19545969
9.42,0.193905424
9.43,0.179749741
9.44,0.142397051
9.45,0.107711142
9.46,0.044982819
9.47,0.101016766
9.48,0.162253282
9.49,0.174235527
9.5,0.193338687
9.51,0.223649998
9.52,0.224880616
9.53,0.153366883
9.54,0.105049464
9.55,0.102445497
9.56,0.111520465
9.57,0.12449536
9.58,0.116849925
9.59,0.106860461
9.6,0.090703979
9.61,0.09674737
9.62,0.093717496
9.63,0.091550787
9.64,0.090295561
9.65,0.085300306
9.66,0.088825833
9.67,0.089387965
9.68,0.085851202
9.69,0.076822461
9.7,0.074471318
9.71,0.08688979
9.72,0.096203242
9.73,0.108807932
9.74,0.12188533
9.75,0.102471498
9.76,0.065202501
9.77,0.069930534
9.78,0.101677709
9.79,0.13576199
9.8,0.144285684
9.81,0.164604455
9.82,0.166499382
9.83,0.159418848
9.84,0.144782556
9.85,0.137632901
9.86,0.1202601
9.87,0.12565513
9.88,0.130527595
9.89,0.126544799
9.9,0.102538865
9.91,0.098461375
9.92,0.096498816
9.93,0.106975022
9.94,0.115335806
9.95,0.098256838
9.96,0.083113241
9.97,0.08388481
9.98,0.099996748
9.99,0.119409701
10,0.136850574
10.01,0.141091146
10.02,0.123571459
10.03,0.09324549
10.04,0.086742656
10.05,0.099776917
10.06,0.115352768
10.07,0.123069726
10.08,0.119255137
10.09,0.112402813
10.1,0.114662327
10.11,0.119905218
10.12,0.120795792
10.13,0.118067524
10.14,0.117419825
10.15,0.110717042
10.16,0.11403798
10.17,0.106115828
10.18,0.103297992
10.19,0.107830668
10.2,0.113336221
10.21,0.113478973
10.22,0.129857891
10.23,0.128790393
10.24,0.137480124
10.25,0.14948111
10.26,0.144561982
10.27,0.132869981
10.28,0.117702857
10.29,0.102740436
10.3,0.111508364
10.31,0.128800025
10.32,0.120201547
10.33,0.105870233
10.34,0.100201537
10.35,0.092533843
10.36,0.079034312
10.37,0.061074299
10.38,0.041210834
10.39,0.042378331
10.4,0.051334025
10.41,0.060192057
10.42,0.07282468
10.43,0.07057053
10.44,0.061899957
10.45,0.065135188
10.46,0.087681455
10.47,0.095340919
10.48,0.087925722
10.49,0.075578098
10.5,0.058503516
10.51,0.041776167
10.52,0.073802307
10.53,0.11864315
10.54,0.143381064
10.55,0.135529573
10.56,0.117758785
10.57,0.10171387
10.58,0.120971705
10.59,0.144573252
10.6,0.148546183
10.61,0.148782793
10.62,0.148821404
10.63,0.156014818
10.64,0.171102827
10.65,0.165529544
10.66,0.154105643
10.67,0.143438041
10.68,0.144160514
10.69,0.126585345
10.7,0.121790673
10.71,0.116080207
10.72,0.14044178
10.73,0.149572432
10.74,0.143565216
10.75,0.149437512
10.76,0.152409192
10.77,0.152385747
10.78,0.166205251
10.79,0.167663086
10.8,0.16201546
10.81,0.169056936
10.82,0.188157886
10.83,0.199053393
10.84,0.194327956
10.85,0.182866896
10.86,0.186842637
10.87,0.177255057
10.88,0.175224571
10.89,0.174052058
10.9,0.15532833
10.91,0.149733222
10.92,0.162475063
10.93,0.158483007
10.94,0.154148403
10.95,0.140077786
10.96,0.152143281
10.97,0.172790675
10.98,0.178072484
10.99,0.169572201
11,0.190269668
11.01,0.223781336
11.02,0.274091662
11.03,0.330313525
11.04,0.308674051
11.05,0.250350528
11.06,0.173029503
11.07,0.113969181
11.08,0.097779262
11.09,0.113294102
11.1,0.119951992
11.11,0.128814066
11.12,0.127158597
11.13,0.120640795
11.14,0.122495626
11.15,0.147454347
11.16,0.203874797
11.17,0.249872308
11.18,0.274953663
11.19,0.274934165
11.2,0.227423052
11.21,0.186046003
11.22,0.184264623
11.23,0.182470509
11.24,0.192161936
11.25,0.183727237
11.26,0.152227107
11.27,0.152659103
11.28,0.171882633
11.29,0.17948044
11.3,0.174949184
11.31,0.163860053
11.32,0.144149962
11.33,0.150206498
11.34,0.151753709
11.35,0.148924392
11.36,0.150998502
11.37,0.158496899
11.38,0.176816698
11.39,0.187314508
11.4,0.186868799
11.41,0.190872059
11.42,0.179301185
11.43,0.178997284
11.44,0.206996676
11.45,0.214025788
11.46,0.219495748
11.47,0.22240735
11.48,0.198626817
11.49,0.179401392
11.5,0.183766065
11.51,0.191415553
11.52,0.186742132
11.53,0.199438049
11.54,0.20449216
11.55,0.191122375
11.56,0.191867128
11.57,0.200853895
11.58,0.196456086
11.59,0.166023791
11.6,0.145994059
11.61,0.14229025
11.62,0.130050711
11.63,0.109803073
11.64,0.119142827
11.65,0.148884031
11.66,0.143253532
11.67,0.124069401
11.68,0.098224939
11.69,0.101290699
11.7,0.15212743
11.71,0.144818005
11.72,0.17709567
11.73,0.224420995
11.74,0.225845855
11.75,0.182468694
11.76,0.147705952
11.77,0.203553891
11.78,0.207792028
11.79,0.1633449
11.8,0.275739904
11.81,0.457531085
11.82,0.496165937
11.83,0.43960275
11.84,0.440464622
11.85,0.530438163
11.86,0.64508972
11.87,0.747830973
11.88,0.823758314
11.89,0.816313009
11.9,0.774639826
11.91,0.683926743
11.92,0.601968478
11.93,0.544248911
11.94,0.474096911
11.95,0.34764148
11.96,0.250136959
11.97,0.095311151
11.98,0.307556627
11.99,0.579796269
12,0.766141517
12.01,0.799110176
12.02,0.801258246
12.03,0.793269648
12.04,0.772388449
12.05,0.776201561
12.06,0.810704088
12.07,0.86395583
12.08,0.917138043
12.09,0.977883998
12.1,1.035110808
12.11,1.01930035
12.12,0.841620429
12.13,0.442918667
12.14,0.215283407
12.15,1.362430419
12.16,1.46207319
12.17,0.934320461
12.18,0.176703631
12.19,0.44174583
12.2,1.090361449
12.21,1.670101364
12.22,1.380596197
12.23,0.945470947
12.24,0.791731331
12.25,0.709152069
12.26,0.649511424
12.27,0.572237479
12.28,0.483604088
12.29,0.408621065
12.3,0.25793196
12.31,0.201793485
12.32,0.478416353
12.33,0.839218635
12.34,1.121394337
12.35,1.201890897
12.36,1.118967504
12.37,1.020414749
12.38,1.029863869
12.39,1.042213865
12.4,1.014271183
12.41,1.003961116
12.42,0.983750473
12.43,0.953508584
12.44,1.002439728
12.45,1.017299146
12.46,0.66038875
12.47,0.436392738
12.48,1.973359308
12.49,1.738109264
12.5,0.765984207
12.51,0.813607207
12.52,1.363989206
12.53,1.627766013
12.54,1.396542306
12.55,1.168195219
12.56,0.96679012
12.57,0.685179356
12.58,0.551065698
12.59,0.432292057
12.6,0.293393848
12.61,0.231650551
12.62,0.127125824
12.63,0.172934492
12.64,0.470360731
12.65,0.829706622
12.66,1.052849405
12.67,1.146423372
12.68,1.143031758
12.69,1.11964007
12.7,1.057680864
12.71,0.96615293
12.72,0.884423003
12.73,0.873716362
12.74,0.933369758
12.75,1.028773384
12.76,1.041784266
12.77,0.996932581
12.78,0.838396633
12.79,0.913454393
12.8,2.463076378
12.81,2.037257196
12.82,1.135413411
12.83,0.978339371
12.84,0.670804482
12.85,0.790783615
12.86,1.876008612
12.87,1.496904628
12.88,1.191155042
12.89,1.010885515
12.9,0.685172615
12.91,0.432285664
12.92,0.367458129
12.93,0.345873218
12.94,0.284785332
12.95,0.177700603
12.96,0.074841013
12.97,0.205318387
12.98,0.51319606
12.99,0.844989242
13,1.048136313
13.01,1.217782287
13.02,1.326143552
13.03,1.277859869
13.04,1.271584331
13.05,1.115876519
13.06,0.907509582
13.07,0.747260024
13.08,0.713377645
13.09,0.806787125
13.1,0.934428156
13.11,1.071508982
13.12,1.171841688
13.13,1.068412418
13.14,0.751781677
13.15,1.060896609
13.16,3.180137925
13.17,1.837858777
13.18,0.305058077
13.19,0.416788965
13.2,1.231588651
13.21,1.964330464
13.22,1.454828854
13.23,1.252943432
13.24,1.146398635
13.25,0.835112117
13.26,0.619612989
13.27,0.569029489
13.28,0.47595043
13.29,0.352844484
13.3,0.312256279
13.31,0.246082539
13.32,0.106567391
13.33,0.180929956
13.34,0.422999188
13.35,0.77259135
13.36,1.065766812
13.37,1.246171156
13.38,1.274082485
13.39,1.282655613
13.4,1.10198595
13.41,0.955153915
13.42,0.806972611
13.43,0.708226941
13.44,0.694916716
13.45,0.843171196
13.46,0.970944986
13.47,1.036984969
13.48,1.029113705
13.49,0.785227319
13.5,1.347994065
13.51,3.426001341
13.52,2.324015224
13.53,0.980883594
13.54,0.830836291
13.55,0.625334042
13.56,1.606936375
13.57,1.536927263
13.58,1.159070668
13.59,0.900736122
13.6,0.618749506
13.61,0.518797962
13.62,0.45561117
13.63,0.40295429
13.64,0.348355853
13.65,0.307771965
13.66,0.208297204
13.67,0.12036824
13.68,0.368120754
13.69,0.687897338
13.7,0.986513971
13.71,1.220140895
13.72,1.35679512
13.73,1.406961328
13.74,1.429446124
13.75,1.359827303
13.76,1.180104677
13.77,0.915677353
13.78,0.768113125
13.79,0.662606663
13.8,0.655622621
13.81,0.753084052
13.82,0.91403389
13.83,1.007560078
13.84,0.804762406
13.85,0.462603284
13.86,2.355548249
13.87,2.529827656
13.88,0.735415719
13.89,0.764035055
13.9,0.659693581
13.91,1.487689295
13.92,1.959230607
13.93,1.267399756
13.94,1.365043329
13.95,1.181967555
13.96,0.793197694
13.97,0.545927188
13.98,0.469513488
13.99,0.426513976
14,0.3591822
14.01,0.284932323
14.02,0.226531343
14.03,0.112114259
14.04,0.215608235
14.05,0.477426374
14.06,0.747393721
14.07,1.006293364
14.08,1.170147783
14.09,1.233759519
14.1,1.176225925
14.11,1.0666899
14.12,0.865086299
14.13,0.77526215
14.14,0.725110625
14.15,0.772850113
14.16,0.887549888
14.17,1.027281526
14.18,1.120465275
14.19,1.090247229
14.2,0.885314015
14.21,0.547045482
14.22,2.774592971
14.23,2.622459796
14.24,1.086980103
14.25,0.460941544
14.26,0.853169742
14.27,1.718339754
14.28,1.391997674
14.29,1.131386018
14.3,1.054826261
14.31,0.763869529
14.32,0.518527136
14.33,0.434191093
14.34,0.447299775
14.35,0.398897406
14.36,0.308409832
14.37,0.178158766
14.38,0.230666048
14.39,0.443938643
14.4,0.662898688
14.41,0.954578754
14.42,1.10180683
14.43,1.254575003
14.44,1.414263196
14.45,1.425798261
14.46,1.412040351
14.47,1.345991979
14.48,1.050139621
14.49,0.729245214
14.5,0.433204743
14.51,0.417441893
14.52,0.651672602
14.53,0.897365193
14.54,1.054267982
14.55,1.072830772
14.56,0.738853765
14.57,1.37681392
14.58,3.425686746
14.59,1.836400815
14.6,0.296273893
14.61,0.561320754
14.62,1.392993502
14.63,2.065711867
14.64,1.604396119
14.65,1.261514823
14.66,1.032373687
14.67,0.742432642
14.68,0.705449116
14.69,0.618266355
14.7,0.539174851
14.71,0.496632393
14.72,0.43085354
14.73,0.276649951
14.74,0.204304003
14.75,0.447279141
14.76,0.67640075
14.77,0.9095412
14.78,1.10217356
14.79,1.22983625
14.8,1.220190461
14.81,1.108314308
14.82,0.984296416
14.83,0.870922043
14.84,0.810238446
14.85,0.780592196
14.86,0.804594519
14.87,0.89657407
14.88,1.015466493
14.89,1.16021504
14.9,1.25307257
14.91,1.171073954
14.92,0.921855452
14.93,0.812755044
14.94,2.477413268
14.95,3.137381685
14.96,2.220054297
14.97,0.921954241
14.98,0.519020923
14.99,1.737286283
15,1.739765463
15.01,1.388251281
15.02,1.178160475
15.03,0.70851633
15.04,0.536151239
15.05,0.494901111
15.06,0.429671066
15.07,0.399134775
15.08,0.362282347
15.09,0.231177656
15.1,0.129105355
15.11,0.28052186
15.12,0.590752543
15.13,0.925524433
15.14,1.184175712
15.15,1.421681098
15.16,1.4786295
15.17,1.482379763
15.18,1.456641375
15.19,1.248048275
15.2,0.904975758
15.21,0.644648682
15.22,0.427058402
15.23,0.464565314
15.24,0.716561553
15.25,1.027601286
15.26,1.187876181
15.27,1.268316326
15.28,1.298569275
15.29,1.107971012
15.3,0.583123042
15.31,3.866641452
15.32,3.233555327
15.33,1.277400974
15.34,1.071328664
15.35,0.664877122
15.36,2.33863842
15.37,2.091457897
15.38,1.222875277
15.39,1.031455997
15.4,0.950274139
15.41,0.791287934
15.42,0.556622424
15.43,0.461269705
15.44,0.390621474
15.45,0.343933134
15.46,0.365057631
15.47,0.291697055
15.48,0.132276439
15.49,0.332980321
15.5,0.651656926
15.51,0.929406238
15.52,1.190518784
15.53,1.290907724
15.54,1.270726528
15.55,1.148334198
15.56,1.072861565
15.57,1.061194904
15.58,1.001231945
15.59,0.893346508
15.6,0.839649708
15.61,0.841349286
15.62,0.901410253
15.63,1.131613691
15.64,1.17890908
15.65,1.04760916
15.66,0.494993664
15.67,2.463702182
15.68,3.584656248
15.69,1.531030463
15.7,0.822681616
15.71,0.790743553
15.72,1.333066668
15.73,2.008964702
15.74,1.278562673
15.75,1.002268633
15.76,0.806023858
15.77,0.533069646
15.78,0.481448628
15.79,0.50795133
15.8,0.419941883
15.81,0.38465068
15.82,0.361212112
15.83,0.242389251
15.84,0.179400331
15.85,0.379146233
15.86,0.644608318
15.87,0.942970115
15.88,1.160626901
15.89,1.335761681
15.9,1.455733506
15.91,1.500537973
15.92,1.425740895
15.93,1.315096387
15.94,1.129627882
15.95,0.80293125
15.96,0.503042982
15.97,0.447636094
15.98,0.623643524
15.99,0.86872365
16,1.050580334
16.01,1.200461925
16.02,1.14493779
16.03,0.7595338
16.04,2.227002176
16.05,3.393214266
16.06,2.258043692
16.07,0.620696485
16.08,0.623675489
16.09,1.522774336
16.1,2.23516457
16.11,1.41135532
16.12,0.938806851
16.13,0.858896987
16.14,0.753293413
16.15,0.614979244
16.16,0.493176023
16.17,0.444074924
16.18,0.39999192
16.19,0.32761284
16.2,0.288762405
16.21,0.161451229
16.22,0.163074043
16.23,0.496498919
16.24,0.877101264
16.25,1.132703195
16.26,1.359001383
16.27,1.396489663
16.28,1.303591218
16.29,1.2102005
16.3,0.887479543
16.31,0.848787619
16.32,0.81756941
16.33,0.765308773
16.34,0.793616359
16.35,0.908612342
16.36,1.059916111
16.37,1.200979451
16.38,1.231723819
16.39,1.00105288
16.4,0.551683432
16.41,2.833362677
16.42,3.412694928
16.43,1.56963404
16.44,1.039852255
16.45,0.68658733
16.46,1.361037392
16.47,2.106019924
16.48,1.315868519
16.49,1.119905575
16.5,0.849835088
16.51,0.545469075
16.52,0.436541557
16.53,0.470454387
16.54,0.410465917
16.55,0.373258035
16.56,0.324291966
16.57,0.21903039
16.58,0.198402594
16.59,0.395703635
16.6,0.683196819
16.61,0.991073851
16.62,1.224512697
16.63,1.388854239
16.64,1.484485261
16.65,1.45170273
16.66,1.454175865
16.67,1.309544706
16.68,1.051805933
16.69,0.827243565
16.7,0.563796044
16.71,0.411238522
16.72,0.595310544
16.73,0.855300663
16.74,1.054182546
16.75,1.083720514
16.76,0.846483425
16.77,1.491115487
16.78,3.97339028
16.79,2.173331886
16.8,0.452617691
16.81,0.730566011
16.82,1.429403968
16.83,2.226228613
16.84,1.476761915
16.85,0.903833343
16.86,1.064284988
16.87,1.027387038
16.88,0.655713531
16.89,0.465912186
16.9,0.398661633
16.91,0.370286761
16.92,0.363105968
16.93,0.294530993
16.94,0.188866901
16.95,0.181187427
16.96,0.346329149
16.97,0.554969453
16.98,0.808791024
16.99,1.076773062
17,1.221000648
17.01,1.26262652
17.02,1.261457951
17.03,1.170942394
17.04,1.080710273
17.05,0.905590281
17.06,0.79993228
17.07,0.755133549
17.08,0.789437734
17.09,0.888567108
17.1,1.014971988
17.11,1.088418767
17.12,0.973169756
17.13,0.73996646
17.14,2.374243181
17.15,3.248471168
17.16,1.517456067
17.17,1.003190208
17.18,0.374621807
17.19,1.364888838
17.2,1.831142598
17.21,1.210166892
17.22,1.068234038
17.23,0.854477553
17.24,0.594857234
17.25,0.469338073
17.26,0.493715136
17.27,0.452392914
17.28,0.428946304
17.29,0.328206018
17.3,0.160567387
17.31,0.116892731
17.32,0.406279998
17.33,0.669841197
17.34,0.896477381
17.35,1.139413592
17.36,1.333811687
17.37,1.443821125
17.38,1.481703917
17.39,1.450101813
17.4,1.29255462
17.41,1.000310334
17.42,0.779577136
17.43,0.678930391
17.44,0.646403053
17.45,0.691662955
17.46,0.821085676
17.47,0.939421321
17.48,0.988013991
17.49,0.773447951
17.5,1.148890502
17.51,3.521746065
17.52,2.502423963
17.53,0.830257175
17.54,0.911053132
17.55,0.943510991
17.56,2.063013807
17.57,1.792600328
17.58,1.041900192
17.59,1.099997158
17.6,0.8595542
17.61,0.698218007
17.62,0.505601598
17.63,0.402991542
17.64,0.332870196
17.65,0.284999827
17.66,0.265277709
17.67,0.20426826
17.68,0.11620051
17.69,0.233604172
17.7,0.516275634
17.71,0.79819047
17.72,1.073199733
17.73,1.256196657
17.74,1.320985941
17.75,1.377097046
17.76,1.271625613
17.77,1.076983003
17.78,0.909784003
17.79,0.791539813
17.8,0.682385878
17.81,0.658392908
17.82,0.807315857
17.83,1.015027609
17.84,1.172218482
17.85,1.177002306
17.86,0.841692796
17.87,1.040084775
17.88,3.441961712
17.89,2.190443967
17.9,0.743281224
17.91,1.070552468
17.92,0.68579628
17.93,1.783170152
17.94,1.723958983
17.95,1.1570632
17.96,0.987585097
17.97,0.76190062
17.98,0.636810057
17.99,0.635666354
18,0.573799937
18.01,0.441277159
18.02,0.382784516
18.03,0.34047995
18.04,0.236561189
18.05,0.123001947
18.06,0.381551594
18.07,0.681014449
18.08,0.924989505
18.09,1.055497261
18.1,1.283219621
18.11,1.411112356
18.12,1.371924312
18.13,1.433753408
18.14,1.411080007
18.15,1.139503515
18.16,0.891202858
18.17,0.683580293
18.18,0.643081787
18.19,0.653606434
18.2,0.914018291
18.21,1.093688384
18.22,1.129360639
18.23,1.162423973
18.24,0.871711391
18.25,2.654344575
18.26,2.945098009
18.27,0.707372867
18.28,0.715470992
18.29,0.974016069
18.3,2.009499234
18.31,1.650361817
18.32,1.088853124
18.33,0.99158316
18.34,0.761625496
18.35,0.552685268
18.36,0.456889409
18.37,0.447248961
18.38,0.362253754
18.39,0.331505923
18.4,0.302883982
18.41,0.168067031
18.42,0.097656893
18.43,0.379043197
18.44,0.699793947
18.45,0.942985254
18.46,1.188489858
18.47,1.269036217
18.48,1.223905025
18.49,1.13456016
18.5,1.05425677
18.51,0.981170572
18.52,0.938484715
18.53,0.853227888
18.54,0.878846132
18.55,0.942745538
18.56,1.037318952
18.57,1.148784723
18.58,1.159088575
18.59,0.954493971
18.6,0.639513695
18.61,3.328823885
18.62,3.61185637
18.63,1.878055312
18.64,0.851913005
18.65,0.651702828
18.66,1.37029787
18.67,2.213300319
18.68,1.22492141
18.69,0.946817371
18.7,0.816235986
18.71,0.571667516
18.72,0.397443014
18.73,0.42986211
18.74,0.449712732
18.75,0.38408798
18.76,0.377913518
18.77,0.194015209
18.78,0.06706739
18.79,0.308070308
18.8,0.653422026
18.81,0.918968131
18.82,1.185262912
18.83,1.385346191
18.84,1.495697118
18.85,1.523786267
18.86,1.480501359
18.87,1.386128971
18.88,1.176212842
18.89,0.895931184
18.9,0.705884256
18.91,0.531606431
18.92,0.515695478
18.93,0.730712501
18.94,0.858272972
18.95,0.922264091
18.96,0.723083554
18.97,2.501529278
18.98,4.442720757
18.99,1.557792739
19,0.334434927
19.01,1.288662837
19.02,1.12760462
19.03,1.905619004
19.04,1.572290583
19.05,0.996098677
19.06,0.986190071
19.07,0.827498632
19.08,0.627764152
19.09,0.603170522
19.1,0.503483351
19.11,0.344770963
19.12,0.32290866
19.13,0.29552941
19.14,0.18263982
19.15,0.129984977
19.16,0.293008204
19.17,0.499055901
19.18,0.753040584
19.19,0.914083089
19.2,1.089425706
19.21,1.233383911
19.22,1.261839427
19.23,1.204860529
19.24,1.128061759
19.25,1.048323007
19.26,1.006796937
19.27,0.783927642
19.28,0.757683775
19.29,0.792363595
19.3,0.857055698
19.31,0.982363376
19.32,1.092917567
19.33,1.073894597
19.34,0.813700122
19.35,1.320033061
19.36,3.755487412
19.37,2.974142054
19.38,1.507447279
19.39,1.246596377
19.4,0.335197544
19.41,1.637175131
19.42,1.965447318
19.43,1.093884484
19.44,0.889078219
19.45,0.849949552
19.46,0.564801222
19.47,0.380375832
19.48,0.49451965
19.49,0.509459692
19.5,0.419805187
19.51,0.339408312
19.52,0.264733966
19.53,0.150592243
19.54,0.133329636
19.55,0.380085036
19.56,0.585372632
19.57,0.798293046
19.58,1.010817912
19.59,1.22862879
19.6,1.352749052
19.61,1.348859716
19.62,1.290523625
19.63,1.209242254
19.64,1.090770331
19.65,0.882133458
19.66,0.697842639
19.67,0.649053485
19.68,0.760691451
19.69,0.892954513
19.7,0.949426141
19.71,0.7729624
19.72,0.250860963
19.73,2.46163749
19.74,3.37195882
19.75,1.417171502
19.76,0.964131965
19.77,1.165758961
19.78,0.993510518
19.79,1.956992732
19.8,1.566674457
19.81,1.159289584
19.82,1.115370326
19.83,0.85520609
19.84,0.648708018
19.85,0.533263717
19.86,0.410523715
19.87,0.34630195
19.88,0.290640333
19.89,0.189286223
19.9,0.135105624
19.91,0.130366567
19.92,0.207827909
19.93,0.363654742
19.94,0.558092748
19.95,0.760475261
19.96,0.967377121
19.97,1.117739617
19.98,1.114084566
19.99,1.122841237
20,1.12602665
20.01,1.051819633
20.02,0.90777388
20.03,0.791336693
20.04,0.762467172
20.05,0.820446511
20.06,0.916038095
20.07,0.984015988
20.08,0.975674742
20.09,0.762030513
20.1,0.394072246
20.11,2.533836853
20.12,3.270821017
20.13,1.078754569
20.14,1.187731263
20.15,0.592266967
20.16,1.239038732
20.17,1.530239334
20.18,0.90157509
20.19,0.928193854
20.2,0.825757675
20.21,0.603188443
20.22,0.554895798
20.23,0.485722608
20.24,0.4760215
20.25,0.398442127
20.26,0.326017501
20.27,0.274205117
20.28,0.193766984
20.29,0.146878049
20.3,0.206665033
20.31,0.320232111
20.32,0.503331301
20.33,0.735889031
20.34,0.967393427
20.35,1.157389428
20.36,1.298665804
20.37,1.343706739
20.38,1.321872897
20.39,1.138663816
20.4,0.926810128
20.41,0.741042325
20.42,0.62412615
20.43,0.636199407
20.44,0.745825348
20.45,0.792788569
20.46,0.565426642
20.47,0.74678791
20.48,2.830897999
20.49,2.59158385
20.5,0.458535699
20.51,1.262634078
20.52,0.963315343
20.53,1.281599956
20.54,1.774449564
20.55,0.920286414
20.56,0.956202278
20.57,1.106420038
20.58,0.74055629
20.59,0.534903192
20.6,0.473803892
20.61,0.394752449
20.62,0.376878689
20.63,0.329479987
20.64,0.156527387
20.65,0.11180907
20.66,0.170825448
20.67,0.241676632
20.68,0.366667863
20.69,0.487633504
20.7,0.640517953
20.71,0.837368404
20.72,0.998215799
20.73,1.103555246
20.74,1.136709047
20.75,1.087601158
20.76,1.012962566
20.77,0.943529158
20.78,0.866454964
20.79,0.766374069
20.8,0.776116119
20.81,0.833445899
20.82,0.865265864
20.83,0.807227175
20.84,0.538461562
20.85,1.006111665
20.86,3.512516831
20.87,1.907798803
20.88,1.432980659
20.89,1.249423393
20.9,0.547710457
20.91,1.37132855
20.92,1.511846695
20.93,0.913299926
20.94,0.72654669
20.95,0.941290069
20.96,0.826500642
20.97,0.6107033
20.98,0.450833987
20.99,0.407525951
21,0.368414102
21.01,0.362374338
21.02,0.331291241
21.03,0.247381584
21.04,0.147355961
21.05,0.09474211
21.06,0.26159535
21.07,0.47231481
21.08,0.632050364
21.09,0.797702083
21.1,0.95725415
21.11,1.099415142
21.12,1.193708889
21.13,1.142574455
21.14,1.051566932
21.15,0.967343424
21.16,0.898499134
21.17,0.810712142
21.18,0.775115234
21.19,0.790884327
21.2,0.790407032
21.21,0.68364672
21.22,0.389888525
21.23,0.394919571
21.24,2.003944135
21.25,1.960116529
21.26,0.994535074
21.27,0.40464933
21.28,0.661843285
21.29,0.647084579
21.3,1.622169621
21.31,1.390455476
21.32,0.842602876
21.33,0.884850684
21.34,1.005736426
21.35,0.772841764
21.36,0.581888739
21.37,0.565021507
21.38,0.496843239
21.39,0.37286063
21.4,0.324422291
21.41,0.315264209
21.42,0.265622039
21.43,0.25191341
21.44,0.211387797
21.45,0.22439903
21.46,0.348069787
21.47,0.533374893
21.48,0.740510191
21.49,0.92594494
21.5,1.041163267
21.51,1.078644171
21.52,1.041411653
21.53,0.97868743
21.54,0.903031112
21.55,0.918558405
21.56,0.922642059
21.57,0.930785702
21.58,0.960069606
21.59,1.006249713
21.6,1.002120502
21.61,0.842366567
21.62,0.415741951
21.63,0.738400842
21.64,2.950338811
21.65,1.874409872
21.66,1.269117674
21.67,0.522931832
21.68,0.536351505
21.69,1.151092032
21.7,1.315486588
21.71,0.896596499
21.72,0.860130845
21.73,0.945551695
21.74,0.709303792
21.75,0.547425436
21.76,0.493747436
21.77,0.483183548
21.78,0.468435678
21.79,0.368383137
21.8,0.253215682
21.81,0.155922482
21.82,0.077675771
21.83,0.170739026
21.84,0.333122979
21.85,0.502502094
21.86,0.679095634
21.87,0.884230791
21.88,1.081403057
21.89,1.175761081
21.9,1.188610382
21.91,1.113345702
21.92,0.952449127
21.93,0.778106843
21.94,0.672407005
21.95,0.702396293
21.96,0.824169308
21.97,0.940405018
21.98,0.959798735
21.99,0.727733217
22,0.333969795
22.01,2.640658796
22.02,2.220507739
22.03,0.966904361
22.04,0.332087657
22.05,0.503894093
22.06,0.846730347
22.07,1.729221799
22.08,1.104014557
22.09,0.78454813
22.1,0.862844982
22.11,0.7167526
22.12,0.534428635
22.13,0.525353519
22.14,0.522016649
22.15,0.40071227
22.16,0.320438332
22.17,0.254894175
22.18,0.162729859
22.19,0.151683002
22.2,0.245697905
22.21,0.346459748
22.22,0.493663553
22.23,0.656984461
22.24,0.832871032
22.25,0.989187405
22.26,1.091713434
22.27,1.146890304
22.28,1.096695809
22.29,0.973303885
22.3,0.874585762
22.31,0.82498812
22.32,0.873765863
22.33,0.932438244
22.34,0.979120608
22.35,1.007693723
22.36,0.940960025
22.37,0.501668457
22.38,1.215278506
22.39,3.651738786
22.4,1.728100607
22.41,1.027679079
22.42,1.061961296
22.43,0.62600184
22.44,1.783783752
22.45,1.432940121
22.46,0.783533259
22.47,0.842430792
22.48,0.836492473
22.49,0.608352769
22.5,0.455982008
22.51,0.305704148
22.52,0.371104866
22.53,0.359696892
22.54,0.275978889
22.55,0.214554769
22.56,0.130932198
22.57,0.133945811
22.58,0.281010161
22.59,0.458662316
22.6,0.609971788
22.61,0.781565341
22.62,0.947341483
22.63,1.17241133
22.64,1.301368636
22.65,1.329048657
22.66,1.161931579
22.67,0.913856362
22.68,0.774116142
22.69,0.677040119
22.7,0.661903235
22.71,0.788425128
22.72,0.93994216
22.73,0.912434436
22.74,0.500135204
22.75,0.900880274
22.76,2.998471322
22.77,2.722735075
22.78,0.899421952
22.79,0.933093592
22.8,0.73030325
22.81,1.007905267
22.82,1.879221585
22.83,0.864404362
22.84,0.737556806
22.85,0.902536079
22.86,0.717450266
22.87,0.610469833
22.88,0.480470026
22.89,0.287012102
22.9,0.275931061
22.91,0.278816945
22.92,0.249519755
22.93,0.135398805
22.94,0.021094657
22.95,0.206848317
22.96,0.371095503
22.97,0.471596147
22.98,0.579332466
22.99,0.687131078
23,0.783167487
23.01,0.857678504
23.02,0.888286185
23.03,0.98022602
23.04,1.050837827
23.05,1.051552283
23.06,1.035081738
23.07,0.993130126
23.08,0.977432324
23.09,0.926595866
23.1,0.734859392
23.11,0.391694737
23.12,0.308151527
23.13,1.592046843
23.14,1.837920489
23.15,1.336126887
23.16,0.819255762
23.17,0.667097744
23.18,1.057680793
23.19,1.199703727
23.2,0.851830786
23.21,0.845631612
23.22,1.03903861
23.23,0.936350495
23.24,0.693398984
23.25,0.585030623
23.26,0.420492035
23.27,0.312220057
23.28,0.24317948
23.29,0.251466458
23.3,0.280745501
23.31,0.226700977
23.32,0.212310838
23.33,0.321280089
23.34,0.498458139
23.35,0.690776875
23.36,0.981741008
23.37,1.259814557
23.38,1.32915926
23.39,1.162126355
23.4,0.946552394
23.41,0.831807075
23.42,0.800697376
23.43,0.796203324
23.44,0.828530166
23.45,0.847928418
23.46,0.843825595
23.47,0.625714771
23.48,0.276883695
23.49,1.425686747
23.5,2.21428862
23.51,1.494427077
23.52,0.557955151
23.53,0.473419361
23.54,0.701868522
23.55,1.384329239
23.56,1.158886592
23.57,0.774119723
23.58,0.70399624
23.59,0.816808751
23.6,0.738609809
23.61,0.559554375
23.62,0.494616618
23.63,0.452028283
23.64,0.397028469
23.65,0.310352036
23.66,0.263962271
23.67,0.221094353
23.68,0.183998908
23.69,0.186519674
23.7,0.260345764
23.71,0.385197557
23.72,0.556720042
23.73,0.750897845
23.74,0.91360279
23.75,0.983538077
23.76,1.00971166
23.77,1.000357349
23.78,0.986840217
23.79,1.013237021
23.8,0.985658854
23.81,0.96274077
23.82,0.952943337
23.83,0.959549843
23.84,0.97504301
23.85,0.894531797
23.86,0.580147466
23.87,0.447938835
23.88,2.739207154
23.89,2.661917377
23.9,1.358825628
23.91,1.092989879
23.92,0.194302027
23.93,1.115600007
23.94,1.581720561
23.95,0.994551703
23.96,0.695640345
23.97,0.903966342
23.98,0.870921094
23.99,0.700708878
24,0.489605179
24.01,0.377675681
24.02,0.365556411
24.03,0.294406186
24.04,0.206421452
24.05,0.162631367
24.06,0.118063868
24.07,0.141621636
24.08,0.327243345
24.09,0.516155468
24.1,0.707493767
24.11,0.938647743
24.12,1.124204725
24.13,1.232140973
24.14,1.29152848
24.15,1.201287399
24.16,1.061508143
24.17,0.887169451
24.18,0.705231025
24.19,0.615170302
24.2,0.716196896
24.21,0.923923591
24.22,1.027055232
24.23,0.954400903
24.24,0.684644731
24.25,0.160779734
24.26,2.06683266
24.27,3.215604892
24.28,1.228908204
24.29,0.061871116
24.3,0.781862468
24.31,0.748297306
24.32,1.824634415
24.33,1.366963941
24.34,0.762230786
24.35,0.864126297
24.36,0.714202263
24.37,0.621725567
24.38,0.569650858
24.39,0.473749132
24.4,0.379534859
24.41,0.33831529
24.42,0.283339491
24.43,0.221575095
24.44,0.136483402
24.45,0.136877607
24.46,0.22159692
24.47,0.310952669
24.48,0.456091747
24.49,0.6568303
24.5,0.871107069
24.51,1.021596783
24.52,1.101606592
24.53,1.156995203
24.54,1.113956139
24.55,0.949609909
24.56,0.827889131
24.57,0.813387841
24.58,0.870125224
24.59,0.92400891
24.6,0.961274575
24.61,0.965255344
24.62,0.808095208
24.63,0.284929453
24.64,1.233389415
24.65,3.15845266
24.66,1.790044362
24.67,1.122745013
24.68,0.604985241
24.69,0.492054746
24.7,1.218314362
24.71,1.535485814
24.72,1.089722277
24.73,0.896260321
24.74,0.828238285
24.75,0.695358844
24.76,0.591689451
24.77,0.429941881
24.78,0.323678282
24.79,0.298673106
24.8,0.27403763
24.81,0.25698843
24.82,0.17404736
24.83,0.082223651
24.84,0.161699321
24.85,0.366513727
24.86,0.551092897
24.87,0.749667193
24.88,0.916122151
24.89,1.138425625
24.9,1.239901781
24.91,1.283226409
24.92,1.214697585
24.93,1.084011693
24.94,0.862958642
24.95,0.725771508
24.96,0.726543343
24.97,0.772969536
24.98,0.818283783
24.99,0.823548131
25,0.632254956
25.01,0.247386929
25.02,2.125438408
25.03,2.788836139
25.04,1.491318095
25.05,0.53809217
25.06,0.801206719
25.07,0.73568811
25.08,1.666109059
25.09,1.502963846
25.1,0.768963421
25.11,0.784729263
25.12,0.899003845
25.13,0.737124699
25.14,0.610976811
25.15,0.592864819
25.16,0.504997488
25.17,0.39869131
25.18,0.331669171
25.19,0.272853773
25.2,0.199701656
25.21,0.127807021
25.22,0.177433509
25.23,0.345034975
25.24,0.537259493
25.25,0.754026683
25.26,0.965519956
25.27,1.072220884
25.28,1.123514067
25.29,1.083506893
25.3,1.002212645
25.31,0.932516213
25.32,0.889733405
25.33,0.862125033
25.34,0.876813422
25.35,0.898057442
25.36,0.906657768
25.37,0.866949224
25.38,0.637883392
25.39,0.235375818
25.4,2.298076367
25.41,2.800434773
25.42,1.653284987
25.43,1.032063975
25.44,0.180251975
25.45,0.804696537
25.46,1.40114004
25.47,1.094706792
25.48,0.819193224
25.49,0.842105024
25.5,0.711223512
25.51,0.499883728
25.52,0.424812158
25.53,0.423490679
25.54,0.420062153
25.55,0.357540836
25.56,0.312450417
25.57,0.240741249
25.58,0.105315253
25.59,0.116534095
25.6,0.266844264
25.61,0.439316032
25.62,0.642009967
25.63,0.876024775
25.64,1.096541513
25.65,1.264575481
25.66,1.313926618
25.67,1.186795651
25.68,1.097780378
25.69,0.92110473
25.7,0.743481102
25.71,0.693228608
25.72,0.764357342
25.73,0.844999958
25.74,0.844710322
25.75,0.782972939
25.76,0.458372456
25.77,1.138232162
25.78,2.587059718
25.79,2.226427875
25.8,0.760281237
25.81,0.673798532
25.82,0.873727684
25.83,1.03313399
25.84,1.860722623
25.85,1.388484079
25.86,0.812670176
25.87,0.72736993
25.88,0.762433979
25.89,0.655855358
25.9,0.556937285
25.91,0.466076442
25.92,0.338353217
25.93,0.252601483
25.94,0.183894846
25.95,0.152031019
25.96,0.137007115
25.97,0.157544375
25.98,0.151927019
25.99,0.282810217
26,0.551618378
26.01,0.804711249
26.02,1.009361438
26.03,1.116995545
26.04,1.18003031
26.05,1.145503421
26.06,1.010458486
26.07,0.867907811
26.08,0.804144313
26.09,0.822633494
26.1,0.859641524
26.11,0.910383235
26.12,0.960481588
26.13,0.925694394
26.14,0.614215871
26.15,0.316710995
26.16,2.723560512
26.17,3.205274815
26.18,1.699535054
26.19,1.051445137
26.2,0.406436682
26.21,0.737545036
26.22,1.445068162
26.23,1.184500067
26.24,0.70863262
26.25,0.653256598
26.26,0.538616963
26.27,0.368774747
26.28,0.313785213
26.29,0.349508997
26.3,0.360550484
26.31,0.310045986
26.32,0.286765425
26.33,0.258167272
26.34,0.191447842
26.35,0.121458126
26.36,0.231359744
26.37,0.539423509
26.38,0.794336336
26.39,0.980379054
26.4,1.144204319
26.41,1.291490004
26.42,1.30228699
26.43,1.232600828
26.44,1.088087511
26.45,0.916378717
26.46,0.78081673
26.47,0.701645365
26.48,0.713154232
26.49,0.763164405
26.5,0.717699583
26.51,0.356685195
26.52,1.439479866
26.53,2.893411944
26.54,1.720566857
26.55,0.472368624
26.56,0.906338206
26.57,0.582941468
26.58,1.215938676
26.59,1.851873997
26.6,1.12325634
26.61,0.783614382
26.62,0.707688677
26.63,0.700742188
26.64,0.627649249
26.65,0.528441591
26.66,0.400505424
26.67,0.344229134
26.68,0.319738935
26.69,0.250415127
26.7,0.174559395
26.71,0.17282819
26.72,0.251004482
26.73,0.383422422
26.74,0.522831372
26.75,0.723330598
26.76,0.908441563
26.77,1.039289329
26.78,1.15863325
26.79,1.20800066
26.8,1.114937484
26.81,0.94934219
26.82,0.878868083
26.83,0.880623979
26.84,0.89107994
26.85,0.905022773
26.86,0.909506937
26.87,0.830196391
26.88,0.452028155
26.89,1.076875822
26.9,2.80694947
26.91,2.046238884
26.92,1.460339712
26.93,0.887200675
26.94,0.109645837
26.95,1.138762444
26.96,1.687948324
26.97,0.980247468
26.98,0.791399155
26.99,0.890084619
27,0.738633718
27.01,0.540247889
27.02,0.413343965
27.03,0.36398142
27.04,0.336924693
27.05,0.256062992
27.06,0.221400467
27.07,0.188483214
27.08,0.130749385
27.09,0.193912853
27.1,0.331603529
27.11,0.491481751
27.12,0.727707024
27.13,0.965688879
27.14,1.134334569
27.15,1.268283322
27.16,1.351322396
27.17,1.333703495
27.18,1.19655006
27.19,0.994023882
27.2,0.841399904
27.21,0.743214202
27.22,0.737194115
27.23,0.782328776
27.24,0.766383506
27.25,0.548750403
27.26,0.592945308
27.27,2.966122868
27.28,2.80145254
27.29,0.561122815
27.3,1.033890798
27.31,0.701463959
27.32,0.944478061
27.33,1.628799185
27.34,1.110942351
27.35,0.753330447
27.36,0.76910647
27.37,0.747857345
27.38,0.633556132
27.39,0.525653134
27.4,0.506805269
27.41,0.491243935
27.42,0.456614467
27.43,0.393272628
27.44,0.275582755
27.45,0.191897313
27.46,0.192980927
27.47,0.277880305
27.48,0.418374028
27.49,0.613256305
27.5,0.81284916
27.51,0.99161863
27.52,1.110777839
27.53,1.157380098
27.54,1.125126464
27.55,1.003758973
27.56,0.865113909
27.57,0.797190187
27.58,0.781443994
27.59,0.797172398
27.6,0.855575679
27.61,0.913208513
27.62,0.88778631
27.63,0.476480458
27.64,0.856680259
27.65,2.922142806
27.66,2.115800809
27.67,1.106111233
27.68,0.994063501
27.69,0.510288365
27.7,1.520956324
27.71,1.319352808
27.72,0.874434521
27.73,0.89607566
27.74,0.780449022
27.75,0.579891891
27.76,0.478992739
27.77,0.493384714
27.78,0.431094795
27.79,0.376679759
27.8,0.274119722
27.81,0.16591396
27.82,0.095356234
27.83,0.09819038
27.84,0.192044525
27.85,0.394616847
27.86,0.651578177
27.87,0.90345484
27.88,1.037027016
27.89,1.227100148
27.9,1.269647786
27.91,1.217687402
27.92,1.112155874
27.93,0.981460295
27.94,0.866679892
27.95,0.756512135
27.96,0.705255788
27.97,0.724296356
27.98,0.664980765
27.99,0.302915897
28,1.052913423
28.01,2.192860891
28.02,1.625700314
28.03,0.337937251
28.04,0.620495264
28.05,0.286826618
28.06,0.837689162
28.07,1.651961132
28.08,1.024859729
28.09,0.747307783
28.1,0.84551344
28.11,0.782927956
28.12,0.579445464
28.13,0.395813895
28.14,0.342950276
28.15,0.31311352
28.16,0.287158091
28.17,0.233053537
28.18,0.165033936
28.19,0.1447385
28.2,0.214234615
28.21,0.315631314
28.22,0.450254531
28.23,0.627954256
28.24,0.793614571
28.25,0.948856143
28.26,1.075095779
28.27,1.15669813
28.28,1.110063986
28.29,0.999275575
28.3,0.894493721
28.31,0.859391086
28.32,0.860303612
28.33,0.88810424
28.34,0.88317109
28.35,0.733914636
28.36,0.224517789
28.37,1.997081311
28.38,2.760147542
28.39,1.280801607
28.4,1.143919818
28.41,1.080824993
28.42,0.572906987
28.43,1.812758371
28.44,1.259293788
28.45,0.718545036
28.46,0.778802174
28.47,0.764979515
28.48,0.615321529
28.49,0.477486635
28.5,0.428719978
28.51,0.381938209
28.52,0.324880673
28.53,0.263353786
28.54,0.197471225
28.55,0.126381608
28.56,0.178920775
28.57,0.365161737
28.58,0.537350815
28.59,0.740843592
28.6,0.911247727
28.61,1.109791099
28.62,1.284411901
28.63,1.378207229
28.64,1.338000249
28.65,1.135374856
28.66,0.869256462
28.67,0.641869492
28.68,0.550714442
28.69,0.599869652
28.7,0.662867613
28.71,0.48168293
28.72,0.702685997
28.73,2.484926858
28.74,2.030834339
28.75,0.626786667
28.76,0.757086682
28.77,0.192579534
28.78,0.915534789
28.79,1.360032046
28.8,0.811259603
28.81,0.499618658
28.82,0.730496833
28.83,0.810494737
28.84,0.53380963
28.85,0.372192835
28.86,0.330783002
28.87,0.315008106
28.88,0.3175169
28.89,0.289147201
28.9,0.194329945
28.91,0.158028257
28.92,0.205054022
28.93,0.296664185
28.94,0.441373019
28.95,0.583182902
28.96,0.779714932
28.97,0.954107952
28.98,1.075465564
28.99,1.163252022
29,1.124526639
29.01,0.946337864
29.02,0.785923164
29.03,0.735837872
29.04,0.809975633
29.05,0.931178197
29.06,0.976535159
29.07,0.939733001
29.08,0.678208449
29.09,0.333925055
29.1,2.050858339
29.11,2.842262353
29.12,1.15365512
29.13,0.970900945
29.14,0.502719925
29.15,0.944080477
29.16,1.557495208
29.17,1.084895035
29.18,0.717112179
29.19,0.703485825
29.2,0.699846116
29.21,0.555180814
29.22,0.405521607
29.23,0.35329426
29.24,0.378803874
29.25,0.381810946
29.26,0.316830658
29.27,0.289739796
29.28,0.27655888
29.29,0.356798777
29.3,0.290203636
29.31,0.515793787
29.32,0.76549619
29.33,0.983124667
29.34,1.235285599
29.35,1.425557743
29.36,1.368303584
29.37,1.271540284
29.38,1.04150523
29.39,0.766723571
29.4,0.570634723
29.41,0.558131435
29.42,0.66746219
29.43,0.685483061
29.44,0.465396003
29.45,0.641541389
29.46,1.998064209
29.47,2.071986987
29.48,0.990051064
29.49,0.666332828
29.5,0.760068053
29.51,1.038110755
29.52,1.545230651
29.53,1.337779602
29.54,0.911978523
29.55,0.852332284
29.56,0.845748354
29.57,0.666196659
29.58,0.562587773
29.59,0.498910351
29.6,0.474761341
29.61,0.460189497
29.62,0.398187239
29.63,0.29805203
29.64,0.24921041
29.65,0.230059047
29.66,0.199135619
29.67,0.30848535
29.68,0.58901982
29.69,0.859964372
29.7,1.085621787
29.71,1.271771136
29.72,1.323812849
29.73,1.188889321
29.74,0.973296208
29.75,0.860626802
29.76,0.822093759
29.77,0.802339248
29.78,0.801085735
29.79,0.832645154
29.8,0.799544891
29.81,0.506955436
29.82,0.637015189
29.83,2.232320701
29.84,1.672146216
29.85,0.998024753
29.86,0.707571002
29.87,0.26619738
29.88,0.748056263
29.89,1.478347389
29.9,1.148905969
29.91,0.913483884
29.92,0.912995181
29.93,0.741991663
29.94,0.589496098
29.95,0.544968075
29.96,0.510972315
29.97,0.459718645
29.98,0.324539345
29.99,0.240407323
30,0.207412872
30.01,0.168206986
30.02,0.159289111
30.03,0.309217013
30.04,0.519476426
30.05,0.731702457
30.06,0.966425986
30.07,1.142978056
30.08,1.278667661
30.09,1.309910183
30.1,1.246879539
30.11,1.118807415
30.12,0.959374836
30.13,0.780495996
30.14,0.674349903
30.15,0.6584188
30.16,0.684502858
30.17,0.563428762
30.18,0.423820105
30.19,1.971235632
30.2,2.099822256
30.21,0.985999914
30.22,0.72338943
30.23,0.638193081
30.24,0.87264982
30.25,1.836799643
30.26,1.318979324
30.27,0.813865772
30.28,0.842335722
30.29,0.956082894
30.3,0.839054624
30.31,0.675029274
30.32,0.530023608
30.33,0.488294743
30.34,0.466568779
30.35,0.363968762
30.36,0.17737908
30.37,0.119661211
30.38,0.229724477
30.39,0.365479109
30.4,0.57436499
30.41,0.791968268
30.42,1.073690169
30.43,1.211588104
30.44,1.213740766
30.45,1.166349458
30.46,1.013237972
30.47,0.849322676
30.48,0.768879167
30.49,0.715007455
30.5,0.743007808
30.51,0.871385008
30.52,1.036458185
30.53,1.136705069
30.54,0.997908561
30.55,0.402234665
30.56,2.065203517
30.57,3.182715874
30.58,1.633489381
30.59,1.318809277
30.6,0.594505276
30.61,0.983005597
30.62,1.939313949
30.63,1.183967286
30.64,0.6422019
30.65,0.754600553
30.66,0.77146623
30.67,0.520331292
30.68,0.38694009
30.69,0.391370367
30.7,0.376118847
30.71,0.329515098
30.72,0.293915471
30.73,0.217132366
30.74,0.224512897
30.75,0.364885958
30.76,0.607521507
30.77,0.870409579
30.78,1.08020289
30.79,1.232032713
30.8,1.333662217
30.81,1.354408612
30.82,1.292769862
30.83,1.170949852
30.84,0.901597442
30.85,0.653554884
30.86,0.540077283
30.87,0.723579529
30.88,0.933343195
30.89,0.965449122
30.9,0.852282868
30.91,0.259725971
30.92,2.137854631
30.93,2.403847588
30.94,1.330897681
30.95,0.511259429
30.96,0.77677747
30.97,0.888317893
30.98,1.408321053
30.99,1.648540401
31,1.16864564
31.01,0.865803866
31.02,0.795162515
31.03,0.76332274
31.04,0.671106364
31.05,0.535380819
31.06,0.478095588
31.07,0.385844546
31.08,0.3153871
31.09,0.193887943
31.1,0.108394247
31.11,0.109790198
31.12,0.214762102
31.13,0.359125121
31.14,0.571018815
31.15,0.765065399
31.16,0.938754681
31.17,1.064761825
31.18,1.185847513
31.19,1.207673052
31.2,1.088060322
31.21,0.906244141
31.22,0.80497167
31.23,0.784621421
31.24,0.821412303
31.25,0.891058459
31.26,0.967561609
31.27,1.025819462
31.28,0.946132121
31.29,0.49317359
31.3,1.360837291
31.31,3.348881069
31.32,2.20824482
31.33,1.180106507
31.34,0.909025051
31.35,0.40876524
31.36,1.537292973
31.37,1.554672501
31.38,0.818927816
31.39,0.825571971
31.4,0.911605982
31.41,0.694883663
31.42,0.519612182
31.43,0.418319557
31.44,0.434327748
31.45,0.483513218
31.46,0.437273049
31.47,0.334483171
31.48,0.229252312
31.49,0.138467178
31.5,0.13457775
31.51,0.377141449
31.52,0.643542722
31.53,0.918173091
31.54,1.165426393
31.55,1.345634961
31.56,1.420667742
31.57,1.456377415
31.58,1.443514707
31.59,1.195545877
31.6,0.765078168
31.61,0.479711647
31.62,0.484756095
31.63,0.689068906
31.64,0.885096672
31.65,0.911667256
31.66,0.677158236
31.67,0.286171567
31.68,2.584886669
31.69,2.720889262
31.7,0.839026194
31.71,0.91027598
31.72,0.667017448
31.73,1.072585151
31.74,1.897472033
31.75,1.269731123
31.76,0.801304178
31.77,0.712591902
31.78,0.806998009
31.79,0.794707854
31.8,0.693575822
31.81,0.551738902
31.82,0.475445542
31.83,0.444368346
31.84,0.370510077
31.85,0.23902432
31.86,0.174267144
31.87,0.193499106
31.88,0.327720445
31.89,0.532685584
31.9,0.738984734
31.91,0.912192008
31.92,1.121456867
31.93,1.239346386
31.94,1.224185834
31.95,1.079713867
31.96,0.88449192
31.97,0.753734195
31.98,0.713422795
31.99,0.732351926
32,0.829543237
32.01,0.957430461
32.02,1.08615237
32.03,1.093089208
32.04,0.806837934
32.05,0.626938859
32.06,2.750721175
32.07,2.646067078
32.08,0.521446438
32.09,1.213505881
32.1,0.74062089
32.11,1.519039278
32.12,1.838011195
32.13,1.046463078
32.14,0.854781533
32.15,1.007390247
32.16,0.797284607
32.17,0.559717442
32.18,0.438299956
32.19,0.430711537
32.2,0.419706359
32.21,0.317253927
32.22,0.161966664
32.23,0.115716234
32.24,0.148399786
32.25,0.254799542
32.26,0.450324924
32.27,0.726091906
32.28,0.94946237
32.29,1.166478734
32.3,1.328953362
32.31,1.461182581
32.32,1.442447758
32.33,1.287714268
32.34,0.987724271
32.35,0.673936573
32.36,0.498965104
32.37,0.576695308
32.38,0.83844977
32.39,1.059921878
32.4,1.047024375
32.41,0.76843918
32.42,0.353302807
32.43,2.748482486
32.44,3.237127581
32.45,1.057675395
32.46,1.02711263
32.47,0.594142264
32.48,1.353534687
32.49,2.026109445
32.5,1.050057481
32.51,0.753486517
32.52,1.004580015
32.53,0.874120468
32.54,0.679247138
32.55,0.576510959
32.56,0.535623355
32.57,0.507651376
32.58,0.419961747
32.59,0.28445389
32.6,0.178223318
32.61,0.129719236
32.62,0.142074701
32.63,0.268166938
32.64,0.466488658
32.65,0.705284844
32.66,0.902848552
32.67,1.045942067
32.68,1.113242561
32.69,1.245470055
32.7,1.315874985
32.71,1.230561603
32.72,0.955823525
32.73,0.703840662
32.74,0.653200048
32.75,0.758119159
32.76,0.883515214
32.77,0.948600764
32.78,0.924774458
32.79,0.619700659
32.8,1.298055236
32.81,3.059088066
32.82,1.858834517
32.83,0.825554513
32.84,0.76853485
32.85,0.363169471
32.86,1.473653894
32.87,1.283069597
32.88,0.800946791
32.89,0.835943653
32.9,0.778025605
32.91,0.516615565
32.92,0.392271947
32.93,0.406769942
32.94,0.414896804
32.95,0.373017071
32.96,0.294483394
32.97,0.208964462
32.98,0.091561357
32.99,0.082095576
33,0.320371351
33.01,0.572610125
33.02,0.792554548
33.03,1.025845477
33.04,1.205560866
33.05,1.373919374
33.06,1.437069708
33.07,1.367037871
33.08,1.196470879
33.09,0.98102014
33.1,0.762952208
33.11,0.647004235
33.12,0.661399421
33.13,0.763670034
33.14,0.82803793
33.15,0.728768514
33.16,0.528489309
33.17,2.282615051
33.18,2.589835682
33.19,0.880916217
33.2,0.912730081
33.21,0.535220327
33.22,0.912597185
33.23,1.886199579
33.24,1.414315408
33.25,0.73124607
33.26,0.818501297
33.27,0.830152109
33.28,0.678269209
33.29,0.593832631
33.3,0.607362851
33.31,0.563559073
33.32,0.460516887
33.33,0.356175409
33.34,0.261917977
33.35,0.206619229
33.36,0.231640283
33.37,0.339931977
33.38,0.502849849
33.39,0.732426409
33.4,0.97713493
33.41,1.178863997
33.42,1.338552789
33.43,1.399123405
33.44,1.317440399
33.45,0.999544787
33.46,0.775339108
33.47,0.744636021
33.48,0.803526854
33.49,0.869805692
33.5,0.910889866
33.51,0.882796074
33.52,0.700284234
33.53,0.649350839
33.54,2.698292542
33.55,2.347544077
33.56,1.105946738
33.57,1.265973624
33.58,0.459814146
33.59,1.07411114
33.6,1.932082312
33.61,1.164098265
33.62,0.723734536
33.63,0.75442374
33.64,0.614602186
33.65,0.478681333
33.66,0.424083683
33.67,0.418212343
33.68,0.407522146
33.69,0.343723929
33.7,0.244156796
33.71,0.179082862
33.72,0.241875387
33.73,0.42266797
33.74,0.675625843
33.75,0.894325209
33.76,1.063407557
33.77,1.265856257
33.78,1.474309184
33.79,1.565000204
33.8,1.496603448
33.81,1.262668184
33.82,0.937545189
33.83,0.677604309
33.84,0.555913106
33.85,0.625896055
33.86,0.781837164
33.87,0.872547082
33.88,0.710737048
33.89,0.787891212
33.9,3.317377
33.91,2.511274422
33.92,0.537216411
33.93,0.934207034
33.94,0.642102809
33.95,1.711817644
33.96,1.756102701
33.97,0.945605809
33.98,0.666749634
33.99,0.60183116
34,0.682638283
34.01,0.713918801
34.02,0.607676553
34.03,0.589465001
34.04,0.568714368
34.05,0.459931413
34.06,0.303878235
34.07,0.192635329
34.08,0.29553123
34.09,0.555426449
34.1,0.828876249
34.11,1.066615086
34.12,1.25543204
34.13,1.33139173
34.14,1.334605742
34.15,1.228068762
34.16,1.05520714
34.17,0.911639855
34.18,0.779314891
34.19,0.731461673
34.2,0.78002654
34.21,0.909894261
34.22,1.037802275
34.23,1.070632033
34.24,0.816477791
34.25,0.473386122
34.26,3.017914698
34.27,3.101847736
34.28,1.256880627
34.29,1.0622879
34.3,0.137843908
34.31,1.343083022
34.32,1.677328211
34.33,0.969455551
34.34,0.791524843
34.35,0.836485077
34.36,0.639044071
34.37,0.503425015
34.38,0.515302954
34.39,0.534818504
34.4,0.46724238
34.41,0.390792144
34.42,0.305895408
34.43,0.188551171
34.44,0.177036474
34.45,0.466649632
34.46,0.749486447
34.47,1.002891796
34.48,1.19360508
34.49,1.329850513
34.5,1.381422698
34.51,1.359887156
34.52,1.251081367
34.53,1.096729895
34.54,0.891326767
34.55,0.764490869
34.56,0.74153199
34.57,0.831246636
34.58,0.979240224
34.59,1.055336608
34.6,1.008397778
34.61,0.665321838
34.62,1.154482494
34.63,3.606526397
34.64,2.45745383
34.65,0.557289482
34.66,0.938915513
34.67,1.044620205
34.68,1.896483527
34.69,1.825161531
34.7,1.028016998
34.71,0.723453413
34.72,0.709380285
34.73,0.64428209
34.74,0.60596705
34.75,0.582903733
34.76,0.506771618
34.77,0.433468291
34.78,0.368680683
34.79,0.25755961
34.8,0.154185711
34.81,0.178385035
34.82,0.381952469
34.83,0.693689689
34.84,1.025182982
34.85,1.234998051
34.86,1.323737309
34.87,1.327471714
34.88,1.214009168
34.89,0.926402387
34.9,0.713960596
34.91,0.701547955
34.92,0.830220067
34.93,0.953701464
34.94,1.056963166
34.95,1.127391975
34.96,1.117891974
34.97,0.908660285
34.98,0.194752985
34.99,2.509912615
35,3.454837208
35.01,1.928341433
35.02,1.356414099
35.03,0.422909511
35.04,1.352252772
35.05,1.740187392
35.06,1.07887825
35.07,0.833312746
35.08,0.76979906
35.09,0.623998689
35.1,0.405124438
35.11,0.351209623
35.12,0.365900429
35.13,0.32504132
35.14,0.299270661
35.15,0.30978629
35.16,0.283964227
35.17,0.297507692
35.18,0.518851656
35.19,0.836479289
35.2,1.075420803
35.21,1.378367815
35.22,1.595982472
35.23,1.609914564
35.24,1.474082278
35.25,1.302145938
35.26,0.947603074
35.27,0.679215773
35.28,0.638963782
35.29,0.791660804
35.3,0.948040887
35.31,0.988383486
35.32,0.820413931
35.33,0.357356237
35.34,3.19386862
35.35,2.934343472
35.36,0.986751018
35.37,0.994135706
35.38,0.64404716
35.39,1.623169008
35.4,2.165646782
35.41,1.223704863
35.42,0.772808685
35.43,0.879189506
35.44,1.025241224
35.45,0.892781672
35.46,0.786206183
35.47,0.696655598
35.48,0.596841117
35.49,0.477610529
35.5,0.325338617
35.51,0.257228013
35.52,0.375103714
35.53,0.610149537
35.54,0.909561055
35.55,0.99313732
35.56,1.074917611
35.57,1.203597408
35.58,1.255668321
35.59,1.18807414
35.6,1.015199926
35.61,0.800424564
35.62,0.648663598
35.63,0.670936771
35.64,0.757026107
35.65,0.913407369
35.66,1.097370439
35.67,1.15513944
35.68,0.927335173
35.69,0.451701795
35.7,2.319159475
35.71,2.96385802
35.72,1.425696387
35.73,0.510668449
35.74,0.776853976
35.75,1.329607389
35.76,1.304506045
35.77,0.918040609
35.78,0.569308725
35.79,0.405523286
35.8,0.347397978
35.81,0.382244667
35.82,0.447709075
35.83,0.508397861
35.84,0.528853678
35.85,0.295821822
35.86,0.054036538
35.87,0.333076558
35.88,0.539932833
35.89,0.777911484
35.9,0.981939913
35.91,1.073237461
35.92,1.126133846
35.93,1.181569643
35.94,1.27167015
35.95,1.23908854
35.96,1.061275612
35.97,0.906502909
35.98,0.874499968
35.99,0.858417122
36,0.840542348
36.01,0.821319064
36.02,0.740173436
36.03,0.513075965
36.04,0.4015608
36.05,1.610083663
36.06,2.777776516
36.07,2.499891568
36.08,0.929342169
36.09,1.193120235
36.1,0.811789149
36.11,1.731002528
36.12,1.858096901
36.13,1.220258325
36.14,1.167285261
36.15,0.953426823
36.16,0.727516485
36.17,0.626398501
36.18,0.473040162
36.19,0.368291446
36.2,0.253506122
36.21,0.157893518
36.22,0.196568006
36.23,0.257964573
36.24,0.315018183
36.25,0.457894544
36.26,0.63602906
36.27,0.933292796
36.28,1.094783843
36.29,1.268656404
36.3,1.388559639
36.31,1.391678713
36.32,1.312247499
36.33,1.14641156
36.34,0.829792204
36.35,0.47187615
36.36,0.380203516
36.37,0.640648436
36.38,1.007525435
36.39,1.006072495
36.4,0.606757582
36.41,2.312092866
36.42,2.716526233
36.43,1.320904831
36.44,1.11490936
36.45,0.289660723
36.46,1.032250315
36.47,1.353235979
36.48,0.88675056
36.49,0.927612877
36.5,0.992848946
36.51,0.722323683
36.52,0.51967031
36.53,0.544001816
36.54,0.545617826
36.55,0.458761941
36.56,0.388295719
36.57,0.298443727
36.58,0.173173447
36.59,0.164933408
36.6,0.392981597
36.61,0.653845326
36.62,0.911132801
36.63,1.149986574
36.64,1.293639523
36.65,1.328438337
36.66,1.383708421
36.67,1.380423179
36.68,1.287545243
36.69,1.097321217
36.7,0.946101499
36.71,0.790802971
36.72,0.673873833
36.73,0.682903409
36.74,0.80879302
36.75,0.87304525
36.76,0.645010457
36.77,1.101706207
36.78,2.739648628
36.79,2.231601607
36.8,0.927162651
36.81,0.959965488
36.82,0.805079497
36.83,1.559422095
36.84,2.00665286
36.85,1.195236255
36.86,0.919086103
36.87,1.011783849
36.88,0.857542791
36.89,0.640348355
36.9,0.50342704
36.91,0.403264979
36.92,0.349355338
36.93,0.299756436
36.94,0.233070823
36.95,0.140318344
36.96,0.133495855
36.97,0.319602088
36.98,0.518427764
36.99,0.713825273
37,0.895626488
37.01,1.059210089
37.02,1.199325344
37.03,1.262044946
37.04,1.243111608
37.05,1.137564976
37.06,0.980353421
37.07,0.848525395
37.08,0.729444606
37.09,0.597241406
37.1,0.653642045
37.11,0.80141754
37.12,0.960950088
37.13,0.944656364
37.14,0.434891103
37.15,1.608381944
37.16,3.080693095
37.17,2.121663913
37.18,1.056392365
37.19,0.666075369
37.2,0.667065701
37.21,1.62403579
37.22,1.349765019
37.23,0.824349963
37.24,0.898027175
37.25,0.879868347
37.26,0.647037704
37.27,0.493051461
37.28,0.475026704
37.29,0.454055415
37.3,0.397779164
37.31,0.332788035
37.32,0.265219925
37.33,0.153336861
37.34,0.123649041
37.35,0.282764173
37.36,0.49974457
37.37,0.705796223
37.38,0.937909117
37.39,1.178734244
37.4,1.332949688
37.41,1.443923501
37.42,1.386334567
37.43,1.264959172
37.44,1.103502749
37.45,0.902117283
37.46,0.705385856
37.47,0.594567883
37.48,0.584051678
37.49,0.647622282
37.5,0.605007531
37.51,1.07936234
37.52,2.237940516
37.53,1.610368652
37.54,0.690876967
37.55,0.414647534
37.56,0.773411481
37.57,0.658214086
37.58,1.480094617
37.59,1.400291064
37.6,0.923307489
37.61,0.806433019
37.62,0.864888773
37.63,0.82986307
37.64,0.711715943
37.65,0.548729998
37.66,0.403623911
37.67,0.373999166
37.68,0.3165152
37.69,0.208013903
37.7,0.197235643
37.71,0.261259584
37.72,0.35703316
37.73,0.523173136
37.74,0.721441761
37.75,0.947871186
37.76,1.141386278
37.77,1.257647384
37.78,1.259183095
37.79,1.185878278
37.8,0.976765266
37.81,0.813963511
37.82,0.704161711
37.83,0.643843463
37.84,0.715032528
37.85,0.890991873
37.86,1.041214607
37.87,1.047156252
37.88,0.81345037
37.89,0.793801695
37.9,3.110847161
37.91,2.798482286
37.92,1.46370614
37.93,1.233388878
37.94,0.087611612
37.95,1.469934982
37.96,1.564491675
37.97,0.803838606
37.98,0.70659359
37.99,0.814744814
38,0.59380718
38.01,0.461480287
38.02,0.433428608
38.03,0.44068809
38.04,0.458504491
38.05,0.3633537
38.06,0.231527289
38.07,0.154802426
38.08,0.150155979
38.09,0.238917587
38.1,0.426930488
38.11,0.670850333
38.12,0.947709527
38.13,1.205484825
38.14,1.394603948
38.15,1.425164452
38.16,1.378639385
38.17,1.228274211
38.18,0.913852552
38.19,0.681949745
38.2,0.568665446
38.21,0.653671741
38.22,0.78996016
38.23,0.891085453
38.24,0.938786166
38.25,0.722634608
38.26,0.529005282
38.27,1.975283086
38.28,2.055028736
38.29,0.995710307
38.3,0.40342134
38.31,0.687987717
38.32,1.232545257
38.33,1.943089823
38.34,1.355091326
38.35,0.920162145
38.36,1.020875319
38.37,0.972806952
38.38,0.706386708
38.39,0.670193427
38.4,0.618467468
38.41,0.510640693
38.42,0.369845528
38.43,0.291030793
38.44,0.220746879
38.45,0.171648525
38.46,0.086309763
38.47,0.123358384
38.48,0.333736812
38.49,0.591763914
38.5,0.855949859
38.51,1.106169326
38.52,1.241877544
38.53,1.287999794
38.54,1.183261549
38.55,0.990763598
38.56,0.823908234
38.57,0.764354223
38.58,0.765472927
38.59,0.821550198
38.6,0.918426488
38.61,1.015838387
38.62,1.012646982
38.63,0.766080648
38.64,0.080561542
38.65,2.643934506
38.66,2.809772597
38.67,1.399751068
38.68,0.71554294
38.69,0.435164916
38.7,1.059718742
38.71,1.320399298
38.72,1.136503004
38.73,0.895199834
38.74,0.709998161
38.75,0.478078739
38.76,0.297487158
38.77,0.316105139
38.78,0.399732193
38.79,0.393642327
38.8,0.338761907
38.81,0.237769486
38.82,0.136592135
38.83,0.268800852
38.84,0.494560108
38.85,0.841310861
38.86,1.091532564
38.87,1.24128999
38.88,1.316223937
38.89,1.36790024
38.9,1.427016072
38.91,1.330039462
38.92,1.004742007
38.93,0.744360326
38.94,0.685483952
38.95,0.743693859
38.96,0.815256072
38.97,0.849287592
38.98,0.73168526
38.99,0.251137108
39,1.901569341
39.01,3.162431509
39.02,1.038037584
39.03,0.818287464
39.04,0.69748722
39.05,1.36107791
39.06,1.615999893
39.07,1.095639468
39.08,0.877985522
39.09,0.90598064
39.1,0.748438945
39.11,0.706986256
39.12,0.647237079
39.13,0.547276049
39.14,0.464008139
39.15,0.446445023
39.16,0.383893049
39.17,0.280455602
39.18,0.148677233
39.19,0.22326651
39.2,0.467785573
39.21,0.742540698
39.22,0.976737029
39.23,1.128650275
39.24,1.187927764
39.25,1.237862215
39.26,1.180925804
39.27,0.988715644
39.28,0.849787258
39.29,0.79732775
39.3,0.819098298
39.31,0.893546851
39.32,0.968786599
39.33,1.015798585
39.34,1.020329315
39.35,0.798077678
39.36,0.252318949
39.37,2.629576316
39.38,2.875301752
39.39,1.355065167
39.4,0.772890135
39.41,0.402715069
39.42,1.300151431
39.43,1.515632249
39.44,1.024551797
39.45,0.819880812
39.46,0.755980524
39.47,0.57570879
39.48,0.402115537
39.49,0.43903111
39.5,0.442723637
39.51,0.357663668
39.52,0.216641649
39.53,0.121350565
39.54,0.110660221
39.55,0.313166054
39.56,0.613242172
39.57,0.881232817
39.58,1.098583519
39.59,1.30948851
39.6,1.39357992
39.61,1.40651304
39.62,1.411352334
39.63,1.272333109
39.64,0.981691312
39.65,0.636830662
39.66,0.436425909
39.67,0.579859554
39.68,0.866017783
39.69,1.058328714
39.7,1.004764219
39.71,0.557610786
39.72,0.947362359
39.73,2.647673958
39.74,1.856475665
39.75,0.667498695
39.76,0.396997582
39.77,1.054696064
39.78,1.783458001
39.79,1.320773785
39.8,0.897969955
39.81,1.00958285
39.82,1.019620205
39.83,0.697506696
39.84,0.536412308
39.85,0.492296425
39.86,0.438717223
39.87,0.381978716
39.88,0.293209302
39.89,0.169027697
39.9,0.085820905
39.91,0.244845984
39.92,0.488594627
39.93,0.687677393
39.94,0.847809403
39.95,1.061035387
39.96,1.189988099
39.97,1.215842553
39.98,1.142259422
39.99,1.002636862
40,0.85234702
40.01,0.777464295
40.02,0.76835258
40.03,0.851168042
40.04,1.016215488
40.05,1.083541805
40.06,1.043758457
40.07,0.623882077
40.08,1.154946938
40.09,3.272758869
40.1,2.006366569
40.11,1.004749164
40.12,0.257088797
40.13,0.850751974
40.14,1.394950622
40.15,1.136413289
40.16,0.912292306
40.17,0.923990284
40.18,0.628665582
40.19,0.46069065
40.2,0.493003309
40.21,0.512194061
40.22,0.460548352
40.23,0.391975832
40.24,0.291120503
40.25,0.178952449
40.26,0.22383981
40.27,0.495449644
40.28,0.761793897
40.29,1.011969964
40.3,1.222389082
40.31,1.349212803
40.32,1.42074037
40.33,1.435500404
40.34,1.419080209
40.35,1.265125744
40.36,0.972844846
40.37,0.653193147
40.38,0.507748553
40.39,0.654629091
40.4,0.930696596
40.41,1.057779518
40.42,1.001057758
40.43,0.706986867
40.44,1.32265052
40.45,2.884905689
40.46,2.191735786
40.47,0.483089927
40.48,0.767632747
40.49,1.009903031
40.5,1.866403363
40.51,1.490801687
40.52,0.926203369
40.53,0.917152693
40.54,0.898260929
40.55,0.705892216
40.56,0.5912507
40.57,0.550727377
40.58,0.464206156
40.59,0.36496731
40.6,0.264439662
40.61,0.171053183
40.62,0.03878668
40.63,0.151871693
40.64,0.434399682
40.65,0.728577327
40.66,0.960700682
40.67,1.118024667
40.68,1.239621701
40.69,1.308861727
40.7,1.119479143
40.71,0.826397142
40.72,0.624785717
40.73,0.594202416
40.74,0.722441833
40.75,0.884848874
40.76,1.009663943
40.77,1.127754322
40.78,1.095553445
40.79,0.641323636
40.8,1.165784929
40.81,2.850461041
40.82,2.158234176
40.83,0.918670778
40.84,0.543773619
40.85,0.76144491
40.86,1.394822473
40.87,1.487874327
40.88,0.93436289
40.89,0.810739374
40.9,0.638104652
40.91,0.454658783
40.92,0.437044552
40.93,0.432547683
40.94,0.292149627
40.95,0.191885438
40.96,0.15818325
40.97,0.123970748
40.98,0.204540432
40.99,0.518084256
41,0.84926736
41.01,1.101961374
41.02,1.291261551
41.03,1.382854909
41.04,1.461947164
41.05,1.465079999
41.06,1.384745629
41.07,1.102599689
41.08,0.707834626
41.09,0.407104702
41.1,0.547794952
41.11,0.974012496
41.12,1.135458678
41.13,1.026184448
41.14,0.50727819
41.15,1.572333975
41.16,3.315814959
41.17,1.941556079
41.18,0.642984648
41.19,0.533670421
41.2,1.675749703
41.21,1.629600479
41.22,0.962878308
41.23,1.008953864
41.24,1.054126328
41.25,0.74634458
41.26,0.551713936
41.27,0.531645618
41.28,0.455281547
41.29,0.318945271
41.3,0.257438442
41.31,0.226632776
41.32,0.14509219
41.33,0.288784734
41.34,0.53947464
41.35,0.803445907
41.36,1.109125899
41.37,1.35042081
41.38,1.409300069
41.39,1.292185233
41.4,1.079431715
41.41,0.862896257
41.42,0.731671484
41.43,0.668628309
41.44,0.674580959
41.45,0.767055636
41.46,0.893871544
41.47,1.017237744
41.48,0.978192976
41.49,0.698113371
41.5,2.119323799
41.51,2.960587294
41.52,1.046409705
41.53,0.697852144
41.54,0.467141988
41.55,0.871707861
41.56,1.428898866
41.57,1.168418678
41.58,1.000323993
41.59,1.027738733
41.6,0.793188174
41.61,0.520787114
41.62,0.446560847
41.63,0.446580459
41.64,0.382590774
41.65,0.294003699
41.66,0.216978028
41.67,0.181720172
41.68,0.287438459
41.69,0.552484858
41.7,0.852051662
41.71,1.051641392
41.72,1.257894431
41.73,1.381267554
41.74,1.371074284
41.75,1.454835878
41.76,1.5079535
41.77,1.314207706
41.78,0.905426313
41.79,0.533161142
41.8,0.309744059
41.81,0.476643483
41.82,0.891411722
41.83,1.153233389
41.84,1.274794086
41.85,1.015095309
41.86,1.223458802
41.87,2.915928965
41.88,3.555405257
41.89,1.277851396
41.9,1.031539575
41.91,0.726157002
41.92,1.711924931
41.93,1.506855136
41.94,1.030377918
41.95,0.849751504
41.96,0.852530316
41.97,0.652237968
41.98,0.512410414
41.99,0.4984925
42,0.466100174
42.01,0.351556445
42.02,0.225770138
42.03,0.165172312
42.04,0.177714895
42.05,0.255676504
42.06,0.450336647
42.07,0.648994144
42.08,0.916276041
42.09,1.125697289
42.1,1.180933808
42.11,1.171158165
42.12,1.166157234
42.13,1.102335794
42.14,0.906494459
42.15,0.7516721
42.16,0.635697894
42.17,0.689458447
42.18,0.952394437
42.19,1.10031704
42.2,1.169626891
42.21,1.18564666
42.22,0.944042909
42.23,1.00582883
42.24,3.139230347
42.25,3.356146969
42.26,1.07619486
42.27,0.963798071
42.28,0.54516935
42.29,1.405007895
42.3,1.611066971
42.31,1.058234717
42.32,0.79330434
42.33,0.761910641
42.34,0.578723398
42.35,0.489527558
42.36,0.470139862
42.37,0.370551864
42.38,0.300587113
42.39,0.223566166
42.4,0.14249641
42.41,0.130753052
42.42,0.31036148
42.43,0.638183924
42.44,1.011164437
42.45,1.282524321
42.46,1.457356589
42.47,1.543103262
42.48,1.570686826
42.49,1.638660392
42.5,1.592683034
42.51,1.142460065
42.52,0.640984996
42.53,0.209359423
42.54,0.201447389
42.55,0.478013051
42.56,0.79832998
42.57,0.985344211
42.58,0.895515345
42.59,0.221610055
42.6,3.087195546
42.61,3.3897562
42.62,1.054383342
42.63,1.146453738
42.64,0.510592755
42.65,1.946387968
42.66,1.709262479
42.67,0.809428195
42.68,1.103652508
42.69,1.121506683
42.7,0.745058799
42.71,0.517257303
42.72,0.538151719
42.73,0.551540954
42.74,0.513722682
42.75,0.405966454
42.76,0.244220578
42.77,0.168401447
42.78,0.282442174
42.79,0.541096142
42.8,0.661339458
42.81,0.886157122
42.82,1.075210047
42.83,1.218604676
42.84,1.230803244
42.85,1.207044668
42.86,1.153318303
42.87,1.02577004
42.88,0.817347357
42.89,0.702584859
42.9,0.726782161
42.91,0.893459996
42.92,0.989631465
42.93,1.116100833
42.94,1.120464897
42.95,0.747847181
42.96,1.429785662
42.97,3.366698431
42.98,2.904837283
42.99,0.844743156
43,0.783415874
43.01,0.712917319
43.02,1.720573294
43.03,1.409966039
43.04,0.883586952
43.05,0.739658025
43.06,0.596714847
43.07,0.36445574
43.08,0.349449137
43.09,0.419848615
43.1,0.391770337
43.11,0.363944322
43.12,0.297573589
43.13,0.148354612
43.14,0.196234781
43.15,0.476600265
43.16,0.771670758
43.17,1.100492595
43.18,1.296943814
43.19,1.41030569
43.2,1.440067799
43.21,1.405912207
43.22,1.377886116
43.23,1.231440047
43.24,0.879912039
43.25,0.504399766
43.26,0.404087167
43.27,0.627899006
43.28,0.992873411
43.29,1.187604885
43.3,1.156829396
43.31,0.936049172
43.32,0.41001513
43.33,2.67115392
43.34,3.994099882
43.35,1.233325626
43.36,1.068212594
43.37,0.813780348
43.38,2.292016738
43.39,2.17812168
43.4,1.276077565
43.41,0.951472485
43.42,0.859831442
43.43,0.630795316
43.44,0.467949004
43.45,0.44692711
43.46,0.505114712
43.47,0.449560159
43.48,0.307441568
43.49,0.126145227
43.5,0.223951333
43.51,0.399021414
43.52,0.595799038
43.53,0.85440202
43.54,1.088079829
43.55,1.304633254
43.56,1.342988692
43.57,1.277497239
43.58,1.206932202
43.59,1.064505626
43.6,0.88572928
43.61,0.726464472
43.62,0.709381857
43.63,0.856534301
43.64,1.089089031
43.65,1.15225035
43.66,1.101699073
43.67,0.850203149
43.68,0.425520593
43.69,2.618964401
43.7,3.361215026
43.71,1.620878591
43.72,1.066905301
43.73,0.476460503
43.74,1.567044695
43.75,1.776461742
43.76,1.012127337
43.77,0.907391509
43.78,0.816200016
43.79,0.584684469
43.8,0.472321457
43.81,0.476858994
43.82,0.413352817
43.83,0.323470364
43.84,0.252307426
43.85,0.199069503
43.86,0.21715898
43.87,0.411913609
43.88,0.686286603
43.89,1.01785356
43.9,1.222427515
43.91,1.393722486
43.92,1.49870554
43.93,1.513443357
43.94,1.436888999
43.95,1.218336605
43.96,0.933519545
43.97,0.662298303
43.98,0.435674044
43.99,0.512137504
44,0.838741478
44.01,1.013965913
44.02,0.854414357
44.03,0.432935603
44.04,2.162343734
44.05,2.852408008
44.06,1.126834804
44.07,0.809595342
44.08,0.29546015
44.09,2.008971038
44.1,1.932165136
44.11,0.988327472
44.12,1.091575605
44.13,1.157540415
44.14,0.796231821
44.15,0.564024463
44.16,0.503593185
44.17,0.455692459
44.18,0.332111682
44.19,0.230685385
44.2,0.185849782
44.21,0.161017555
44.22,0.270583865
44.23,0.496652687
44.24,0.706792083
44.25,0.904333251
44.26,1.197208201
44.27,1.355151901
44.28,1.375970035
44.29,1.225498728
44.3,1.043173864
44.31,0.8844584
44.32,0.779330656
44.33,0.723947297
44.34,0.746011707
44.35,0.863171619
44.36,1.015421094
44.37,1.116568084
44.38,1.181024567
44.39,0.985406381
44.4,0.634624352
44.41,3.332554728
44.42,3.46444773
44.43,0.852663727
44.44,0.686093039
44.45,0.772134821
44.46,1.813852268
44.47,1.41048942
44.48,1.12566492
44.49,1.01333664
44.5,0.655679079
44.51,0.559919399
44.52,0.571267056
44.53,0.494124471
44.54,0.435254781
44.55,0.384457545
44.56,0.250601808
44.57,0.12101909
44.58,0.284380659
44.59,0.57943921
44.6,0.84418505
44.61,1.082961396
44.62,1.28450427
44.63,1.468112819
44.64,1.541631975
44.65,1.559811072
44.66,1.391066317
44.67,1.085965401
44.68,0.817997206
44.69,0.576584155
44.7,0.488683017
44.71,0.582540204
44.72,0.784831499
44.73,1.008423272
44.74,1.051656312
44.75,0.877138423
44.76,0.597027101
44.77,2.290289912
44.78,3.233181085
44.79,0.829342789
44.8,0.876727438
44.81,1.211020046
44.82,2.127370759
44.83,1.371142245
44.84,1.193895331
44.85,1.252051793
44.86,0.87408165
44.87,0.637255377
44.88,0.613247415
44.89,0.6090499
44.9,0.494691999
44.91,0.381991872
44.92,0.241823016
44.93,0.114944328
44.94,0.203770459
44.95,0.445558354
44.96,0.729398741
44.97,1.006112718
44.98,1.175354493
44.99,1.297627271
45,1.313985332
45.01,1.207088723
45.02,1.025975152
45.03,0.887519207
45.04,0.791563161
45.05,0.733596157
45.06,0.763815127
45.07,0.852327916
45.08,0.934930554
45.09,1.031024173
45.1,1.021673574
45.11,0.651019828
45.12,1.267751378
45.13,3.637321331
45.14,2.403715017
45.15,0.84481856
45.16,0.572979062
45.17,0.801137439
45.18,1.739575671
45.19,1.235144999
45.2,0.941007398
45.21,0.975717719
45.22,0.681131926
45.23,0.485015176
45.24,0.566793437
45.25,0.548649814
45.26,0.413931261
45.27,0.329522826
45.28,0.232435506
45.29,0.138554841
45.3,0.308935365
45.31,0.590068913
45.32,0.83638635
45.33,1.117739153
45.34,1.350433083
45.35,1.44254436
45.36,1.52634202
45.37,1.499484892
45.38,1.208680319
45.39,0.854055786
45.4,0.565495847
45.41,0.375270095
45.42,0.44221742
45.43,0.665984122
45.44,0.911313487
45.45,0.978457877
45.46,0.489620907
45.47,1.58339588
45.48,3.378259801
45.49,1.468736232
45.5,0.900953063
45.51,0.488730731
45.52,1.614353617
45.53,1.949711677
45.54,1.176293156
45.55,1.091864803
45.56,1.201777532
45.57,0.864281782
45.58,0.756404096
45.59,0.713772681
45.6,0.609698026
45.61,0.451940441
45.62,0.334010896
45.63,0.227730414
45.64,0.141292623
45.65,0.27046186
45.66,0.467988009
45.67,0.726102253
45.68,0.954065887
45.69,1.198719338
45.7,1.330239162
45.71,1.301051169
45.72,1.190782677
45.73,1.010035005
45.74,0.883174357
45.75,0.832736176
45.76,0.824612046
45.77,0.873134583
45.78,1.005411303
45.79,1.116360608
45.8,1.150561906
45.81,0.936917312
45.82,0.385682715
45.83,2.559781418
45.84,3.602439562
45.85,1.512465702
45.86,0.609022577
45.87,0.369753116
45.88,1.436404435
45.89,1.622585381
45.9,1.097867872
45.91,1.012191967
45.92,0.756638861
45.93,0.483297202
45.94,0.396806138
45.95,0.456667575
45.96,0.476979746
45.97,0.41049948
45.98,0.291059851
45.99,0.250138984
46,0.309702525
46.01,0.52849186
46.02,0.789448745
46.03,1.030747084
46.04,1.237775954
46.05,1.39957934
46.06,1.496782013
46.07,1.522363279
46.08,1.42947342
46.09,1.116887474
46.1,0.724050451
46.11,0.473415179
46.12,0.516877325
46.13,0.7498164
46.14,0.973408376
46.15,1.1013015
46.16,0.97272382
46.17,0.457038468
46.18,1.911956014
46.19,3.076742684
46.2,1.272414411
46.21,0.599734175
46.22,0.68189231
46.23,1.984614511
46.24,1.814412656
46.25,1.015476477
46.26,1.124220636
46.27,0.983811462
46.28,0.664058314
46.29,0.606739612
46.3,0.607087765
46.31,0.527127144
46.32,0.345838019
46.33,0.221587345
46.34,0.137205579
46.35,0.169801028
46.36,0.357738602
46.37,0.60762229
46.38,0.878224739
46.39,1.106586871
46.4,1.272366442
46.41,1.340774868
46.42,1.225626128
46.43,0.985330681
46.44,0.788337292
46.45,0.656502731
46.46,0.730800339
46.47,0.881442476
46.48,1.000121424
46.49,1.099795265
46.5,1.12528084
46.51,1.006283692
46.52,0.519362203
46.53,2.273725684
46.54,3.178715123
46.55,2.007254861
46.56,1.16379731
46.57,0.305408154
46.58,1.146869449
46.59,1.833173857
46.6,1.21757115
46.61,1.090409353
46.62,0.973652074
46.63,0.577389453
46.64,0.377370759
46.65,0.445730374
46.66,0.41313344
46.67,0.313051365
46.68,0.191004324
46.69,0.130938049
46.7,0.192938898
46.71,0.373251413
46.72,0.618843824
46.73,0.950307622
46.74,1.157356824
46.75,1.283149334
46.76,1.371750205
46.77,1.485553798
46.78,1.639289826
46.79,1.613393437
46.8,1.282321132
46.81,0.882006276
46.82,0.514306365
46.83,0.393221971
46.84,0.73485177
46.85,1.033467237
46.86,1.058223414
46.87,0.939029159
46.88,0.49311599
46.89,3.479396386
46.9,3.25219352
46.91,0.774713573
46.92,0.936959472
46.93,1.43327543
46.94,2.081644122
46.95,1.415449441
46.96,1.179056484
46.97,1.102569816
46.98,0.847552038
46.99,0.793011233
47,0.738275511
47.01,0.632701301
47.02,0.528622201
47.03,0.444504236
47.04,0.325860968
47.05,0.177141303
47.06,0.069701475
47.07,0.318937029
47.08,0.611155558
47.09,0.877445949
47.1,1.163806891
47.11,1.357794727
47.12,1.419797049
47.13,1.387646837
47.14,1.212851939
47.15,0.970252927
47.16,0.740959013
47.17,0.640128705
47.18,0.678614186
47.19,0.7759088
47.2,0.985371795
47.21,1.0532376
47.22,1.015336278
47.23,0.382015773
47.24,1.926931069
47.25,3.222912514
47.26,1.555260304
47.27,0.980751248
47.28,0.375024332
47.29,1.664226438
47.3,1.653407053
47.31,1.074976186
47.32,1.036938598
47.33,0.882108812
47.34,0.625796032
47.35,0.554842678
47.36,0.559065405
47.37,0.503580694
47.38,0.405464689
47.39,0.26014914
47.4,0.083498776
47.41,0.142369377
47.42,0.453392715
47.43,0.681301868
47.44,0.981853562
47.45,1.192897717
47.46,1.306765217
47.47,1.361036172
47.48,1.405177009
47.49,1.403534988
47.5,1.277127912
47.51,1.047472527
47.52,0.838778863
47.53,0.665848708
47.54,0.648338794
47.55,0.764979195
47.56,0.925319007
47.57,0.970532321
47.58,0.658848752
47.59,1.274717447
47.6,2.396321235
47.61,2.313836283
47.62,0.712926035
47.63,1.027546141
47.64,1.025658174
47.65,2.125690934
47.66,1.573098303
47.67,0.903771289
47.68,1.043062387
47.69,0.858445035
47.7,0.707044449
47.71,0.644737647
47.72,0.580538752
47.73,0.490149459
47.74,0.374495427
47.75,0.273508635
47.76,0.175947815
47.77,0.054564222
47.78,0.221381291
47.79,0.533373812
47.8,0.828321371
47.81,1.144197512
47.82,1.32786377
47.83,1.338852674
47.84,1.276461633
47.85,1.124722693
47.86,0.930568256
47.87,0.733382609
47.88,0.674235533
47.89,0.77659548
47.9,0.994191335
47.91,1.044585248
47.92,1.05922231
47.93,1.075607384
47.94,0.811163607
47.95,0.636220016
47.96,3.28165695
47.97,3.06493606
47.98,1.276243864
47.99,0.815402079
48,0.479589755
48.01,1.838789733
48.02,1.536657017
48.03,0.939024541
48.04,0.913225727
48.05,0.748888197
48.06,0.418748382
48.07,0.429054211
48.08,0.494242804
48.09,0.4294912
48.1,0.371915129
48.11,0.356139885
48.12,0.242431083
48.13,0.263158504
48.14,0.600281745
48.15,0.96287742
48.16,1.185760685
48.17,1.329047586
48.18,1.373503103
48.19,1.489184226
48.2,1.57425385
48.21,1.551980344
48.22,1.287526563
48.23,0.88710244
48.24,0.471344535
48.25,0.357219536
48.26,0.669161589
48.27,1.006768666
48.28,1.144542797
48.29,1.102863969
48.3,0.901869803
48.31,0.624849584
48.32,3.722120765
48.33,3.198465027
48.34,0.650269498
48.35,0.982128879
48.36,1.301686696
48.37,2.05155964
48.38,1.26630676
48.39,0.952050915
48.4,1.133642342
48.41,1.021485103
48.42,0.809870542
48.43,0.674566819
48.44,0.656546738
48.45,0.667651481
48.46,0.569176486
48.47,0.381256942
48.48,0.129450698
48.49,0.179862517
48.5,0.395986498
48.51,0.636964312
48.52,0.880747306
48.53,1.13815059
48.54,1.336131467
48.55,1.309536693
48.56,1.15126942
48.57,1.015533129
48.58,0.875738572
48.59,0.789275128
48.6,0.77188302
48.61,0.822871185
48.62,0.907659976
48.63,1.013953039
48.64,1.123877988
48.65,1.174858336
48.66,1.037008717
48.67,0.50761523
48.68,2.133126049
48.69,3.527960243
48.7,1.755690693
48.71,0.69353089
48.72,0.2165051
48.73,0.832967837
48.74,1.414845861
48.75,1.106829931
48.76,0.896327174
48.77,0.939744223
48.78,0.723838746
48.79,0.492200044
48.8,0.506342638
48.81,0.55309114
48.82,0.449925702
48.83,0.317859943
48.84,0.194757509
48.85,0.091232668
48.86,0.097815046
48.87,0.366978332
48.88,0.664045114
48.89,0.993355513
48.9,1.169534248
48.91,1.300209171
48.92,1.440787829
48.93,1.489848686
48.94,1.42325907
48.95,1.248684294
48.96,0.917424645
48.97,0.612469872
48.98,0.480198131
48.99,0.678201665
49,0.951448559
49.01,1.109997617
49.02,1.022087083
49.03,0.461970818
49.04,1.377174127
49.05,3.168250153
49.06,2.080226997
49.07,0.638584303
49.08,0.476253891
49.09,1.358451317
49.1,1.874939326
49.11,1.218221947
49.12,1.102372211
49.13,1.149087274
49.14,0.943013705
49.15,0.667330981
49.16,0.556276286
49.17,0.544366948
49.18,0.507413142
49.19,0.428539634
49.2,0.330318555
49.21,0.189775059
49.22,0.114081084
49.23,0.328697181
49.24,0.592021843
49.25,0.914602746
49.26,1.195576745
49.27,1.303377091
49.28,1.313552344
49.29,1.26457178
49.3,1.171632002
49.31,1.020620619
49.32,0.77410583
49.33,0.679239511
49.34,0.851860542
49.35,1.063480222
49.36,1.113915438
49.37,1.151416883
49.38,1.140563922
49.39,0.824006817
49.4,0.526626469
49.41,3.402265535
49.42,3.044073598
49.43,0.917496861
49.44,0.773876394
49.45,0.461382965
49.46,1.505431606
49.47,1.409390215
49.48,0.893885506
49.49,0.955231966
49.5,0.793076464
49.51,0.432231007
49.52,0.363660558
49.53,0.492002689
49.54,0.534758386
49.55,0.471540288
49.56,0.331611588
49.57,0.168126414
49.58,0.139399759
49.59,0.370851392
49.6,0.663740786
49.61,0.959393855
49.62,1.194662605
49.63,1.378610617
49.64,1.480196275
49.65,1.518173148
49.66,1.478882505
49.67,1.296107897
49.68,0.970921402
49.69,0.702185788
49.7,0.562906001
49.71,0.609919561
49.72,0.779273286
49.73,0.969333852
49.74,1.057468642
49.75,0.975471793
49.76,0.45959148
49.77,2.5437985
49.78,3.524802682
49.79,1.735924976
49.8,0.624866423
49.81,0.412289289
49.82,1.617803658
49.83,2.103654726
49.84,0.995406449
49.85,0.95890669
49.86,0.955600564
49.87,0.686267366
49.88,0.493502721
49.89,0.457989678
49.9,0.44280936
49.91,0.376836779
49.92,0.283559064
49.93,0.179652295
49.94,0.127794468
49.95,0.289234325
49.96,0.478993898
49.97,0.731661742
49.98,0.915085612
49.99,1.080184758
50,1.23499403
50.01,1.245324907
50.02,1.186420708
50.03,1.003148213
50.04,0.863178099
50.05,0.825756578
50.06,0.79733767
50.07,0.815801452
50.08,0.885361869
50.09,0.991796471
50.1,1.132995206
50.11,1.099956505
50.12,0.486127526
50.13,2.475666031
50.14,3.84086588
50.15,1.845273871
50.16,1.115534841
50.17,0.294007616
50.18,0.903352329
50.19,1.641685699
50.2,1.290942759
50.21,0.85964667
50.22,0.951960536
50.23,0.772949455
50.24,0.460336657
50.25,0.42454492
50.26,0.526982964
50.27,0.532381406
50.28,0.400301899
50.29,0.293751009
50.3,0.184685829
50.31,0.107897898
50.32,0.271580518
50.33,0.504116186
50.34,0.808418136
50.35,1.087725863
50.36,1.284776406
50.37,1.431237043
50.38,1.421721986
50.39,1.429209977
50.4,1.392517121
50.41,1.040238411
50.42,0.647905236
50.43,0.409715868
50.44,0.480650825
50.45,0.785360614
50.46,1.018718253
50.47,1.048966497
50.48,0.735230936
50.49,0.655835201
50.5,3.075215344
50.51,3.077677461
50.52,0.601557193
50.53,1.003993034
50.54,0.608457066
50.55,2.108112668
50.56,1.619936645
50.57,0.778946163
50.58,0.723454154
50.59,0.81850997
50.6,0.766140803
50.61,0.574751481
50.62,0.516823187
50.63,0.524935024
50.64,0.48778968
50.65,0.378921763
50.66,0.227711871
50.67,0.121671164
50.68,0.300450834
50.69,0.51422762
50.7,0.706231859
50.71,0.943300502
50.72,1.154748831
50.73,1.302826651
50.74,1.392113209
50.75,1.48740152
50.76,1.334559669
50.77,1.027770371
50.78,0.778718937
50.79,0.63087751
50.8,0.684090824
50.81,0.876163177
50.82,1.031779588
50.83,1.156214639
50.84,1.088013119
50.85,0.33283646
50.86,2.068543054
50.87,3.039431619
50.88,1.544579412
50.89,0.661361103
50.9,0.432306439
50.91,0.843082171
50.92,1.348244137
50.93,1.093239655
50.94,0.85465469
50.95,0.764117578
50.96,0.712834596
50.97,0.567635242
50.98,0.483591139
50.99,0.48922148
51,0.460501635
51.01,0.363893304
51.02,0.234966376
51.03,0.162026737
51.04,0.213506989
51.05,0.381440478
51.06,0.558978152
51.07,0.756296685
51.08,0.969330256
51.09,1.167428675
51.1,1.306755568
51.11,1.359001218
51.12,1.275594844
51.13,1.070805216
51.14,0.865866544
51.15,0.732370989
51.16,0.679912307
51.17,0.730904859
51.18,0.899344691
51.19,1.011423491
51.2,0.972698682
51.21,0.602943337
51.22,1.204780863
51.23,2.875220021
51.24,2.447231374
51.25,0.509950483
51.26,0.955913734
51.27,0.494853025
51.28,1.599056818
51.29,1.861901249
51.3,0.877865666
51.31,0.72486114
51.32,0.910150103
51.33,0.831245826
51.34,0.65119081
51.35,0.517593697
51.36,0.594975453
51.37,0.552830544
51.38,0.438322039
51.39,0.284122437
51.4,0.155462464
51.41,0.126546434
51.42,0.276077392
51.43,0.488289368
51.44,0.798904934
51.45,1.025885564
51.46,1.163254947
51.47,1.37165874
51.48,1.471094814
51.49,1.394789235
51.5,1.1216935
51.51,0.713244746
51.52,0.50915853
51.53,0.786826262
51.54,0.921362195
51.55,1.074878104
51.56,1.199388597
51.57,1.119265027
51.58,0.550877264
51.59,1.996844814
51.6,3.40860874
51.61,2.595244904
51.62,0.922661752
51.63,0.872566757
51.64,0.642947631
51.65,1.951000221
51.66,1.360466181
51.67,0.814313018
51.68,0.766682112
51.69,0.564451614
51.7,0.411656943
51.71,0.469974889
51.72,0.554637441
51.73,0.543978172
51.74,0.415046555
51.75,0.255795967
51.76,0.19802454
51.77,0.424639889
51.78,0.693802821
51.79,0.89562443
51.8,1.104758543
51.81,1.268745111
51.82,1.351176981
51.83,1.363425043
51.84,1.322388901
51.85,1.252882523
51.86,1.02115292
51.87,0.78811163
51.88,0.619062201
51.89,0.626712219
51.9,0.812515886
51.91,0.999307096
51.92,1.053604075
51.93,0.801432928
51.94,0.831855013
51.95,3.429954674
51.96,2.590352838
51.97,0.89673746
51.98,1.26776751
51.99,0.657285674
52,2.136258048
52.01,2.425533908
52.02,1.03437775
52.03,0.757814795
52.04,0.870360721
52.05,0.811208907
52.06,0.698147405
52.07,0.597001232
52.08,0.532541987
52.09,0.532631926
52.1,0.46887523
52.11,0.299364864
52.12,0.167718675
52.13,0.22390004
52.14,0.389981169
52.15,0.593677756
52.16,0.85781153
52.17,1.086850743
52.18,1.232106528
52.19,1.223543231
52.2,1.336757945
52.21,1.307780272
52.22,1.068162106
52.23,0.744485664
52.24,0.671082389
52.25,0.74779394
52.26,0.993018636
52.27,1.125566391
52.28,1.071679835
52.29,0.786962876
52.3,0.676220041
52.31,2.462391022
52.32,2.549508469
52.33,1.323521616
52.34,0.803093585
52.35,0.316453734
52.36,1.397777894
52.37,1.652085116
52.38,1.058736457
52.39,0.930887251
52.4,0.767890439
52.41,0.502548225
52.42,0.438103656
52.43,0.469333101
52.44,0.370011844
52.45,0.269225306
52.46,0.233958371
52.47,0.252935327
52.48,0.300510487
52.49,0.499167946
52.5,0.76887239
52.51,1.012495431
52.52,1.226388845
52.53,1.360133951
52.54,1.464218967
52.55,1.522824699
52.56,1.405822333
52.57,1.084005467
52.58,0.81402604
52.59,0.61970063
52.6,0.495954526
52.61,0.653472186
52.62,0.916973356
52.63,1.076561654
52.64,1.035491412
52.65,0.583342591
52.66,2.13911596
52.67,3.672929723
52.68,1.467543021
52.69,0.727930734
52.7,0.545421576
52.71,1.484477048
52.72,1.796488124
52.73,0.947168784
52.74,0.858146377
52.75,0.977349145
52.76,0.805619432
52.77,0.6703511
52.78,0.597178843
52.79,0.581226909
52.8,0.525890715
52.81,0.460441508
52.82,0.318295685
52.83,0.166790383
52.84,0.203176041
52.85,0.388806798
52.86,0.662888574
52.87,0.977405549
52.88,1.161749331
52.89,1.233085125
52.9,1.290887336
52.91,1.364325934
52.92,1.105246772
52.93,0.788954108
52.94,0.634396425
52.95,0.625885439
52.96,0.705648611
52.97,0.820717417
52.98,0.943784849
52.99,1.031400849
53,0.960857138
53.01,0.451055339
53.02,2.22554824
53.03,2.621922152
53.04,1.204058279
53.05,0.969209087
53.06,0.795114714
53.07,0.811927143
53.08,1.691865887
53.09,1.222337654
53.1,0.804575477
53.11,0.713878713
53.12,0.648523363
53.13,0.540204595
53.14,0.505243876
53.15,0.514892825
53.16,0.465511377
53.17,0.303922036
53.18,0.14856388
53.19,0.186284279
53.2,0.331525077
53.21,0.560849506
53.22,0.850446059
53.23,1.055132998
53.24,1.246496997
53.25,1.455593253
53.26,1.535273569
53.27,1.479413005
53.28,1.28060575
53.29,1.019688648
53.3,0.794082124
53.31,0.663153118
53.32,0.549387854
53.33,0.65949322
53.34,0.842149382
53.35,0.854342126
53.36,0.61524915
53.37,1.795902415
53.38,2.722190297
53.39,1.794796319
53.4,0.409943359
53.41,1.000032014
53.42,0.604467558
53.43,1.778740559
53.44,1.924101711
53.45,0.932137433
53.46,0.975551096
53.47,0.930539938
53.48,0.636202224
53.49,0.564486785
53.5,0.524029242
53.51,0.520960842
53.52,0.458172872
53.53,0.348575699
53.54,0.232539748
53.55,0.166913654
53.56,0.191477442
53.57,0.327706588
53.58,0.559438854
53.59,0.766390143
53.6,0.982319758
53.61,1.173882932
53.62,1.297063597
53.63,1.411848748
53.64,1.269669868
53.65,0.946433444
53.66,0.773607627
53.67,0.733779462
53.68,0.738858368
53.69,0.897167005
53.7,1.038206602
53.71,1.094101658
53.72,1.071152034
53.73,0.714696411
53.74,1.9076494
53.75,3.510536985
53.76,2.323783922
53.77,1.335605912
53.78,0.693891395
53.79,0.798610294
53.8,1.544859122
53.81,1.147007555
53.82,0.932101663
53.83,0.813185671
53.84,0.516876667
53.85,0.370543311
53.86,0.420879897
53.87,0.477867229
53.88,0.477097605
53.89,0.403276674
53.9,0.303339262
53.91,0.206083667
53.92,0.128759689
53.93,0.288596429
53.94,0.518215194
53.95,0.743907593
53.96,0.955583502
53.97,1.201198309
53.98,1.337411452
53.99,1.412926421
54,1.43557163
54.01,1.372300954
54.02,1.178562361
54.03,0.85712896
54.04,0.625368361
54.05,0.551599426
54.06,0.64095041
54.07,0.824480265
54.08,0.955921125
54.09,0.860264698
54.1,0.423007326
54.11,2.07378816
54.12,3.477226436
54.13,1.367541645
54.14,0.421863054
54.15,0.806883774
54.16,0.832547192
54.17,1.969465254
54.18,1.56622291
54.19,0.822477297
54.2,0.810944768
54.21,0.786690345
54.22,0.698754869
54.23,0.705790882
54.24,0.615446197
54.25,0.486495273
54.26,0.403958404
54.27,0.315519777
54.28,0.214773444
54.29,0.126248304
54.3,0.162772459
54.31,0.343474102
54.32,0.553393876
54.33,0.801314245
54.34,1.014156775
54.35,1.170029869
54.36,1.253294642
54.37,1.247978536
54.38,1.125323356
54.39,0.946221809
54.4,0.819421556
54.41,0.751599735
54.42,0.686818243
54.43,0.729878915
54.44,0.866809164
54.45,0.972771092
54.46,0.965441842
54.47,0.555721743
54.48,1.428213947
54.49,3.263353774
54.5,2.017644782
54.51,0.88862293
54.52,0.558550821
54.53,0.619808084
54.54,1.555147372
54.55,1.377445501
54.56,0.956631542
54.57,0.875628151
54.58,0.61520201
54.59,0.505792233
54.6,0.508708348
54.61,0.512050289
54.62,0.434167531
54.63,0.337060749
54.64,0.237536245
54.65,0.19534591
54.66,0.250704621
54.67,0.42755983
54.68,0.647378932
54.69,0.874008958
54.7,1.023545504
54.71,1.197942019
54.72,1.345769473
54.73,1.431451306
54.74,1.395398402
54.75,1.222202603
54.76,0.978281807
54.77,0.690175122
54.78,0.534487972
54.79,0.579291123
54.8,0.788805936
54.81,0.925290217
54.82,0.966873061
54.83,0.803739381
54.84,1.021084064
54.85,2.96110605
54.86,2.094770988
54.87,0.610357478
54.88,0.569308167
54.89,0.47262562
54.9,1.679839809
54.91,1.541130419
54.92,1.043077611
54.93,1.044177449
54.94,0.930716907
54.95,0.722901849
54.96,0.647537459
54.97,0.717756335
54.98,0.63576655
54.99,0.462728487
55,0.367923821
55.01,0.293477588
55.02,0.197807275
55.03,0.241427995
55.04,0.374054957
55.05,0.519806757
55.06,0.698559146
55.07,0.936490192
55.08,1.159438569
55.09,1.28126044
55.1,1.334767816
55.11,1.221387548
55.12,1.019711217
55.13,0.883286227
55.14,0.782943788
55.15,0.751105435
55.16,0.724627578
55.17,0.78578707
55.18,0.914099548
55.19,0.95587162
55.2,0.898654008
55.21,0.611903067
55.22,2.983305109
55.23,3.01422042
55.24,1.219956838
55.25,0.959365055
55.26,0.318868436
55.27,1.368599786
55.28,1.603582955
55.29,1.002544257
55.3,0.839691808
55.31,0.65282339
55.32,0.499545152
55.33,0.482399122
55.34,0.533633487
55.35,0.522173043
55.36,0.458702837
55.37,0.3792687
55.38,0.239368928
55.39,0.148106083
55.4,0.314294456
55.41,0.550298986
55.42,0.735145173
55.43,0.999245007
55.44,1.138281674
55.45,1.224134371
55.46,1.333687739
55.47,1.440761819
55.48,1.379319767
55.49,1.139011172
55.5,0.913947828
55.51,0.730126767
55.52,0.611088108
55.53,0.625625703
55.54,0.754610976
55.55,0.824837271
55.56,0.708256037
55.57,0.476934638
55.58,2.046018922
55.59,3.336280072
55.6,1.336756271
55.61,1.1388253
55.62,0.974613114
55.63,0.899144013
55.64,2.160065208
55.65,1.405650821
55.66,0.816647168
55.67,0.841714346
55.68,0.694325484
55.69,0.772443074
55.7,0.788700908
55.71,0.71044603
55.72,0.646125115
55.73,0.56616689
55.74,0.41543868
55.75,0.2711219
55.76,0.229154918
55.77,0.346344022
55.78,0.527578094
55.79,0.702753996
55.8,0.898267694
55.81,1.039395668
55.82,1.184680982
55.83,1.231386744
55.84,1.17086876
55.85,1.144739761
55.86,1.071927907
55.87,0.960650259
55.88,0.766603459
55.89,0.664364598
55.9,0.717600429
55.91,0.786746168
55.92,0.832192903
55.93,0.690396267
55.94,0.612969343
55.95,2.991199671
55.96,2.54258308
55.97,1.006936786
55.98,1.153359783
55.99,0.303630705
56,0.990772552
56.01,1.390016974
56.02,1.057398768
56.03,0.8239155
56.04,0.667125275
56.05,0.466132873
56.06,0.477655183
56.07,0.53355651
56.08,0.550741325
56.09,0.518079698
56.1,0.413148314
56.11,0.276959691
56.12,0.262133734
56.13,0.406529338
56.14,0.573238029
56.15,0.724151518
56.16,0.978483115
56.17,1.091510828
56.18,1.159405798
56.19,1.19771487
56.2,1.216584876
56.21,1.212156661
56.22,1.06694756
56.23,0.890751966
56.24,0.786261571
56.25,0.748551418
56.26,0.83426236
56.27,0.909318986
56.28,0.897091174
56.29,0.715198268
56.3,0.884523472
56.31,2.879316194
56.32,2.692702376
56.33,0.844028889
56.34,1.252207579
56.35,0.320645682
56.36,1.865172947
56.37,1.770803629
56.38,0.94062328
56.39,0.841305137
56.4,0.858174632
56.41,0.774112836
56.42,0.713150516
56.43,0.577745905
56.44,0.503210757
56.45,0.450423851
56.46,0.318982531
56.47,0.218031813
56.48,0.232139551
56.49,0.376168076
56.5,0.578951119
56.51,0.758901388
56.52,0.898813245
56.53,1.024777349
56.54,1.08629188
56.55,1.095498398
56.56,1.050225159
56.57,0.981931844
56.58,0.8990299
56.59,0.840039569
56.6,0.791229149
56.61,0.771892078
56.62,0.83028471
56.63,0.935000268
56.64,1.066408271
56.65,1.136426411
56.66,1.020227776
56.67,0.478760871
56.68,2.71639103
56.69,3.438615758
56.7,1.49943215
56.71,0.919965487
56.72,0.744038226
56.73,0.872548394
56.74,1.557418978
56.75,1.227006563
56.76,0.810854941
56.77,0.839188633
56.78,0.642842382
56.79,0.564293509
56.8,0.577917009
56.81,0.516106184
56.82,0.438170258
56.83,0.345208479
56.84,0.279063918
56.85,0.204264801
56.86,0.18688393
56.87,0.303260954
56.88,0.479348569
56.89,0.703555015
56.9,0.95742389
56.91,1.206004511
56.92,1.386035815
56.93,1.420981973
56.94,1.276305431
56.95,1.137778833
56.96,0.927137651
56.97,0.730424842
56.98,0.603664462
56.99,0.578091971
57,0.667502591
57.01,0.790652262
57.02,0.822540258
57.03,0.483338029
57.04,1.195140581
57.05,2.346622408
57.06,1.644236748
57.07,1.03127916
57.08,0.424742365
57.09,1.081113591
57.1,1.083526305
57.11,1.720580295
57.12,1.018717428
57.13,0.996374132
57.14,1.022040288
57.15,0.653853288
57.16,0.538333133
57.17,0.589501852
57.18,0.482254406
57.19,0.376363522
57.2,0.311608301
57.21,0.230708184
57.22,0.137164302
57.23,0.087906812
57.24,0.170076678
57.25,0.347351576
57.26,0.551242497
57.27,0.812132595
57.28,1.050149436
57.29,1.166414332
57.3,1.164502835
57.31,1.087514098
57.32,1.00472519
57.33,0.901510224
57.34,0.808298118
57.35,0.780121664
57.36,0.81783183
57.37,0.904839758
57.38,0.953555066
57.39,0.991256771
57.4,0.901338263
57.41,0.471773663
57.42,2.851694211
57.43,2.946324896
57.44,1.389644737
57.45,1.144100099
57.46,0.606553565
57.47,0.81545274
57.48,1.508378601
57.49,1.12816941
57.5,0.86017745
57.51,0.832122029
57.52,0.557676683
57.53,0.393154187
57.54,0.381821218
57.55,0.411771227
57.56,0.449066115
57.57,0.384958121
57.58,0.298568609
57.59,0.213403363
57.6,0.201483078
57.61,0.364265945
57.62,0.613139609
57.63,0.857928522
57.64,1.099363923
57.65,1.298513081
57.66,1.413568994
57.67,1.477055469
57.68,1.431857163
57.69,1.206636409
57.7,0.986994567
57.71,0.743253453
57.72,0.548749349
57.73,0.516126111
57.74,0.687231685
57.75,0.875703465
57.76,0.841130189
57.77,0.36710132
57.78,1.567704102
57.79,3.08325937
57.8,1.583680419
57.81,0.400122607
57.82,0.883712824
57.83,0.585185659
57.84,1.558088238
57.85,1.6051391
57.86,0.946792525
57.87,0.844634713
57.88,0.883883817
57.89,0.772162187
57.9,0.718056014
57.91,0.603174723
57.92,0.539550078
57.93,0.539514335
57.94,0.469152913
57.95,0.381003269
57.96,0.268988766
57.97,0.17714449
57.98,0.308894057
57.99,0.494946468
58,0.69641594
58.01,0.90840859
58.02,1.089628431
58.03,1.251860278
58.04,1.278390687
58.05,1.130885496
58.06,0.969125947
58.07,0.883269679
58.08,0.820123631
58.09,0.773671769
58.1,0.735113779
58.11,0.81335301
58.12,0.970577596
58.13,1.071612048
58.14,0.979666522
58.15,0.419235741
58.16,1.931526398
58.17,3.518262277
58.18,1.369226754
58.19,0.625413861
58.2,0.340306298
58.21,0.720200467
58.22,1.384996944
58.23,1.354764052
58.24,0.912389357
58.25,0.852358004
58.26,0.719656805
58.27,0.548888975
58.28,0.512301799
58.29,0.545852452
58.3,0.512510711
58.31,0.425540622
58.32,0.308084224
58.33,0.178097483
58.34,0.065678291
58.35,0.208769883
58.36,0.503525858
58.37,0.725178683
58.38,0.921223049
58.39,1.0774552
58.4,1.28129378
58.41,1.395707568
58.42,1.424065548
58.43,1.335846819
58.44,1.147111992
58.45,0.882348833
58.46,0.684810676
58.47,0.54119893
58.48,0.625381825
58.49,0.788896479
58.5,0.909105251
58.51,0.918772912
58.52,0.59526214
58.53,1.24538763
58.54,2.630764872
58.55,2.301633329
58.56,0.678103946
58.57,0.544304555
58.58,0.431777943
58.59,1.769426818
58.6,1.480722245
58.61,0.956634774
58.62,1.198256238
58.63,0.88171733
58.64,0.564874889
58.65,0.592119595
58.66,0.662459915
58.67,0.543620339
58.68,0.464494077
58.69,0.359101421
58.7,0.212332615
58.71,0.095740201
58.72,0.201247409
58.73,0.368996695
58.74,0.592345826
58.75,0.870799284
58.76,1.095917713
58.77,1.231521625
58.78,1.31924926
58.79,1.254244507
58.8,1.053317276
58.81,0.927521094
58.82,0.849214438
58.83,0.806086224
58.84,0.769862316
58.85,0.818251463
58.86,0.869427322
58.87,0.95361318
58.88,0.908221943
58.89,0.513276465
58.9,2.338338613
58.91,2.953348847
58.92,1.479451267
58.93,0.735318295
58.94,0.230932201
58.95,1.007752854
58.96,1.202117569
58.97,1.094851834
58.98,1.043181643
58.99,0.756651574
59,0.621696302
59.01,0.528208088
59.02,0.511808114
59.03,0.463265024
59.04,0.455204583
59.05,0.42987927
59.06,0.2976515
59.07,0.166685917
59.08,0.205086696
59.09,0.417801967
59.1,0.74850397
59.11,1.003459386
59.12,1.230054646
59.13,1.384711943
59.14,1.41390103
59.15,1.370815294
59.16,1.250334831
59.17,1.061215268
59.18,0.851607624
59.19,0.81856884
59.2,0.779269156
59.21,0.774976279
59.22,0.857741642
59.23,0.880220861
59.24,0.774628757
59.25,0.561991313
59.26,1.738228147
59.27,2.746666168
59.28,1.020928874
59.29,0.832088282
59.3,0.564629306
59.31,1.14191402
59.32,1.934533024
59.33,1.088296331
59.34,1.004951595
59.35,1.011060494
59.36,0.744081172
59.37,0.726870054
59.38,0.728371849
59.39,0.616003573
59.4,0.523296377
59.41,0.46398878
59.42,0.40703224
59.43,0.27670179
59.44,0.16684999
59.45,0.152201473
59.46,0.358544
59.47,0.622035224
59.48,0.900332141
59.49,1.112641942
59.5,1.223045582
59.51,1.281270214
59.52,1.215865887
59.53,0.992544497
59.54,0.862631826
59.55,0.812064827
59.56,0.76265063
59.57,0.768877501
59.58,0.842998387
59.59,0.940940273
59.6,0.977669921
59.61,0.677083497
59.62,0.736714289
59.63,2.615089894
59.64,2.059116174
59.65,1.173733512
59.66,0.857070081
59.67,0.304310354
59.68,1.214281271
59.69,1.620492043
59.7,1.065086554
59.71,0.879144889
59.72,0.766173856
59.73,0.635185529
59.74,0.538054532
59.75,0.554018402
59.76,0.530314799
59.77,0.383743435
59.78,0.298892315
59.79,0.220637543
59.8,0.172005266
59.81,0.308866245
59.82,0.584244588
59.83,0.894357879
59.84,1.079009232
59.85,1.212930972
59.86,1.371469322
59.87,1.426275125
59.88,1.362106714
59.89,1.303741465
59.9,1.240982204
59.91,0.890277558
59.92,0.575884697
59.93,0.603175303
59.94,0.830169973
59.95,0.880675729
59.96,0.7946746
59.97,0.448325301
59.98,2.277261427
59.99,2.562914315
60,0.813190296
60.01,0.814764268
60.02,0.497838705
60.03,1.321932854
60.04,1.67752151
60.05,0.955646796
60.06,1.007437675
60.07,1.123658612
60.08,0.908629663
60.09,0.816201101
60.1,0.74300015
60.11,0.630705
60.12,0.544203589
60.13,0.455020418
60.14,0.320490792
60.15,0.198502739
60.16,0.207072603
60.17,0.392506178
60.18,0.625701494
60.19,0.850647564
60.2,1.04561538
60.21,1.251792674
60.22,1.31698882
60.23,1.320217397
60.24,1.091428207
60.25,0.952112771
60.26,0.867660855
60.27,0.757695014
60.28,0.67634998
60.29,0.719544926
60.3,0.835626315
60.31,0.9569736
60.32,0.959261816
60.33,0.571212102
60.34,1.787770476
60.35,3.204602025
60.36,1.717559223
60.37,0.74979787
60.38,1.169231722
60.39,0.335123382
60.4,1.273481836
60.41,1.41083518
60.42,0.684858096
60.43,0.8083267
60.44,0.843543446
60.45,0.527369769
60.46,0.495134347
60.47,0.533708653
60.48,0.467881718
60.49,0.385645715
60.5,0.31483097
60.51,0.233553124
60.52,0.194593339
60.53,0.296603071
60.54,0.605667102
60.55,0.955206149
60.56,1.189669422
60.57,1.473579236
60.58,1.518869829
60.59,1.503009751
60.6,1.476525842
60.61,1.263102745
60.62,1.001608929
60.63,0.75381196
60.64,0.56788065
60.65,0.452570725
60.66,0.537386778
60.67,0.766970655
60.68,0.810739482
60.69,0.490490534
60.7,1.871490323
60.71,2.587736227
60.72,1.153788677
60.73,0.367764107
60.74,0.93882784
60.75,0.820855058
60.76,2.099230632
60.77,1.326685883
60.78,0.836384108
60.79,1.095392247
60.8,0.895552168
60.81,0.788364417
60.82,0.700766863
60.83,0.635667765
60.84,0.595065149
60.85,0.498922541
60.86,0.370317778
60.87,0.278407064
60.88,0.167269968
60.89,0.223150054
60.9,0.402306559
60.91,0.611930462
60.92,0.877053155
60.93,1.110795061
60.94,1.288902929
60.95,1.386456105
60.96,1.306801348
60.97,1.067666332
60.98,0.790867959
60.99,0.503681513
61,0.529809134
61.01,0.696247354
61.02,0.939259386
61.03,1.087733635
61.04,1.215467663
61.05,1.248341452
61.06,0.849718241
61.07,1.508648691
61.08,3.203659166
61.09,1.744538882
61.1,0.762618449
61.11,1.392120366
61.12,0.368806504
61.13,1.473252041
61.14,1.513258663
61.15,1.017163266
61.16,1.027121235
61.17,0.916594998
61.18,0.652349326
61.19,0.52267964
61.2,0.524305078
61.21,0.505801117
61.22,0.40208235
61.23,0.309276105
61.24,0.217162182
61.25,0.126709227
61.26,0.161048157
61.27,0.422818858
61.28,0.693561209
61.29,0.915053303
61.3,1.14389283
61.31,1.287932017
61.32,1.345924153
61.33,1.474292104
61.34,1.476872384
61.35,1.288957807
61.36,0.870280529
61.37,0.536686757
61.38,0.368996567
61.39,0.582165364
61.4,0.936111062
61.41,1.029127147
61.42,0.878830679
61.43,0.293525113
61.44,2.097447275
61.45,3.262435352
61.46,1.039424265
61.47,0.771166478
61.48,0.360572781
61.49,1.227194904
61.5,2.019548475
61.51,1.083370444
61.52,0.727663141
61.53,0.787341751
61.54,0.786220228
61.55,0.773721567
61.56,0.735641378
61.57,0.614510543
61.58,0.533109163
61.59,0.455614918
61.6,0.331844437
61.61,0.200778676
61.62,0.158031437
61.63,0.314674913
61.64,0.537592878
61.65,0.820293279
61.66,0.99930697
61.67,1.074546682
61.68,1.199977025
61.69,1.296309716
61.7,1.296767357
61.71,1.086261676
61.72,0.759251864
61.73,0.604214129
61.74,0.65785613
61.75,0.805570388
61.76,0.944275125
61.77,1.05005913
61.78,1.10141466
61.79,0.888474473
61.8,0.704100595
61.81,3.038562488
61.82,2.241915555
61.83,0.587191331
61.84,0.550510334
61.85,0.420402151
61.86,1.170465406
61.87,1.306971679
61.88,0.935113218
61.89,0.765103311
61.9,0.656618537
61.91,0.5617364
61.92,0.473659604
61.93,0.520606656
61.94,0.536222343
61.95,0.403261464
61.96,0.278733589
61.97,0.182461055
61.98,0.132901919
61.99,0.157229487
62,0.502138605
62.01,0.88179533
62.02,1.11351166
62.03,1.214721298
62.04,1.398226022
62.05,1.465874065
62.06,1.404218557
62.07,1.276383772
62.08,1.100091674
62.09,0.856216189
62.1,0.661227461
62.11,0.65617643
62.12,0.801030175
62.13,0.931900232
62.14,0.953428256
62.15,0.727137912
62.16,0.763387358
62.17,2.621400427
62.18,2.08461754
62.19,0.776575616
62.2,0.852066188
62.21,1.235849612
62.22,1.375704812
62.23,1.881727699
62.24,1.184458861
62.25,0.983757243
62.26,0.827168635
62.27,0.660615341
62.28,0.699663517
62.29,0.684199227
62.3,0.651800957
62.31,0.480678105
62.32,0.297750821
62.33,0.184319687
62.34,0.11754779
62.35,0.175792319
62.36,0.30005431
62.37,0.459993111
62.38,0.767591388
62.39,0.989976768
62.4,1.123840703
62.41,1.21417757
62.42,1.27833305
62.43,1.173298323
62.44,1.026340379
62.45,0.916345134
62.46,0.815830352
62.47,0.806138662
62.48,0.854843825
62.49,0.93193588
62.5,1.014379352
62.51,1.040605804
62.52,0.715325838
62.53,0.980209037
62.54,2.975807636
62.55,2.504632983
62.56,1.450017481
62.57,0.684694899
62.58,0.578893312
62.59,1.252374702
62.6,1.299005868
62.61,0.941873818
62.62,0.853735971
62.63,0.682880247
62.64,0.475452754
62.65,0.402826015
62.66,0.477177108
62.67,0.519044511
62.68,0.529697063
62.69,0.464281088
62.7,0.230894466
62.71,0.227705267
62.72,0.428926331
62.73,0.646989947
62.74,0.876371068
62.75,1.055464851
62.76,1.2075109
62.77,1.327401183
62.78,1.376125335
62.79,1.408310311
62.8,1.488549969
62.81,1.230058319
62.82,0.785337544
62.83,0.520147827
62.84,0.600472021
62.85,0.825891954
62.86,0.981580451
62.87,0.93254752
62.88,0.504461727
62.89,1.863387825
62.9,4.158941359
62.91,1.705627816
62.92,0.814065775
62.93,0.704565229
62.94,1.267992019
62.95,1.746977635
62.96,1.325892112
62.97,0.872767492
62.98,0.740605301
62.99,0.657476612
63,0.641498531
63.01,0.637518756
63.02,0.638009671
63.03,0.576199843
63.04,0.481678048
63.05,0.316866964
63.06,0.181428639
63.07,0.130614474
63.08,0.29446993
63.09,0.554443548
63.1,0.787535705
63.11,1.001844168
63.12,1.132140331
63.13,1.238195869
63.14,1.285924618
63.15,1.127404693
63.16,0.883547291
63.17,0.749399232
63.18,0.735754769
63.19,0.766954351
63.2,0.853108252
63.21,0.983712185
63.22,1.113745297
63.23,1.12356382
63.24,0.762705228
63.25,1.589903838
63.26,2.926697393
63.27,2.413487062
63.28,0.833830923
63.29,0.751778428
63.3,0.581613809
63.31,1.409468935
63.32,1.257661434
63.33,0.928772182
63.34,0.973544045
63.35,0.724222569
63.36,0.405157937
63.37,0.438977558
63.38,0.546825915
63.39,0.524966947
63.4,0.383441262
63.41,0.245920546
63.42,0.178112894
63.43,0.330419053
63.44,0.48285778
63.45,0.661015077
63.46,0.929952113
63.47,1.131299023
63.48,1.304013442
63.49,1.45390975
63.5,1.452078475
63.51,1.322500694
63.52,1.136478488
63.53,0.91648101
63.54,0.65344585
63.55,0.45246202
63.56,0.472102844
63.57,0.717170135
63.58,0.894557652
63.59,0.842633824
63.6,0.826130844
63.61,2.259109722
63.62,2.447555038
63.63,0.569546722
63.64,1.034913337
63.65,0.524004497
63.66,1.510931614
63.67,1.66353793
63.68,0.983930261
63.69,0.914144164
63.7,0.868884456
63.71,0.78275929
63.72,0.663279219
63.73,0.502134514
63.74,0.471502231
63.75,0.483721179
63.76,0.400968827
63.77,0.294470031
63.78,0.214107865
63.79,0.301888541
63.8,0.554102674
63.81,0.794598305
63.82,0.974209567
63.83,1.1746269
63.84,1.315208968
63.85,1.279412249
63.86,1.029334605
63.87,0.802239233
63.88,0.707598051
63.89,0.704248239
63.9,0.828855532
63.91,0.98482698
63.92,1.116233413
63.93,1.226547324
63.94,1.184103722
63.95,0.853428912
63.96,1.438456276
63.97,3.581349131
63.98,2.185695507
63.99,1.029006988
64,1.294295844
64.01,0.737910739
64.02,1.565563172
64.03,1.686255605
64.04,0.904070224
64.05,0.907253838
64.06,1.001578741
64.07,0.615175321
64.08,0.382515296
64.09,0.456543332
64.1,0.502802309
64.11,0.40221317
64.12,0.244967802
64.13,0.1054734
64.14,0.157844416
64.15,0.360760685
64.16,0.699076045
64.17,0.982303777
64.18,1.157443041
64.19,1.366722265
64.2,1.440033378
64.21,1.393176645
64.22,1.32972496
64.23,1.193046804
64.24,0.881292857
64.25,0.661073246
64.26,0.574109358
64.27,0.691139484
64.28,0.932870143
64.29,1.106758255
64.3,1.125696203
64.31,0.904338256
64.32,1.690324205
64.33,2.942661961
64.34,1.869489062
64.35,0.504598364
64.36,0.690205355
64.37,1.494420898
64.38,1.904033286
64.39,1.053048605
64.4,0.955046875
64.41,1.031945788
64.42,0.863080037
64.43,0.720674274
64.44,0.559304989
64.45,0.521553097
64.46,0.502224741
64.47,0.43286467
64.48,0.337220785
64.49,0.234504869
64.5,0.134237459
64.51,0.25833001
64.52,0.426188344
64.53,0.664665809
64.54,1.035621311
64.55,1.315396872
64.56,1.356887298
64.57,1.336680393
64.58,1.268232052
64.59,1.06277169
64.6,0.813963401
64.61,0.592496561
64.62,0.554834793
64.63,0.774046473
64.64,1.27539236
64.65,1.508105161
64.66,1.283540411
64.67,0.812192315
64.68,0.939696524
64.69,3.356167269
64.7,3.477098672
64.71,0.891050954
64.72,1.143410973
64.73,0.526801106
64.74,1.782163542
64.75,1.591457008
64.76,0.876110891
64.77,0.708109982
64.78,0.661218423
64.79,0.557209514
64.8,0.496824253
64.81,0.460962311
64.82,0.434765021
64.83,0.383884854
64.84,0.301852354
64.85,0.116217868
64.86,0.286804445
64.87,0.563664308
64.88,0.852538395
64.89,1.044673159
64.9,1.194383559
64.91,1.322777624
64.92,1.368231743
64.93,1.391132821
64.94,1.47222088
64.95,1.391465567
64.96,1.062588641
64.97,0.737361102
64.98,0.538277488
64.99,0.601469884
65,0.777088787
65.01,0.897367591
65.02,0.884435035
65.03,0.525880318
65.04,1.884403247
65.05,3.041341264
65.06,1.618523765
65.07,0.571356788
65.08,0.972275321
65.09,0.535282217
65.1,2.169953666
65.11,1.41445361
65.12,0.846302718
65.13,1.035429405
65.14,0.898532041
65.15,0.663862227
65.16,0.596698122
65.17,0.489680548
65.18,0.476238759
65.19,0.452832706
65.2,0.304937577
65.21,0.174279499
65.22,0.217089573
65.23,0.277819323
65.24,0.453293398
65.25,0.816283809
65.26,1.054648103
65.27,1.179878355
65.28,1.26205147
65.29,1.294043535
65.3,1.176722381
65.31,0.925499784
65.32,0.665168055
65.33,0.58390257
65.34,0.671995096
65.35,0.848288107
65.36,1.012441406
65.37,1.0793578
65.38,1.052623721
65.39,0.70105848
65.4,1.410888739
65.41,3.612163083
65.42,1.898454713
65.43,0.378145017
65.44,0.522669709
65.45,0.252182996
65.46,1.128673648
65.47,1.389208028
65.48,1.025050907
65.49,0.822836371
65.5,0.706182715
65.51,0.544197391
65.52,0.54420972
65.53,0.602174659
65.54,0.563939291
65.55,0.422287133
65.56,0.329537252
65.57,0.2240476
65.58,0.17845549
65.59,0.332170994
65.6,0.570313497
65.61,0.833461963
65.62,1.069811654
65.63,1.293254063
65.64,1.465482269
65.65,1.546586834
65.66,1.516317759
65.67,1.321663916
65.68,0.977534484
65.69,0.762415169
65.7,0.491358756
65.71,0.398781835
65.72,0.607732096
65.73,0.868144414
65.74,1.061393309
65.75,1.123886568
65.76,0.846295467
65.77,1.134736555
65.78,3.562147114
65.79,2.310484421
65.8,0.511950442
65.81,0.948478531
65.82,1.088674621
65.83,1.838502015
65.84,1.315524709
65.85,1.091041612
65.86,0.932839109
65.87,0.724598645
65.88,0.67089269
65.89,0.69092105
65.9,0.635392731
65.91,0.559668778
65.92,0.499958329
65.93,0.368221984
65.94,0.204795978
65.95,0.095682711
65.96,0.327193654
65.97,0.574441979
65.98,0.811438277
65.99,0.998306835
66,1.091287681
66.01,1.230432797
66.02,1.229839331
66.03,1.073647493
66.04,0.93154896
66.05,0.732256532
66.06,0.633261334
66.07,0.708670003
66.08,0.858866839
66.09,1.002492554
66.1,1.115025235
66.11,1.184315696
66.12,1.103047384
66.13,0.547228716
66.14,2.27442603
66.15,3.270682366
66.16,1.443085952
66.17,1.358014515
66.18,0.556696955
66.19,1.173990508
66.2,1.46629209
66.21,1.149420924
66.22,0.754170772
66.23,0.757034642
66.24,0.646193274
66.25,0.580367375
66.26,0.503886264
66.27,0.476843585
66.28,0.433210728
66.29,0.347685017
66.3,0.202815715
66.31,0.102784351
66.32,0.183107159
66.33,0.475141956
66.34,0.752554349
66.35,1.011117042
66.36,1.213677465
66.37,1.310705212
66.38,1.367640377
66.39,1.388258534
66.4,1.295108782
66.41,1.13297241
66.42,0.94314119
66.43,0.720223882
66.44,0.658188688
66.45,0.77725797
66.46,0.917518843
66.47,1.02257097
66.48,1.059898867
66.49,0.920446849
66.5,0.614690771
66.51,3.428929008
66.52,2.781318817
66.53,0.745999654
66.54,0.962394105
66.55,0.639526285
66.56,1.561814038
66.57,2.183088652
66.58,1.268876702
66.59,0.725752312
66.6,0.83419909
66.61,0.775702452
66.62,0.604139244
66.63,0.627922111
66.64,0.589765016
66.65,0.474358791
66.66,0.331061734
66.67,0.190182139
66.68,0.083104487
66.69,0.070107037
66.7,0.28103835
66.71,0.608017884
66.72,0.891637772
66.73,1.097031939
66.74,1.28479411
66.75,1.385343157
66.76,1.332253612
66.77,1.08944098
66.78,0.864970819
66.79,0.737791744
66.8,0.681702114
66.81,0.753050907
66.82,0.922391636
66.83,1.146527726
66.84,1.391104469
66.85,0.92560198
66.86,0.839419155
66.87,2.505930586
66.88,2.751813126
66.89,0.788309293
66.9,1.412784306
66.91,0.269085702
66.92,1.408188782
66.93,1.750575033
66.94,0.876984239
66.95,0.77965647
66.96,0.904358357
66.97,0.649698525
66.98,0.482536585
66.99,0.480980229
67,0.509904167
67.01,0.523567137
67.02,0.453138234
67.03,0.289756299
67.04,0.17784721
67.05,0.193563434
67.06,0.377242821
67.07,0.663214477
67.08,0.897895108
67.09,1.123543025
67.1,1.307843766
67.11,1.384595521
67.12,1.373950367
67.13,1.37370606
67.14,1.388006034
67.15,1.205068349
67.16,0.873706715
67.17,0.571361491
67.18,0.618954983
67.19,0.795604749
67.2,0.918367367
67.21,0.990989706
67.22,0.913943804
67.23,0.391441243
67.24,2.209271179
67.25,3.256092518
67.26,1.370261674
67.27,0.71310693
67.28,0.553906407
67.29,1.346974005
67.3,1.843693472
67.31,1.178597793
67.32,0.710378368
67.33,0.809805395
67.34,0.765126915
67.35,0.704838241
67.36,0.699203911
67.37,0.685663011
67.38,0.598732454
67.39,0.485160391
67.4,0.328257498
67.41,0.147674579
67.42,0.088321752
67.43,0.207300226
67.44,0.382062686
67.45,0.666912202
67.46,0.918238146
67.47,1.067259724
67.48,1.228895263
67.49,1.427718561
67.5,1.410044835
67.51,0.982559925
67.52,0.753942186
67.53,0.711066369
67.54,0.727661471
67.55,0.788792997
67.56,0.899511534
67.57,1.068417216
67.58,1.212891204
67.59,1.161565536
67.6,0.726034405
67.61,1.864045795
67.62,3.258133761
67.63,2.295926583
67.64,1.574130115
67.65,1.012176162
67.66,0.564750557
67.67,1.521753314
67.68,1.179762313
67.69,0.64666377
67.7,0.861746313
67.71,0.843148424
67.72,0.548966711
67.73,0.484696079
67.74,0.507890224
67.75,0.472659538
67.76,0.358370529
67.77,0.250341687
67.78,0.258522197
67.79,0.257122284
67.8,0.340666497
67.81,0.537295576
67.82,0.809203818
67.83,1.048789753
67.84,1.186373984
67.85,1.314964149
67.86,1.454341808
67.87,1.50107692
67.88,1.317297037
67.89,1.004820816
67.9,0.678993541
67.91,0.523145121
67.92,0.76341156
67.93,1.026289398
67.94,1.104463587
67.95,1.075073893
67.96,0.730569051
67.97,1.915109394
67.98,2.876382607
67.99,1.630818608
68,0.955736416
68.01,0.976010697
68.02,0.422052905
68.03,1.856558244
68.04,1.722862432
68.05,1.019058118
68.06,1.018538428
68.07,0.753360512
68.08,0.59192406
68.09,0.575257846
68.1,0.518549469
68.11,0.44813672
68.12,0.424725785
68.13,0.390276217
68.14,0.305092967
68.15,0.214361053
68.16,0.178197329
68.17,0.326207318
68.18,0.550782608
68.19,0.700657108
68.2,0.933354831
68.21,1.130483508
68.22,1.279515991
68.23,1.298470074
68.24,1.223028419
68.25,1.100771729
68.26,0.974667375
68.27,0.920393354
68.28,0.901718696
68.29,0.891988804
68.3,0.930368463
68.31,0.941891077
68.32,0.957490139
68.33,0.363999522
68.34,1.50221357
68.35,2.352897779
68.36,1.388964283
68.37,0.776825525
68.38,0.652934568
68.39,0.861086206
68.4,1.27583714
68.41,1.201820095
68.42,0.905362069
68.43,0.83793851
68.44,0.6446474
68.45,0.572618974
68.46,0.539814041
68.47,0.452653776
68.48,0.406816416
68.49,0.370353958
68.5,0.298637798
68.51,0.267258332
68.52,0.228161325
68.53,0.266766858
68.54,0.381521306
68.55,0.567943437
68.56,0.837330744
68.57,1.045502601
68.58,1.197490154
68.59,1.269580377
68.6,1.265569797
68.61,1.15696242
68.62,1.027857084
68.63,0.888727758
68.64,0.71440579
68.65,0.609292007
68.66,0.74831605
68.67,0.967131247
68.68,1.098382765
68.69,0.998626573
68.7,0.358475914
68.71,2.102816809
68.72,2.723538058
68.73,1.400870631
68.74,0.677402541
68.75,1.358137386
68.76,0.492901594
68.77,1.965558685
68.78,1.665233339
68.79,0.867306979
68.8,0.883794423
68.81,0.81135118
68.82,0.682515088
68.83,0.695791255
68.84,0.816778691
68.85,0.6989362
68.86,0.520709276
68.87,0.360123313
68.88,0.247006467
68.89,0.16146312
68.9,0.166893201
68.91,0.333474695
68.92,0.576954926
68.93,0.858680971
68.94,1.099246437
68.95,1.219907274
68.96,1.343051294
68.97,1.279695847
68.98,1.080542593
68.99,0.988062437
69,0.894469382
69.01,0.818080459
69.02,0.781074644
69.03,0.773212837
69.04,0.8351079
69.05,0.918710197
69.06,0.775904933
69.07,0.238579387
69.08,2.172052776
69.09,2.733148792
69.1,1.094614937
69.11,0.660436839
69.12,0.616545944
69.13,0.396925785
69.14,1.392930497
69.15,1.245197368
69.16,0.873559611
69.17,0.843205377
69.18,0.652575853
69.19,0.507806559
69.2,0.492689409
69.21,0.446764046
69.22,0.417952362
69.23,0.399446642
69.24,0.327689914
69.25,0.220101856
69.26,0.218532022
69.27,0.450812145
69.28,0.668507848
69.29,0.871495142
69.3,1.038325717
69.31,1.17468973
69.32,1.323643029
69.33,1.392722399
69.34,1.419370227
69.35,1.275847913
69.36,0.966237862
69.37,0.708079317
69.38,0.654677113
69.39,0.748327205
69.4,0.912339079
69.41,0.996201355
69.42,0.957503689
69.43,0.556475335
69.44,2.102075341
69.45,2.720085364
69.46,1.074363984
69.47,0.518911719
69.48,0.22661463
69.49,1.226509601
69.5,1.656725848
69.51,1.17374044
69.52,1.115685038
69.53,1.032685205
69.54,0.840148694
69.55,0.799431999
69.56,0.748722104
69.57,0.654309805
69.58,0.527050066
69.59,0.440537866
69.6,0.319788428
69.61,0.180711321
69.62,0.037659917
69.63,0.201091026
69.64,0.423061735
69.65,0.694292971
69.66,0.997980235
69.67,1.193826775
69.68,1.289408036
69.69,1.267690774
69.7,1.126465795
69.71,0.939871681
69.72,0.850326559
69.73,0.818881578
69.74,0.768809668
69.75,0.782289372
69.76,0.878533139
69.77,1.007100908
69.78,1.072243664
69.79,1.00755561
69.8,0.573332645
69.81,1.654934689
69.82,2.92466799
69.83,2.002458782
69.84,1.351072844
69.85,0.414415
69.86,0.574826926
69.87,1.597762457
69.88,1.061342494
69.89,0.931039105
69.9,0.912152009
69.91,0.628507361
69.92,0.489308199
69.93,0.515124085
69.94,0.472157428
69.95,0.345759864
69.96,0.244843112
69.97,0.178125511
69.98,0.091058567
69.99,0.188111928
70,0.454857663
70.01,0.724836119
70.02,0.933868488
70.03,1.160169037
70.04,1.28969433
70.05,1.361060102
70.06,1.328878384
70.07,1.247506132
70.08,1.114326299
70.09,0.986528051
70.1,0.902171008
70.11,0.874450537
70.12,0.826971738
70.13,0.796239345
70.14,0.837033632
70.15,0.850057991
70.16,0.692108519
70.17,0.662711453
70.18,2.715771733
70.19,2.212372359
70.2,0.3386497
70.21,0.67029734
70.22,0.880231621
70.23,1.75857633
70.24,1.836896097
70.25,1.296891888
70.26,1.247704288
70.27,1.074626738
70.28,0.909640691
70.29,0.952980675
70.3,0.815108244
70.31,0.564737801
70.32,0.438414785
70.33,0.40178833
70.34,0.314553203
70.35,0.146537129
70.36,0.176736911
70.37,0.444129583
70.38,0.666143699
70.39,0.894253071
70.4,1.092078017
70.41,1.234909246
70.42,1.364187433
70.43,1.293933756
70.44,1.137235107
70.45,0.984623088
70.46,0.831091664
70.47,0.67610272
70.48,0.64272162
70.49,0.729125331
70.5,0.833976678
70.51,0.940012604
70.52,1.010583628
70.53,0.881861693
70.54,0.380004929
70.55,2.674720459
70.56,3.211198359
70.57,1.187981691
70.58,0.733797484
70.59,0.39624478
70.6,1.543313326
70.61,1.65782884
70.62,0.92526029
70.63,0.738232998
70.64,0.640770213
70.65,0.527342053
70.66,0.560622091
70.67,0.517501314
70.68,0.44672805
70.69,0.354515039
70.7,0.292924967
70.71,0.187245504
70.72,0.156333178
70.73,0.378541642
70.74,0.624958523
70.75,0.870770503
70.76,1.090462524
70.77,1.29266014
70.78,1.280043825
70.79,1.222545637
70.8,1.151584305
70.81,1.105390104
70.82,1.089416475
70.83,1.077441962
70.84,1.002801226
70.85,0.897924914
70.86,0.84169822
70.87,0.851622937
70.88,0.879122874
70.89,0.808535853
70.9,0.594174161
70.91,1.600176455
70.92,3.760361742
70.93,1.981981688
70.94,0.960427252
70.95,0.669455143
70.96,1.230440138
70.97,2.146404356
70.98,1.49653809
70.99,1.036062405
71,1.045915233
71.01,0.860481049
71.02,0.667249867
71.03,0.577552475
71.04,0.606218941
71.05,0.574233334
71.06,0.466955821
71.07,0.34318131
71.08,0.209814288
71.09,0.151215389
71.1,0.30910209
71.11,0.523460975
71.12,0.749201182
71.13,0.975430095
71.14,1.149170606
71.15,1.214278279
71.16,1.204143452
71.17,1.142380679
71.18,1.012169923
71.19,0.907115926
71.2,0.813868123
71.21,0.759129504
71.22,0.768566689
71.23,0.843070154
71.24,0.949766626
71.25,1.025699385
71.26,1.012033523
71.27,0.810892831
71.28,1.022456607
71.29,3.60504125
71.3,2.408925201
71.31,1.067503951
71.32,0.645047758
71.33,0.494260673
71.34,1.759217582
71.35,1.383216176
71.36,0.951959369
71.37,0.915194962
71.38,0.59415095
71.39,0.501325927
71.4,0.601913193
71.41,0.592473371
71.42,0.462504281
71.43,0.322750413
71.44,0.252367266
71.45,0.148024139
71.46,0.178704007
71.47,0.344007869
71.48,0.517645091
71.49,0.76046039
71.5,1.003837345
71.51,1.161282674
71.52,1.238686867
71.53,1.292196427
71.54,1.290759331
71.55,1.256599574
71.56,1.155484397
71.57,0.965692119
71.58,0.793405088
71.59,0.716610996
71.6,0.70944715
71.61,0.760943966
71.62,0.803484695
71.63,0.711806363
71.64,0.405842816
71.65,2.599877967
71.66,2.783338917
71.67,0.582100481
71.68,0.99788658
71.69,0.469477737
71.7,1.566070769
71.71,1.812470828
71.72,1.118710582
71.73,1.01227761
71.74,1.025653071
71.75,0.816263773
71.76,0.645635262
71.77,0.712384693
71.78,0.648005446
71.79,0.489585955
71.8,0.41028459
71.81,0.342820233
71.82,0.255709968
71.83,0.230768028
71.84,0.333701861
71.85,0.465163362
71.86,0.65385212
71.87,0.909482786
71.88,1.111312335
71.89,1.222665365
71.9,1.242264426
71.91,1.186276199
71.92,1.029551772
71.93,0.90503164
71.94,0.836346538
71.95,0.750268273
71.96,0.710785961
71.97,0.767070291
71.98,0.887510654
71.99,0.99194582
72,0.985361471
72.01,0.430857212
72.02,1.948937303
72.03,3.852664598
72.04,1.600838209
72.05,0.464623467
72.06,0.571125663
72.07,0.970546112
72.08,1.687164358
72.09,1.194243237
72.1,0.891153175
72.11,0.730734048
72.12,0.523752878
72.13,0.476123149
72.14,0.513735369
72.15,0.484116376
72.16,0.422419067
72.17,0.35540796
72.18,0.237966039
72.19,0.227504132
72.2,0.347259156
72.21,0.557975649
72.22,0.760499315
72.23,0.921337897
72.24,1.074973057
72.25,1.221865794
72.26,1.335425986
72.27,1.42538806
72.28,1.390396074
72.29,1.217756191
72.3,0.901497124
72.31,0.573774612
72.32,0.465808586
72.33,0.549639495
72.34,0.710799856
72.35,0.925204604
72.36,0.991194699
72.37,0.81850414
72.38,0.815306405
72.39,2.576889779
72.4,2.28130301
72.41,1.06863451
72.42,0.473293867
72.43,0.726396026
72.44,1.24443033
72.45,2.121610684
72.46,1.143786324
72.47,0.947138335
72.48,0.991883833
72.49,0.704097374
72.5,0.559597082
72.51,0.626410612
72.52,0.68266718
72.53,0.555654746
72.54,0.395386365
72.55,0.230714311
72.56,0.127650411
72.57,0.133645757
72.58,0.264826857
72.59,0.517115368
72.6,0.74851023
72.61,0.918325664
72.62,1.041056674
72.63,1.106067921
72.64,1.16234027
72.65,1.15605407
72.66,1.087780605
72.67,0.982165914
72.68,0.829702066
72.69,0.751695049
72.7,0.708604922
72.71,0.730761266
72.72,0.818237832
72.73,0.828245806
72.74,0.504431615
72.75,0.989373781
72.76,2.929040958
72.77,2.215436491
72.78,1.137613308
72.79,0.848680678
72.8,0.305014435
72.81,1.220227397
72.82,1.60727348
72.83,1.052127238
72.84,0.963311619
72.85,0.824821586
72.86,0.577164918
72.87,0.425181158
72.88,0.463016857
72.89,0.472628743
72.9,0.373788849
72.91,0.300429905
72.92,0.242585622
72.93,0.193238614
72.94,0.296528077
72.95,0.520380178
72.96,0.757537619
72.97,1.018867366
72.98,1.162553527
72.99,1.251670814
73,1.369432524
73.01,1.416809383
73.02,1.435799343
73.03,1.289179211
73.04,0.962107043
73.05,0.658894077
73.06,0.486132609
73.07,0.61806117
73.08,0.819977616
73.09,0.916497748
73.1,0.845973668
73.11,0.398688609
73.12,2.436114563
73.13,4.561760961
73.14,1.361727736
73.15,1.213582763
73.16,0.989122989
73.17,1.318653439
73.18,2.243766308
73.19,1.268743875
73.2,0.8188407
73.21,0.716308462
73.22,0.629789499
73.23,0.65840812
73.24,0.704115245
73.25,0.654666847
73.26,0.592954299
73.27,0.495219071
73.28,0.3646822
73.29,0.233299451
73.3,0.272569641
73.31,0.393492661
73.32,0.526658236
73.33,0.711208371
73.34,0.864820919
73.35,0.941972128
73.36,1.011987287
73.37,1.142180566
73.38,1.303228123
73.39,1.354130128
73.4,1.092372234
73.41,0.83585077
73.42,0.697083111
73.43,0.654812165
73.44,0.785841592
73.45,0.875552988
73.46,0.972642187
73.47,0.990065282
73.48,0.739769318
73.49,0.777418617
73.5,2.666349092
73.51,2.423607273
73.52,0.832621169
73.53,0.789796742
73.54,0.489495265
73.55,1.360235381
73.56,1.538663274
73.57,1.126376287
73.58,0.749298139
73.59,0.555421002
73.6,0.520765894
73.61,0.56441541
73.62,0.600227631
73.63,0.552880437
73.64,0.445374515
73.65,0.283660453
73.66,0.159816445
73.67,0.113467912
73.68,0.13303592
73.69,0.32473989
73.7,0.626892435
73.71,0.862930351
73.72,1.121969192
73.73,1.314931288
73.74,1.412680456
73.75,1.452457792
73.76,1.402990802
73.77,1.232191376
73.78,0.986255861
73.79,0.766533605
73.8,0.614536722
73.81,0.589310662
73.82,0.678265838
73.83,0.805150826
73.84,0.861636887
73.85,0.752790615
73.86,0.435729804
73.87,2.302282176
73.88,2.431966708
73.89,1.076707402
73.9,1.016187774
73.91,0.796077163
73.92,1.300185797
73.93,2.099786526
73.94,1.358804472
73.95,0.94512477
73.96,0.980192128
73.97,0.756063608
73.98,0.667823963
73.99,0.7369679
74,0.629284715
74.01,0.511013656
74.02,0.420406793
74.03,0.34139699
74.04,0.213439767
74.05,0.142066916
74.06,0.0909342
74.07,0.227783866
74.08,0.442330856
74.09,0.719067525
74.1,1.005965569
74.11,1.232321917
74.12,1.356695163
74.13,1.446161837
74.14,1.226299161
74.15,0.937849093
74.16,0.627087584
74.17,0.534573732
74.18,0.592470011
74.19,0.690825253
74.2,0.849894917
74.21,0.999183461
74.22,1.039194105
74.23,0.825487134
74.24,0.396865792
74.25,2.321287399
74.26,2.045899565
74.27,1.201267067
74.28,0.731652864
74.29,0.295547197
74.3,1.266782389
74.31,1.446008727
74.32,1.000656717
74.33,1.023162616
74.34,0.929772429
74.35,0.679479674
74.36,0.492013028
74.37,0.472045539
74.38,0.498744673
74.39,0.414525806
74.4,0.313449302
74.41,0.237353287
74.42,0.118931597
74.43,0.087459314
74.44,0.332076054
74.45,0.664081735
74.46,0.927467357
74.47,1.108617288
74.48,1.258892926
74.49,1.345831534
74.5,1.406276794
74.51,1.422259568
74.52,1.263270412
74.53,1.029133901
74.54,0.762402211
74.55,0.610201249
74.56,0.619154675
74.57,0.751925749
74.58,0.883170629
74.59,0.865829522
74.6,0.577480596
74.61,1.459150791
74.62,3.146116126
74.63,1.741994529
74.64,0.665371441
74.65,0.747746541
74.66,0.769996467
74.67,1.554601145
74.68,1.413750687
74.69,1.04913622
74.7,1.058897181
74.71,0.871720589
74.72,0.783387876
74.73,0.824139883
74.74,0.778512314
74.75,0.61760942
74.76,0.490842157
74.77,0.380212193
74.78,0.226780796
74.79,0.162387967
74.8,0.276487488
74.81,0.458849692
74.82,0.72052097
74.83,0.922442926
74.84,1.084668206
74.85,1.218930143
74.86,1.251574835
74.87,1.144447943
74.88,1.013768442
74.89,0.968300096
74.9,0.851158669
74.91,0.71100447
74.92,0.63998876
74.93,0.723571654
74.94,0.894523884
74.95,1.003140469
74.96,0.884677295
74.97,0.281773456
74.98,2.101883397
74.99,2.568463743
75,1.04592238
75.01,0.264720078
75.02,0.500257442
75.03,1.077936507
75.04,1.268535052
75.05,0.896106753
75.06,0.87252806
75.07,0.939623053
75.08,0.739230916
75.09,0.561053441
75.1,0.52979307
75.11,0.492057941
75.12,0.369460652
75.13,0.229423429
75.14,0.120057632
75.15,0.157490807
75.16,0.324958927
75.17,0.574075916
75.18,0.780787101
75.19,1.004477569
75.2,1.191157632
75.21,1.325655226
75.22,1.422527981
75.23,1.451532959
75.24,1.386263004
75.25,1.166472553
75.26,0.91747017
75.27,0.719597825
75.28,0.619711507
75.29,0.649427287
75.3,0.746541576
75.31,0.844364754
75.32,0.916712828
75.33,0.58926367
75.34,1.225994632
75.35,2.661156342
75.36,1.952845933
75.37,0.674603442
75.38,0.703655579
75.39,0.942252855
75.4,2.072722892
75.41,1.412097885
75.42,1.022937063
75.43,1.138700059
75.44,0.853450904
75.45,0.749481706
75.46,0.785397306
75.47,0.718964624
75.48,0.604623423
75.49,0.44396999
75.5,0.307236738
75.51,0.187573953
75.52,0.123717785
75.53,0.159363979
75.54,0.383343032
75.55,0.623134103
75.56,0.848269016
75.57,1.06646443
75.58,1.230925927
75.59,1.348964157
75.6,1.270817231
75.61,1.002640669
75.62,0.850054141
75.63,0.799819202
75.64,0.764723943
75.65,0.749695632
75.66,0.753111654
75.67,0.884340803
75.68,1.067477874
75.69,1.171826835
75.7,1.042053569
75.71,0.390231645
75.72,1.941760352
75.73,3.336917087
75.74,1.843019887
75.75,1.139149748
75.76,0.070014144
75.77,1.040875518
75.78,1.440077693
75.79,1.206574463
75.8,0.882399281
75.81,0.76444668
75.82,0.498918201
75.83,0.417742662
75.84,0.46638001
75.85,0.522482414
75.86,0.504496953
75.87,0.410698816
75.88,0.348575381
75.89,0.199807344
75.9,0.122659066
75.91,0.195932955
75.92,0.455328921
75.93,0.781028599
75.94,1.075722339
75.95,1.279226675
75.96,1.391938176
75.97,1.425876439
75.98,1.314811566
75.99,1.330813238
76,1.286247562
76.01,1.025590465
76.02,0.737014528
76.03,0.498458427
76.04,0.701215701
76.05,0.998426238
76.06,1.045176377
76.07,0.949001954
76.08,0.499544495
76.09,1.255067285
76.1,3.778701068
76.11,1.590724114
76.12,0.722081403
76.13,1.028782673
76.14,1.021590778
76.15,1.795067393
76.16,1.377358658
76.17,0.991314314
76.18,0.934654409
76.19,0.790253061
76.2,0.788691429
76.21,0.770906902
76.22,0.726422418
76.23,0.625175568
76.24,0.534842033
76.25,0.444702286
76.26,0.327802268
76.27,0.188491416
76.28,0.117390766
76.29,0.337431271
76.3,0.661969362
76.31,0.923668403
76.32,1.104935885
76.33,1.254161253
76.34,1.365194308
76.35,1.267454735
76.36,0.993153322
76.37,0.76894366
76.38,0.737961238
76.39,0.765873072
76.4,0.817223867
76.41,0.832732217
76.42,0.858247338
76.43,0.879917222
76.44,0.671884488
76.45,0.23391627
76.46,1.870539562
76.47,2.26682311
76.48,1.062413322
76.49,0.421055003
76.5,0.271595329
76.51,1.001519834
76.52,1.422734512
76.53,1.051431448
76.54,0.77899017
76.55,0.789032763
76.56,0.753576168
76.57,0.545664934
76.58,0.502888673
76.59,0.448568211
76.6,0.38317926
76.61,0.305717004
76.62,0.207709851
76.63,0.156910105
76.64,0.124250413
76.65,0.242508151
76.66,0.497811637
76.67,0.727882016
76.68,0.949994123
76.69,1.106464396
76.7,1.243075483
76.71,1.369495488
76.72,1.413161241
76.73,1.334841694
76.74,1.140291897
76.75,0.927116467
76.76,0.717790612
76.77,0.612666794
76.78,0.613671144
76.79,0.740789764
76.8,0.881283511
76.81,0.854346577
76.82,0.310506651
76.83,1.998637457
76.84,2.675516178
76.85,1.047778409
76.86,0.773766249
76.87,0.68868212
76.88,1.224958293
76.89,1.737521676
76.9,1.218697896
76.91,0.941105034
76.92,1.084361561
76.93,0.850570872
76.94,0.74504031
76.95,0.855828748
76.96,0.799871884
76.97,0.582104343
76.98,0.419832141
76.99,0.31515248
77,0.193369153
77.01,0.124138427
77.02,0.128801182
77.03,0.280586223
77.04,0.484301401
77.05,0.735359074
77.06,0.861736848
77.07,1.052274776
77.08,1.276580077
77.09,1.398547284
77.1,1.309787951
77.11,1.032152895
77.12,0.829123301
77.13,0.79574475
77.14,0.694081397
77.15,0.735483123
77.16,0.896474654
77.17,1.137373905
77.18,1.352541392
77.19,1.378971142
77.2,1.282218199
77.21,2.004893669
77.22,2.532410168
77.23,1.530246354
77.24,0.937916356
77.25,0.319343035
77.26,0.899654189
77.27,1.398978821
77.28,1.196516935
77.29,0.790066745
77.3,0.779064924
77.31,0.609117731
77.32,0.402914909
77.33,0.445040835
77.34,0.450858483
77.35,0.437002219
77.36,0.37832546
77.37,0.31775098
77.38,0.171287106
77.39,0.069906801
77.4,0.289322472
77.41,0.58796679
77.42,0.84195342
77.43,1.036469224
77.44,1.210666183
77.45,1.361823968
77.46,1.409823154
77.47,1.398627014
77.48,1.312870305
77.49,1.122498824
77.5,0.922311099
77.51,0.756427591
77.52,0.656739994
77.53,0.643357963
77.54,0.766952524
77.55,0.795503269
77.56,0.552056802
77.57,1.204544009
77.58,2.732955173
77.59,1.521003035
77.6,0.40848199
77.61,0.593314672
77.62,0.814000224
77.63,1.597562966
77.64,1.481486977
77.65,1.042449446
77.66,1.009031951
77.67,0.936354948
77.68,0.77881896
77.69,0.742653214
77.7,0.769110494
77.71,0.628390731
77.72,0.442050534
77.73,0.344236548
77.74,0.249720435
77.75,0.172706218
77.76,0.277537555
77.77,0.516453017
77.78,0.736536817
77.79,0.949028824
77.8,1.091184252
77.81,1.137190276
77.82,1.070842712
77.83,0.994894709
77.84,0.894297067
77.85,0.915909069
77.86,0.875502147
77.87,0.840018948
77.88,0.873580102
77.89,0.916262415
77.9,1.015907998
77.91,1.111470237
77.92,1.111249059
77.93,0.910714544
77.94,1.459858121
77.95,3.058615179
77.96,2.147921059
77.97,1.120006329
77.98,0.830307386
77.99,0.593200743
78,1.65364242
78.01,1.416431159
78.02,0.80956666
78.03,0.810107061
78.04,0.656232185
78.05,0.444534192
78.06,0.530629707
78.07,0.586538784
78.08,0.495534507
78.09,0.428171165
78.1,0.322348753
78.11,0.18663393
78.12,0.135661823
78.13,0.321190137
78.14,0.54899527
78.15,0.79816571
78.16,0.962427712
78.17,1.135908537
78.18,1.281617136
78.19,1.365235688
78.2,1.347833025
78.21,1.242173509
78.22,1.092222249
78.23,0.955768146
78.24,0.803864194
78.25,0.731464407
78.26,0.80512717
78.27,0.931110277
78.28,0.974317967
78.29,0.90454785
78.3,0.409747326
78.31,2.120530026
78.32,3.120895761
78.33,1.888658541
78.34,0.580930456
78.35,1.248398385
78.36,0.908260542
78.37,1.897027571
78.38,1.642701144
78.39,1.000819401
78.4,0.648407612
78.41,0.623308999
78.42,0.768890739
78.43,0.713018989
78.44,0.648558313
78.45,0.555112954
78.46,0.382356962
78.47,0.285471683
78.48,0.219469095
78.49,0.180882393
78.5,0.27049459
78.51,0.471959476
78.52,0.702109969
78.53,0.936223071
78.54,1.081267107
78.55,1.229066788
78.56,1.302135915
78.57,1.088613955
78.58,0.877850721
78.59,0.78753383
78.6,0.763098822
78.61,0.915001742
78.62,0.984941762
78.63,0.899647425
78.64,0.894968911
78.65,0.690030458
78.66,0.740222566
78.67,2.005874273
78.68,1.838597177
78.69,1.142819233
78.7,0.564929124
78.71,0.644082925
78.72,0.912826444
78.73,1.641529656
78.74,1.259875602
78.75,0.937389231
78.76,0.934434529
78.77,0.70951702
78.78,0.574774437
78.79,0.516520351
78.8,0.402319753
78.81,0.339562002
78.82,0.298031891
78.83,0.24538487
78.84,0.216142675
78.85,0.27640475
78.86,0.446689114
78.87,0.656435963
78.88,0.895815466
78.89,1.074721632
78.9,1.183993917
78.91,1.326133823
78.92,1.31519299
78.93,1.243546305
78.94,1.119101322
78.95,1.032805158
78.96,0.977601387
78.97,0.981702336
78.98,0.966238285
78.99,1.0325296
79,1.051262775
79.01,0.905680553
79.02,0.398054873
79.03,2.809515313
79.04,2.906195209
79.05,0.899450925
79.06,0.826960728
79.07,0.611248467
79.08,1.309179576
79.09,1.940879844
79.1,1.098340955
79.11,1.065170443
79.12,0.981049388
79.13,0.77083164
79.14,0.636140766
79.15,0.611811882
79.16,0.528553013
79.17,0.427881236
79.18,0.323161385
79.19,0.22694243
79.2,0.154953542
79.21,0.26341969
79.22,0.430637867
79.23,0.640326771
79.24,0.916602787
79.25,1.095867427
79.26,1.156663837
79.27,1.174249323
79.28,1.145498061
79.29,0.960261612
79.3,0.79121055
79.31,0.731280814
79.32,0.723762736
79.33,0.753959913
79.34,0.911799149
79.35,0.961498661
79.36,1.041020919
79.37,0.897850555
79.38,0.419883327
79.39,2.499404953
79.4,2.419998772
79.41,1.154285062
79.42,0.624044016
79.43,0.379094014
79.44,0.968131233
79.45,1.274857531
79.46,1.116571582
79.47,0.980776251
79.48,0.835783163
79.49,0.532982395
79.5,0.465778226
79.51,0.502542537
79.52,0.49953064
79.53,0.478656986
79.54,0.444646515
79.55,0.3261
79.56,0.269305628
79.57,0.379645511
79.58,0.630777392
79.59,0.940372335
79.6,1.136656365
79.61,1.203621509
79.62,1.26577801
79.63,1.374423421
79.64,1.419332092
79.65,1.424378499
79.66,1.279159304
79.67,0.95530435
79.68,0.484723721
79.69,0.29692505
79.7,0.488153846
79.71,0.831631738
79.72,1.081938663
79.73,1.088170249
79.74,0.966565521
79.75,0.676077359
79.76,2.193616462
79.77,3.482600106
79.78,1.006751611
79.79,0.697445859
79.8,0.354746857
79.81,1.62464907
79.82,1.729936948
79.83,1.002371103
79.84,0.815411071
79.85,0.760556031
79.86,0.827329142
79.87,0.756245468
79.88,0.62590867
79.89,0.588709643
79.9,0.439398519
79.91,0.293819522
79.92,0.12848324
79.93,0.150213989
79.94,0.326763437
79.95,0.56121713
79.96,0.798348287
79.97,1.007060039
79.98,1.131584071
79.99,1.162699623
80,1.067052913
80.01,0.934914789
80.02,0.888687301
80.03,0.851524049
80.04,0.819523629
80.05,0.876469808
80.06,0.975110594
80.07,1.091571385
80.08,1.186179802
80.09,1.195762691
80.1,1.035558699
80.11,0.510582463
80.12,2.425663572
80.13,3.096842942
80.14,1.751931695
80.15,1.418364179
80.16,0.691413756
80.17,1.000932451
80.18,1.673251581
80.19,1.100489035
80.2,0.859473302
80.21,0.930821346
80.22,0.646607438
80.23,0.600172047
80.24,0.652604603
80.25,0.541246245
80.26,0.413532844
80.27,0.334927981
80.28,0.225466846
80.29,0.23492197
80.3,0.382164294
80.31,0.556890307
80.32,0.796448655
80.33,0.984662326
80.34,1.090107879
80.35,1.164168374
80.36,1.238176901
80.37,1.266093882
80.38,1.254922223
80.39,1.068926023
80.4,0.861836197
80.41,0.771950005
80.42,0.782721135
80.43,0.874760316
80.44,0.963275291
80.45,1.00829137
80.46,0.837392703
80.47,0.530551223
80.48,2.787042015
80.49,2.870985209
80.5,1.456743334
80.51,0.666036403
80.52,1.100401565
80.53,1.251536893
80.54,2.213122015
80.55,1.260927503
80.56,0.883436096
80.57,0.738120258
80.58,0.635490465
80.59,0.563690448
80.6,0.369457067
80.61,0.334706026
80.62,0.337335169
80.63,0.23055984
80.64,0.185371856
80.65,0.169051551
80.66,0.246759019
80.67,0.466512282
80.68,0.714666175
80.69,0.951431429
80.7,1.089584097
80.71,1.179837204
80.72,1.216827963
80.73,1.089100339
80.74,0.939117036
80.75,0.819320268
80.76,0.767570591
80.77,0.87607492
80.78,1.030826125
80.79,1.214137628
80.8,1.329653253
80.81,1.432666697
80.82,1.361143736
80.83,0.852293392
80.84,2.0006875
80.85,3.102303899
80.86,3.485016934
80.87,1.459558249
80.88,1.535663157
80.89,0.193143124
80.9,1.865063722
80.91,1.87482173
80.92,1.153955058
80.93,0.725905874
80.94,0.489784242
80.95,0.389046834
80.96,0.346673624
80.97,0.36204854
80.98,0.43877372
80.99,0.424735257
81,0.274553928
81.01,0.172108283
81.02,0.135035255
81.03,0.292551895
81.04,0.707945432
81.05,0.980877997
81.06,1.115182656
81.07,1.252101349
81.08,1.457253587
81.09,1.611433592
81.1,1.62629031
81.11,1.402033621
81.12,1.009331257
81.13,0.697928675
81.14,0.469460006
81.15,0.401638378
81.16,0.586431307
81.17,0.882757312
81.18,1.019552402
81.19,0.91217509
81.2,0.240092404
81.21,2.67188534
81.22,4.938753686
81.23,1.475123249
81.24,1.354761473
81.25,0.477842306
81.26,1.687776148
81.27,1.960896968
81.28,1.143156304
81.29,0.938268338
81.3,0.978344423
81.31,0.821548203
81.32,0.674759618
81.33,0.493558134
81.34,0.480473226
81.35,0.551010848
81.36,0.456231222
81.37,0.393708534
81.38,0.261866126
81.39,0.211727194
81.4,0.310167723
81.41,0.563535484
81.42,0.786001107
81.43,0.960378172
81.44,1.075061694
81.45,1.201068181
81.46,1.357377615
81.47,1.373760147
81.48,1.172986386
81.49,0.901421558
81.5,0.699165832
81.51,0.578974795
81.52,0.737470651
81.53,0.891379289
81.54,1.039385034
81.55,1.117655921
81.56,1.052658521
81.57,0.579274697
81.58,2.12295975
81.59,3.007584685
81.6,1.885122791
81.61,0.933071908
81.62,0.66604095
81.63,0.807803048
81.64,1.798366059
81.65,1.320414052
81.66,0.83316376
81.67,0.799014181
81.68,0.761195381
81.69,0.543492454
81.7,0.473418527
81.71,0.547814553
81.72,0.557321183
81.73,0.473806563
81.74,0.338909611
81.75,0.158818538
81.76,0.088104091
81.77,0.210503397
81.78,0.501690339
81.79,0.758620637
81.8,1.01729052
81.81,1.246680567
81.82,1.392781009
81.83,1.481530255
81.84,1.49590237
81.85,1.411711071
81.86,1.128601066
81.87,0.859906999
81.88,0.613208185
81.89,0.449308757
81.9,0.498090147
81.91,0.740418579
81.92,0.940815224
81.93,0.945207938
81.94,0.536771375
81.95,1.556783724
81.96,3.256429042
81.97,1.791487167
81.98,0.755587496
81.99,1.286496778
82,0.435824725
82.01,2.445087728
82.02,1.754998498
82.03,0.887301567
82.04,1.065883073
82.05,0.89750241
82.06,0.735986674
82.07,0.812199398
82.08,0.712465815
82.09,0.5655499
82.1,0.463186335
82.11,0.408261218
82.12,0.342059165
82.13,0.228408384
82.14,0.127649499
82.15,0.249199674
82.16,0.480645836
82.17,0.660890372
82.18,0.92875684
82.19,1.103875696
82.2,1.211726975
82.21,1.350589592
82.22,1.300480835
82.23,1.080742974
82.24,0.840677536
82.25,0.702003459
82.26,0.707572732
82.27,0.861881135
82.28,0.988346871
82.29,1.053776378
82.3,1.097175945
82.31,1.040580313
82.32,0.658781366
82.33,2.328629523
82.34,3.123092849
82.35,1.273089143
82.36,0.544027639
82.37,0.429422682
82.38,1.040862157
82.39,1.684601005
82.4,1.143873064
82.41,0.64142686
82.42,0.632709681
82.43,0.522560417
82.44,0.398622035
82.45,0.45452517
82.46,0.512269966
82.47,0.479958874
82.48,0.473684709
82.49,0.377532318
82.5,0.117514647
82.51,0.277041427
82.52,0.528291562
82.53,0.717045267
82.54,0.933340368
82.55,1.112914069
82.56,1.25263921
82.57,1.451945712
82.58,1.488040486
82.59,1.592762053
82.6,1.567916296
82.61,1.344852212
82.62,0.883057346
82.63,0.412485474
82.64,0.339274205
82.65,0.760143182
82.66,1.004364495
82.67,0.962472313
82.68,0.660504836
82.69,1.845956685
82.7,3.200739888
82.71,1.726332384
82.72,0.480084467
82.73,1.068761936
82.74,0.587341839
82.75,1.742367148
82.76,1.647319705
82.77,1.072496226
82.78,0.927661113
82.79,0.841989562
82.8,0.89156375
82.81,0.834960954
82.82,0.700201791
82.83,0.580861586
82.84,0.523894068
82.85,0.430587087
82.86,0.31015967
82.87,0.202711081
82.88,0.188533697
82.89,0.363825224
82.9,0.569284043
82.91,0.807779954
82.92,1.040932663
82.93,1.237028518
82.94,1.271405929
82.95,1.345616327
82.96,1.153190735
82.97,0.962222376
82.98,0.91881786
82.99,0.835597342
83,0.71301732
83.01,0.763296637
83.02,0.921497856
83.03,1.078535474
83.04,1.08443852
83.05,0.930879738
83.06,1.016931894
83.07,2.42285338
83.08,2.249926878
83.09,1.476653943
83.1,0.955137815
83.11,0.602683987
83.12,1.322326863
83.13,1.260542757
83.14,0.894584025
83.15,1.175601861
83.16,1.057784312
83.17,0.660831343
83.18,0.57283011
83.19,0.511885355
83.2,0.468434108
83.21,0.373281661
83.22,0.298637939
83.23,0.242779413
83.24,0.233120618
83.25,0.360236271
83.26,0.540905589
83.27,0.766341072
83.28,0.958266214
83.29,1.062315956
83.3,1.069723808
83.31,1.156999212
83.32,1.18270565
83.33,1.243206945
83.34,1.236454419
83.35,1.168963793
83.36,1.107003081
83.37,0.94388259
83.38,0.862484838
83.39,0.749501574
83.4,0.820843235
83.41,0.761102651
83.42,0.549693816
83.43,0.187445657
83.44,2.321452761
83.45,3.410835211
83.46,1.21369862
83.47,0.909540255
83.48,0.579624718
83.49,1.615137479
83.5,1.821901479
83.51,1.011667128
83.52,0.711306166
83.53,0.813048548
83.54,0.771437679
83.55,0.528750317
83.56,0.399513692
83.57,0.496108235
83.58,0.556891751
83.59,0.501792956
83.6,0.324926247
83.61,0.184100925
83.62,0.288661541
83.63,0.506159927
83.64,0.683299502
83.65,0.899597934
83.66,1.040134393
83.67,1.102833344
83.68,1.079045267
83.69,1.274449303
83.7,1.303103333
83.71,1.116498722
83.72,0.968421377
83.73,0.924892415
83.74,0.774830466
83.75,0.770533485
83.76,0.819726147
83.77,0.957996088
83.78,1.136148916
83.79,1.169757849
83.8,0.939391425
83.81,1.499210729
83.82,2.838121346
83.83,3.574044511
83.84,1.233910307
83.85,0.766890204
83.86,0.620655549
83.87,1.443599553
83.88,1.180238053
83.89,0.939491639
83.9,0.716762907
83.91,0.430547391
83.92,0.322825742
83.93,0.341434738
83.94,0.545606893
83.95,0.592619664
83.96,0.368962466
83.97,0.222468968
83.98,0.110861436
83.99,0.180473361
84,0.348411807
84.01,0.623202199
84.02,0.92861615
84.03,1.186077475
84.04,1.314860659
84.05,1.35927328
84.06,1.351566981
84.07,1.278357075
84.08,1.205414175
84.09,1.117371143
84.1,0.963275056
84.11,0.810771258
84.12,0.728083093
84.13,0.72009738
84.14,0.786865154
84.15,0.882691247
84.16,0.939994233
84.17,0.804861093
84.18,1.564866944
84.19,3.213796066
84.2,2.28180469
84.21,0.696601354
84.22,1.291946094
84.23,1.06874296
84.24,1.453875754
84.25,1.708178007
84.26,1.247276396
84.27,0.76353726
84.28,0.645959352
84.29,0.628730471
84.3,0.600826175
84.31,0.434410099
84.32,0.422611752
84.33,0.362252405
84.34,0.2313473
84.35,0.128691805
84.36,0.099514302
84.37,0.268094887
84.38,0.444882764
84.39,0.627082701
84.4,0.767331784
84.41,0.892583527
84.42,1.022463955
84.43,1.109819219
84.44,1.144460091
84.45,1.097904157
84.46,1.070139031
84.47,0.879348372
84.48,0.899611503
84.49,0.92759225
84.5,0.954043676
84.51,1.05853484
84.52,1.048834645
84.53,0.913002824
84.54,0.541916028
84.55,2.395358875
84.56,2.664038688
84.57,1.464967711
84.58,0.790864927
84.59,0.381685063
84.6,1.167058201
84.61,1.814759784
84.62,0.870335722
84.63,0.742535811
84.64,0.919283276
84.65,0.790973047
84.66,0.54530917
84.67,0.53906164
84.68,0.602399309
84.69,0.504240156
84.7,0.30871432
84.71,0.174500408
84.72,0.209724331
84.73,0.302894259
84.74,0.430064072
84.75,0.634962981
84.76,0.926805759
84.77,1.188670847
84.78,1.281333361
84.79,1.296837152
84.8,1.351314855
84.81,1.557373302
84.82,1.533506859
84.83,1.296323024
84.84,0.954083385
84.85,0.617628683
84.86,0.459641501
84.87,0.674288388
84.88,0.882216416
84.89,0.885351128
84.9,0.570138997
84.91,1.24790034
84.92,2.547152915
84.93,2.596957723
84.94,0.635246701
84.95,0.944921265
84.96,0.824400044
84.97,1.820091547
84.98,1.801057053
84.99,1.205435447
85,0.994771866
85.01,0.747589822
85.02,0.675372192
85.03,0.675530553
85.04,0.518898755
85.05,0.42847562
85.06,0.469212175
85.07,0.453494996
85.08,0.325421336
85.09,0.185603085
85.1,0.164816303
85.11,0.326788227
85.12,0.491083629
85.13,0.564298445
85.14,0.804929815
85.15,0.951944958
85.16,1.267328042
85.17,1.430784151
85.18,1.419006115
85.19,1.254538811
85.2,1.046754487
85.21,0.903058188
85.22,0.807438426
85.23,0.873372689
85.24,0.999107035
85.25,1.061398362
85.26,0.916407372
85.27,0.372864979
85.28,2.693754148
85.29,3.461448639
85.3,0.827419736
85.31,0.193021885
85.32,0.50638272
85.33,1.129339487
85.34,1.689815621
85.35,1.057030113
85.36,0.914868758
85.37,0.700169967
85.38,0.402720478
85.39,0.327972796
85.4,0.443703601
85.41,0.56412987
85.42,0.5556542
85.43,0.412888284
85.44,0.196571901
85.45,0.172976431
85.46,0.415492781
85.47,0.685842613
85.48,0.875902249
85.49,1.080166932
85.5,1.235833129
85.51,1.355885484
85.52,1.418819158
85.53,1.379443565
85.54,1.313822429
85.55,1.16511899
85.56,0.955197134
85.57,0.7215374
85.58,0.561773533
85.59,0.604368665
85.6,0.757108347
85.61,0.862847227
85.62,0.764884423
85.63,0.526038615
85.64,2.321834862
85.65,2.837441311
85.66,1.270522891
85.67,0.739205845
85.68,1.002425917
85.69,1.340750856
85.7,2.269463676
85.71,1.373016938
85.72,0.892424721
85.73,1.014416282
85.74,0.749864969
85.75,0.663383504
85.76,0.600185421
85.77,0.476022806
85.78,0.429862501
85.79,0.371268792
85.8,0.333944917
85.81,0.230019133
85.82,0.129400196
85.83,0.194205864
85.84,0.495250983
85.85,0.833130312
85.86,1.092392618
85.87,1.220774036
85.88,1.318233577
85.89,1.336675722
85.9,1.149494034
85.91,0.890631273
85.92,0.76152514
85.93,0.774194984
85.94,0.819279952
85.95,0.927240672
85.96,1.066800817
85.97,1.178523384
85.98,1.116163764
85.99,0.803652406
86,1.306743285
86.01,3.053293568
86.02,2.158100614
86.03,1.419258255
86.04,1.008775013
86.05,0.479418423
86.06,1.523441381
86.07,1.644045103
86.08,0.996903815
86.09,0.916610533
86.1,0.815495719
86.11,0.519771769
86.12,0.385379529
86.13,0.427169142
86.14,0.439106994
86.15,0.356494144
86.16,0.293233636
86.17,0.158230288
86.18,0.21018357
86.19,0.385882563
86.2,0.556019477
86.21,0.674760659
86.22,0.886310018
86.23,1.015475054
86.24,1.10790174
86.25,1.26331988
86.26,1.48221307
86.27,1.497584047
86.28,1.358325253
86.29,1.137313988
86.3,0.897797818
86.31,0.60809986
86.32,0.495689475
86.33,0.62812962
86.34,0.843774405
86.35,1.039101989
86.36,1.424855812
86.37,3.006866623
86.38,1.848675899
86.39,0.758789002
86.4,1.562322394
86.41,0.76757807
86.42,1.636228379
86.43,1.809259082
86.44,1.206268027
86.45,1.10907203
86.46,0.973183706
86.47,0.780080136
86.48,0.562990176
86.49,0.460766715
86.5,0.448909108
86.51,0.395890532
86.52,0.299221803
86.53,0.169459418
86.54,0.233980118
86.55,0.418196239
86.56,0.54486682
86.57,0.790456722
86.58,1.045594591
86.59,1.145124233
86.6,1.17729882
86.61,1.193263519
86.62,1.151673479
86.63,1.058380626
86.64,0.977942267
86.65,0.896368578
86.66,0.843945868
86.67,0.840104203
86.68,0.91548073
86.69,1.003119693
86.7,1.032940158
86.71,0.866937862
86.72,0.750652049
86.73,2.874214014
86.74,2.494720151
86.75,0.695318535
86.76,1.088225743
86.77,0.853208769
86.78,1.047322543
86.79,1.620034379
86.8,1.297573588
86.81,1.044701062
86.82,0.947543248
86.83,0.682325709
86.84,0.660291031
86.85,0.749569346
86.86,0.626247578
86.87,0.494829802
86.88,0.380789884
86.89,0.234021179
86.9,0.071633154
86.91,0.136796158
86.92,0.299168154
86.93,0.5442835
86.94,0.862500428
86.95,1.157679294
86.96,1.351719969
86.97,1.35308724
86.98,1.414195646
86.99,1.569898114
87,1.337866054
87.01,1.08897244
87.02,0.853555632
87.03,0.646787155
87.04,0.481484981
87.05,0.541641706
87.06,0.760382214
87.07,0.879924782
87.08,0.962873424
87.09,1.748950624
87.1,2.780926692
87.11,1.633681832
87.12,0.836107984
87.13,0.811164351
87.14,0.80954965
87.15,2.08918948
87.16,1.261837076
87.17,0.868996361
87.18,1.076357264
87.19,0.932948584
87.2,0.727217186
87.21,0.707999838
87.22,0.571699908
87.23,0.466283831
87.24,0.445723561
87.25,0.369659998
87.26,0.251841365
87.27,0.243621485
87.28,0.349519374
87.29,0.443725144
87.3,0.591935106
87.31,0.877224735
87.32,1.140838144
87.33,1.277204187
87.34,1.315003115
87.35,1.305409487
87.36,0.99975416
87.37,0.89930341
87.38,0.888917134
87.39,0.842070626
87.4,0.831104316
87.41,0.904628552
87.42,1.164839471
87.43,1.489136903
87.44,1.104654271
87.45,0.413805302
87.46,2.395645719
87.47,3.379992175
87.48,1.362616163
87.49,0.827449999
87.5,0.523663623
87.51,0.895568844
87.52,1.429560614
87.53,1.076289059
87.54,0.971866118
87.55,0.904100154
87.56,0.631608335
87.57,0.488723798
87.58,0.568562849
87.59,0.626337713
87.6,0.54906375
87.61,0.44483423
87.62,0.308224906
87.63,0.259546834
87.64,0.372062385
87.65,0.47994149
87.66,0.725842084
87.67,0.849411661
87.68,0.972095198
87.69,1.168324574
87.7,1.252117468
87.71,1.32078287
87.72,1.395382802
87.73,1.266949204
87.74,1.007544958
87.75,0.710631801
87.76,0.540393982
87.77,0.591750119
87.78,0.811189658
87.79,1.002213577
87.8,1.038259303
87.81,0.849043237
87.82,0.334733374
87.83,2.03128274
87.84,2.314080746
87.85,1.647612798
87.86,1.04122829
87.87,1.750792624
87.88,0.807153691
87.89,0.482320883
87.9,1.401075856
87.91,0.916855004
87.92,0.805119173
87.93,0.784877716
87.94,0.756112184
87.95,0.761481401
87.96,0.667371525
87.97,0.491184619
87.98,0.401322831
87.99,0.290448808
88,0.210203463
88.01,0.198909924
88.02,0.20471827
88.03,0.319830335
88.04,0.482101413
88.05,0.540377583
88.06,0.632989221
88.07,0.739793603
88.08,0.851375526
88.09,0.979173359
88.1,1.020411817
88.11,1.083630118
88.12,1.025462692
88.13,0.930626036
88.14,0.794929731
88.15,0.921963385
88.16,1.081841247
88.17,1.116931275
88.18,0.971979506
88.19,0.988397621
88.2,0.496449201
88.21,2.43734907
88.22,3.487416583
88.23,1.89999223
88.24,1.385496327
88.25,0.597297564
88.26,1.663231107
88.27,1.487907135
88.28,0.964617269
88.29,0.865689792
88.3,0.842455234
88.31,0.576705492
88.32,0.417352316
88.33,0.4760306
88.34,0.653090541
88.35,0.564086657
88.36,0.45467989
88.37,0.355901478
88.38,0.372249136
88.39,0.238807413
88.4,0.369232437
88.41,0.577585898
88.42,0.669909655
88.43,0.667429032
88.44,0.798375691
88.45,0.970810772
88.46,1.108874612
88.47,1.267388275
88.48,1.464471798
88.49,1.539156107
88.5,1.215988559
88.51,0.641237316
88.52,0.431704899
88.53,0.651071994
88.54,0.858614415
88.55,0.905308082
88.56,0.877932292
88.57,0.855329559
88.58,0.747110971
88.59,0.606265705
88.6,1.964238716
88.61,4.111104193
88.62,1.995729928
88.63,0.633197821
88.64,1.436536109
88.65,0.68586274
88.66,2.08769696
88.67,2.551500774
88.68,0.748158801
88.69,0.654650245
88.7,0.773166804
88.71,0.74954496
88.72,0.606076034
88.73,0.584388906
88.74,0.477845542
88.75,0.429663893
88.76,0.330201937
88.77,0.193549171
88.78,0.128262854
88.79,0.353768649
88.8,0.677207039
88.81,0.931138515
88.82,1.085193215
88.83,1.121846188
88.84,1.054766812
88.85,1.000373614
88.86,0.947817372
88.87,0.84219407
88.88,0.751629016
88.89,0.774406927
88.9,0.852440367
88.91,0.944039672
88.92,1.006302999
88.93,1.053870753
88.94,1.024657832
88.95,0.726668405
88.96,1.54989306
88.97,2.630385081
88.98,1.753340245
88.99,1.301776415
89,0.572809496
89.01,1.090209306
89.02,1.277328792
89.03,1.229102849
89.04,1.018938122
89.05,0.818984582
89.06,0.668915261
89.07,0.720197071
89.08,0.672517973
89.09,0.582784254
89.1,0.457468653
89.11,0.279602408
89.12,0.188302337
89.13,0.126225885
89.14,0.197177962
89.15,0.381332216
89.16,0.656854743
89.17,0.907851341
89.18,1.102742802
89.19,1.224307391
89.2,1.289838694
89.21,1.389580772
89.22,1.379788896
89.23,1.190557023
89.24,0.982151503
89.25,0.801242748
89.26,0.766185183
89.27,0.870703297
89.28,1.071251179
89.29,1.19825459
89.3,1.057990991
89.31,0.623539747
89.32,2.456841635
89.33,2.760677425
89.34,1.196209028
89.35,0.394511652
89.36,1.419739001
89.37,0.7883346
89.38,1.512092577
89.39,1.397033715
89.4,1.065489399
89.41,1.058600292
89.42,1.006007645
89.43,0.801289003
89.44,0.675148882
89.45,0.553723319
89.46,0.445026592
89.47,0.444190276
89.48,0.436252673
89.49,0.317905876
89.5,0.29842633
89.51,0.291742603
89.52,0.441251091
89.53,0.659599742
89.54,0.891880968
89.55,1.025843307
89.56,1.116531693
89.57,1.044909267
89.58,0.882091334
89.59,0.888175395
89.6,0.940296261
89.61,0.924506228
89.62,0.93734929
89.63,1.024096192
89.64,1.140126861
89.65,1.224865588
89.66,1.274350363
89.67,1.189241635
89.68,1.01199348
89.69,0.665607047
89.7,1.697432134
89.71,3.603708499
89.72,1.914802453
89.73,1.301392791
89.74,0.712554556
89.75,0.257400827
89.76,1.662798267
89.77,1.570717163
89.78,1.060714678
89.79,0.913974466
89.8,0.630780239
89.81,0.340777336
89.82,0.397778191
89.83,0.51535231
89.84,0.507231528
89.85,0.388815265
89.86,0.275136835
89.87,0.167021631
89.88,0.18211625
89.89,0.389702381
89.9,0.677919608
89.91,0.958148306
89.92,1.18427334
89.93,1.2736527
89.94,1.381386588
89.95,1.488864375
89.96,1.483199201
89.97,1.370329907
89.98,1.117253655
89.99,0.741081641
90,0.469910652
90.01,0.456754634
90.02,0.712603266
90.03,0.991105563
90.04,1.060622814
90.05,0.872674494
90.06,1.061840817
90.07,4.187008093
90.08,2.740429234
90.09,0.702479602
90.1,1.215114454
90.11,0.521139046
90.12,1.876387374
90.13,1.547952049
90.14,1.080334307
90.15,1.033389622
90.16,0.793894106
90.17,0.776387759
90.18,0.756782559
90.19,0.65001021
90.2,0.584310385
90.21,0.562314829
90.22,0.429192183
90.23,0.217544303
90.24,0.032912017
90.25,0.243660963
90.26,0.568608943
90.27,0.825314458
90.28,1.027759199
90.29,1.15839458
90.3,1.161732148
90.31,1.055167695
90.32,1.02203686
90.33,1.047147667
90.34,1.014171275
90.35,0.882914659
90.36,0.748977317
90.37,0.784027277
90.38,0.942352954
90.39,1.149637455
90.4,1.22548954
90.41,1.106691982
90.42,0.855086615
90.43,1.629686609
90.44,3.044488624
90.45,2.449050529
90.46,1.388450781
90.47,0.831398215
90.48,0.480089056
90.49,1.842963571
90.5,1.527648347
90.51,0.911753087
90.52,0.821101215
90.53,0.700619087
90.54,0.54926377
90.55,0.557904153
90.56,0.491725965
90.57,0.351956003
90.58,0.249188784
90.59,0.182117947
90.6,0.103841661
90.61,0.126245167
90.62,0.341049804
90.63,0.61929036
90.64,0.805014481
90.65,1.082868238
90.66,1.26037141
90.67,1.332132584
90.68,1.379841994
90.69,1.393602553
90.7,1.331301042
90.71,1.13515957
90.72,0.844380178
90.73,0.607756551
90.74,0.579700585
90.75,0.721992136
90.76,0.856256227
90.77,0.885185984
90.78,0.825069479
90.79,0.590209882
90.8,1.688972071
90.81,2.811798047
90.82,1.433857541
90.83,0.378524264
90.84,0.954718073
90.85,0.894805236
90.86,1.714350552
90.87,1.478485088
90.88,1.116784451
90.89,1.038696049
90.9,0.868790274
90.91,0.80826203
90.92,0.837691199
90.93,0.733337785
90.94,0.588288565
90.95,0.514995664
90.96,0.362738365
90.97,0.294903201
90.98,0.174202136
90.99,0.154874344
91,0.320407851
91.01,0.561575025
91.02,0.795899983
91.03,1.031693124
91.04,1.142581904
91.05,1.247246913
91.06,1.289378886
91.07,1.170647101
91.08,1.0756691
91.09,0.903183175
91.1,0.812685961
91.11,0.710594594
91.12,0.682925413
91.13,0.775237
91.14,0.855540758
91.15,0.893378773
91.16,0.689915713
91.17,0.745852146
91.18,2.367946854
91.19,1.623085934
91.2,0.735358322
91.21,0.447371801
91.22,0.62217603
91.23,1.486129246
91.24,1.396184404
91.25,1.115631208
91.26,1.073710244
91.27,0.840006447
91.28,0.629913126
91.29,0.608792911
91.3,0.58693278
91.31,0.415941574
91.32,0.310997027
91.33,0.281485907
91.34,0.182871096
91.35,0.22175026
91.36,0.394786881
91.37,0.585799416
91.38,0.777571303
91.39,1.007961461
91.4,1.225011934
91.41,1.353568683
91.42,1.407049082
91.43,1.43331142
91.44,1.367693901
91.45,1.12403198
91.46,0.88514115
91.47,0.642069359
91.48,0.418695796
91.49,0.477220791
91.5,0.717857541
91.51,0.906063231
91.52,0.837111405
91.53,0.500955537
91.54,1.97499311
91.55,1.977596253
91.56,0.650044201
91.57,0.47463461
91.58,0.261175744
91.59,1.531700231
91.6,1.667947988
91.61,1.049118286
91.62,1.147302183
91.63,1.045172186
91.64,0.838132949
91.65,0.677304114
91.66,0.677346258
91.67,0.631247188
91.68,0.511295157
91.69,0.348523748
91.7,0.235763945
91.71,0.143916818
91.72,0.222568959
91.73,0.376682633
91.74,0.551321497
91.75,0.742283497
91.76,0.981506276
91.77,1.188254848
91.78,1.228902027
91.79,1.167438056
91.8,0.968059173
91.81,0.854333025
91.82,0.777855638
91.83,0.748534262
91.84,0.781318904
91.85,0.822651224
91.86,0.917427022
91.87,1.071505659
91.88,1.148429482
91.89,1.059965753
91.9,0.557109059
91.91,2.164443531
91.92,3.696859608
91.93,2.154002708
91.94,1.21293041
91.95,0.567217345
91.96,0.908428289
91.97,1.821154348
91.98,1.445495428
91.99,0.973355601
92,0.812961898
92.01,0.549274438
92.02,0.373303998
92.03,0.515783522
92.04,0.579694073
92.05,0.559525923
92.06,0.438475104
92.07,0.280495483
92.08,0.095252811
92.09,0.178216999
92.1,0.474934491
92.11,0.731839852
92.12,0.946835729
92.13,1.213592405
92.14,1.349874349
92.15,1.440102407
92.16,1.561590959
92.17,1.505608931
92.18,1.269193574
92.19,1.007835332
92.2,0.72865141
92.21,0.507855763
92.22,0.472212836
92.23,0.652551319
92.24,0.871323896
92.25,0.936736822
92.26,0.838957149
92.27,0.451253927
92.28,2.132192099
92.29,3.672169092
92.3,1.141612827
92.31,0.918493706
92.32,0.768824562
92.33,1.309614029
92.34,2.269294775
92.35,1.386434601
92.36,0.692487159
92.37,0.693493831
92.38,0.874604999
92.39,0.986285216
92.4,0.807080038
92.41,0.606255254
92.42,0.548194095
92.43,0.513635344
92.44,0.39140268
92.45,0.192856899
92.46,0.244088008
92.47,0.476387869
92.48,0.649863402
92.49,0.857309303
92.5,1.023319564
92.51,1.126508314
92.52,1.196097845
92.53,1.280556968
92.54,1.322204053
92.55,1.198492835
92.56,0.972711843
92.57,0.765620841
92.58,0.669933222
92.59,0.6346489
92.6,0.671265337
92.61,0.812899609
92.62,0.960880929
92.63,1.004674132
92.64,0.556811431
92.65,1.795839686
92.66,3.034095064
92.67,1.733105149
92.68,0.847610049
92.69,0.827570567
92.7,0.662000121
92.71,1.799847245
92.72,1.401587217
92.73,0.877508867
92.74,0.802176219
92.75,0.613770566
92.76,0.525690321
92.77,0.64817861
92.78,0.673122562
92.79,0.544797618
92.8,0.336263682
92.81,0.241455944
92.82,0.211546647
92.83,0.159295524
92.84,0.30023283
92.85,0.530048818
92.86,0.762224038
92.87,0.968286004
92.88,1.168051467
92.89,1.356202172
92.9,1.511524178
92.91,1.580314761
92.92,1.404817019
92.93,0.974287794
92.94,0.690159846
92.95,0.550615046
92.96,0.576240682
92.97,0.802906961
92.98,1.039577963
92.99,1.203347809
93,1.247474272
93.01,1.73071583
93.02,2.414190278
93.03,1.803432018
93.04,0.379371375
93.05,0.814585113
93.06,0.305352311
93.07,1.909145469
93.08,1.89478033
93.09,0.991789576
93.1,0.83024257
93.11,0.817902313
93.12,0.681700936
93.13,0.636916566
93.14,0.681402672
93.15,0.580886812
93.16,0.453513568
93.17,0.332408334
93.18,0.225004481
93.19,0.153960354
93.2,0.310664838
93.21,0.518002798
93.22,0.632500828
93.23,0.818901441
93.24,1.130813784
93.25,1.332309621
93.26,1.342936895
93.27,1.302108587
93.28,1.174193155
93.29,0.961858445
93.3,0.789005316
93.31,0.779668274
93.32,0.917280378
93.33,0.917185722
93.34,0.94887158
93.35,1.140944363
93.36,1.052127833
93.37,0.649027525
93.38,2.84179782
93.39,3.034019175
93.4,0.597497725
93.41,1.115602041
93.42,0.679260804
93.43,1.09662026
93.44,1.834361135
93.45,1.338553548
93.46,1.065374622
93.47,1.001126188
93.48,0.740289217
93.49,0.683636273
93.5,0.632234854
93.51,0.571069121
93.52,0.477345535
93.53,0.377623251
93.54,0.201426227
93.55,0.109907134
93.56,0.22048457
93.57,0.414469071
93.58,0.662378661
93.59,0.875279044
93.6,1.065045525
93.61,1.273099629
93.62,1.398703351
93.63,1.424510922
93.64,1.345926122
93.65,1.141701929
93.66,0.94674255
93.67,0.753412724
93.68,0.591220831
93.69,0.627826959
93.7,0.812636449
93.71,0.941713817
93.72,0.866068352
93.73,0.507369329
93.74,1.796675993
93.75,2.547445417
93.76,0.92540207
93.77,0.613707822
93.78,0.865576387
93.79,1.039974976
93.8,1.210825612
93.81,1.50330862
93.82,1.290358479
93.83,1.101998967
93.84,0.895713158
93.85,0.807944421
93.86,0.754975048
93.87,0.641025159
93.88,0.514641873
93.89,0.41388299
93.9,0.284833618
93.91,0.218758337
93.92,0.168134641
93.93,0.303210077
93.94,0.466167705
93.95,0.690848991
93.96,0.924005953
93.97,1.107568576
93.98,1.284853891
93.99,1.289795665
94,1.167882788
94.01,1.015031157
94.02,0.851498659
94.03,0.739350221
94.04,0.672338075
94.05,0.70178168
94.06,0.789219195
94.07,0.922284569
94.08,0.983033334
94.09,0.802839361
94.1,0.623914124
94.11,2.133279932
94.12,1.81706147
94.13,1.277527642
94.14,0.893460668
94.15,0.554918857
94.16,1.265142985
94.17,1.360857105
94.18,0.895994192
94.19,1.18496408
94.2,1.099660902
94.21,0.70575301
94.22,0.558473367
94.23,0.568182694
94.24,0.525329556
94.25,0.415764535
94.26,0.318645047
94.27,0.248080275
94.28,0.141160892
94.29,0.239586019
94.3,0.432039428
94.31,0.623422951
94.32,0.856034907
94.33,1.052956788
94.34,1.212064388
94.35,1.368294225
94.36,1.449210253
94.37,1.377065972
94.38,1.231541
94.39,0.95560932
94.4,0.754421818
94.41,0.591381913
94.42,0.564064835
94.43,0.913547155
94.44,1.116214578
94.45,1.075045288
94.46,0.860211196
94.47,0.139084463
94.48,2.160251317
94.49,2.815473062
94.5,1.016516395
94.51,0.39037481
94.52,0.610252639
94.53,1.673860343
94.54,1.608560866
94.55,0.877010905
94.56,0.881914892
94.57,0.909328117
94.58,0.679193114
94.59,0.582257019
94.6,0.596991166
94.61,0.653769005
94.62,0.527614881
94.63,0.393542155
94.64,0.294711082
94.65,0.173536901
94.66,0.186932846
94.67,0.400041514
94.68,0.641556153
94.69,0.89920316
94.7,1.094934981
94.71,1.299960152
94.72,1.536451378
94.73,1.507332245
94.74,1.320083865
94.75,0.76514239
94.76,0.701179215
94.77,0.649823459
94.78,0.726534146
94.79,0.877895088
94.8,0.989630919
94.81,1.030888362
94.82,1.011613933
94.83,0.458375085
94.84,1.845551051
94.85,2.841821651
94.86,1.231713033
94.87,0.411608238
94.88,0.364908788
94.89,0.84656782
94.9,1.659401072
94.91,1.093208897
94.92,0.85889377
94.93,1.007034996
94.94,0.786367967
94.95,0.628482102
94.96,0.653922873
94.97,0.607959141
94.98,0.555603991
94.99,0.490861569
95,0.362666838
95.01,0.175128234
95.02,0.132978623
95.03,0.393108615
95.04,0.655070774
95.05,0.881104025
95.06,1.080773841
95.07,1.235618299
95.08,1.331184835
95.09,1.41123483
95.1,1.436445104
95.11,1.309482241
95.12,1.052918113
95.13,0.818384047
95.14,0.693527573
95.15,0.636841495
95.16,0.65029714
95.17,0.70536756
95.18,0.799053955
95.19,0.811280497
95.2,0.357529889
95.21,2.170709792
95.22,2.612087356
95.23,0.918693127
95.24,0.705188609
95.25,0.67510413
95.26,1.15131753
95.27,1.870192792
95.28,1.255403203
95.29,0.847541017
95.3,0.789814462
95.31,0.587131389
95.32,0.640332225
95.33,0.729215337
95.34,0.670131243
95.35,0.530435408
95.36,0.416543733
95.37,0.305153281
95.38,0.191635747
95.39,0.180397618
95.4,0.230197155
95.41,0.388241964
95.42,0.6189637
95.43,0.879944965
95.44,1.136021281
95.45,1.245090655
95.46,1.280709687
95.47,1.179469003
95.48,0.896597646
95.49,0.724960402
95.5,0.747828754
95.51,0.795258726
95.52,0.844020099
95.53,0.913026782
95.54,0.986452264
95.55,1.00137301
95.56,0.880190512
95.57,0.386581243
95.58,2.128777703
95.59,2.555318167
95.6,1.567813601
95.61,1.116471075
95.62,0.284221195
95.63,1.02151015
95.64,1.499000149
95.65,0.977314043
95.66,0.893951444
95.67,0.893634645
95.68,0.682291214
95.69,0.470340017
95.7,0.424583024
95.71,0.457347091
95.72,0.431919596
95.73,0.366253797
95.74,0.305254863
95.75,0.201556818
95.76,0.073245047
95.77,0.229728186
95.78,0.474951156
95.79,0.786568078
95.8,1.081529447
95.81,1.309279595
95.82,1.390743687
95.83,1.420504778
95.84,1.434744942
95.85,1.408576611
95.86,1.344239704
95.87,1.079944266
95.88,0.690000784
95.89,0.388237337
95.9,0.535610977
95.91,0.795606277
95.92,0.927033933
95.93,0.857214714
95.94,0.272642768
95.95,2.138602833
95.96,2.656348081
95.97,0.895179145
95.98,0.676840455
95.99,0.559655837
96,1.437943346
96.01,1.599044047
96.02,1.07705818
96.03,0.949368195
96.04,1.026787787
96.05,0.93683423
96.06,0.805917868
96.07,0.658648241
96.08,0.57107089
96.09,0.562630011
96.1,0.548641864
96.11,0.380806796
96.12,0.168426796
96.13,0.203310238
96.14,0.425366526
96.15,0.655722283
96.16,0.838089998
96.17,0.985739443
96.18,1.144840565
96.19,1.227734912
96.2,1.26003688
96.21,1.100418223
96.22,0.933023399
96.23,0.843912403
96.24,0.789159942
96.25,0.750560369
96.26,0.80219777
96.27,0.888381128
96.28,0.980184678
96.29,0.990859597
96.3,0.64215936
96.31,1.635941845
96.32,2.734031369
96.33,1.474951587
96.34,0.650884169
96.35,0.68868196
96.36,0.677837711
96.37,1.368819215
96.38,1.356933252
96.39,0.980345666
96.4,0.921412299
96.41,0.824635449
96.42,0.621413328
96.43,0.54641272
96.44,0.512274264
96.45,0.465829817
96.46,0.372298463
96.47,0.250775202
96.48,0.144390914
96.49,0.086753267
96.5,0.218691303
96.51,0.456255866
96.52,0.733279335
96.53,0.946380041
96.54,1.137890462
96.55,1.292482386
96.56,1.396371843
96.57,1.425683889
96.58,1.422389276
96.59,1.288472471
96.6,0.988531871
96.61,0.651463301
96.62,0.367341837
96.63,0.540471563
96.64,0.707035849
96.65,0.805221171
96.66,0.764936941
96.67,0.231611192
96.68,1.316601625
96.69,2.115497217
96.7,1.199465581
96.71,0.424069424
96.72,0.335719966
96.73,0.987515376
96.74,1.906003813
96.75,1.330450112
96.76,1.029590415
96.77,1.168060927
96.78,0.964264845
96.79,0.74239278
96.8,0.690970666
96.81,0.63437866
96.82,0.528979999
96.83,0.434629592
96.84,0.367966353
96.85,0.283162304
96.86,0.18267871
96.87,0.183680611
96.88,0.364256456
96.89,0.688528031
96.9,0.951811069
96.91,1.172463012
96.92,1.465333851
96.93,1.512269641
96.94,1.239294044
96.95,0.97257968
96.96,0.877784699
96.97,0.765359406
96.98,0.752018783
96.99,0.751255583
97,0.804561246
97.01,0.903524173
97.02,0.952723297
97.03,0.799254629
97.04,0.171440241
97.05,2.232870508
97.06,2.354419964
97.07,1.327815175
97.08,0.567791254
97.09,0.244982788
97.1,1.086159934
97.11,1.313285286
97.12,1.015295222
97.13,1.027699829
97.14,0.914064996
97.15,0.677527203
97.16,0.551622772
97.17,0.533504959
97.18,0.469034522
97.19,0.39302317
97.2,0.32529353
97.21,0.207605498
97.22,0.105189832
97.23,0.349645827
97.24,0.539916988
97.25,0.748488864
97.26,0.987921091
97.27,1.168762967
97.28,1.300921128
97.29,1.417966562
97.3,1.430774557
97.31,1.336508788
97.32,1.204586511
97.33,1.030563165
97.34,0.844006071
97.35,0.646644344
97.36,0.613691541
97.37,0.734900191
97.38,0.838044526
97.39,0.805674308
97.4,0.531237548
97.41,1.806280863
97.42,3.329379341
97.43,1.036380941
97.44,0.678727752
97.45,0.384787636
97.46,1.484891151
97.47,1.656521161
97.48,0.924666644
97.49,0.838568176
97.5,0.906030132
97.51,0.859321122
97.52,0.793538866
97.53,0.634400221
97.54,0.557868816
97.55,0.544015356
97.56,0.445787822
97.57,0.29686338
97.58,0.144033419
97.59,0.196026209
97.6,0.390044173
97.61,0.60238534
97.62,0.852857942
97.63,1.080066569
97.64,1.182129775
97.65,1.22264747
97.66,1.213992998
97.67,1.22789588
97.68,1.081788152
97.69,0.959019564
97.7,0.824384991
97.71,0.665976643
97.72,0.659937479
97.73,0.7738781
97.74,0.879136902
97.75,0.930102654
97.76,0.857901319
97.77,0.251446649
97.78,2.443174779
97.79,2.731090181
97.8,1.039687066
97.81,0.439011487
97.82,0.776790239
97.83,1.609656315
97.84,1.25621322
97.85,0.961966305
97.86,1.068161792
97.87,0.806492047
97.88,0.572122008
97.89,0.576155353
97.9,0.641714319
97.91,0.559033165
97.92,0.481886088
97.93,0.392738892
97.94,0.217923471
97.95,0.161642954
97.96,0.306280376
97.97,0.472988461
97.98,0.642898898
97.99,0.874348569
98,1.065684611
98.01,1.17507534
98.02,1.270309273
98.03,1.337580366
98.04,1.331589067
98.05,1.161849472
98.06,0.984379407
98.07,0.861343009
98.08,0.676904297
98.09,0.585557857
98.1,0.708866385
98.11,0.862501706
98.12,0.936795089
98.13,0.757973387
98.14,1.24162529
98.15,2.858339998
98.16,1.854492745
98.17,0.523238684
98.18,0.430415769
98.19,1.016301426
98.2,1.701653036
98.21,1.247985634
98.22,0.925749432
98.23,1.051913528
98.24,0.892597275
98.25,0.67720491
98.26,0.618804621
98.27,0.602353468
98.28,0.516245276
98.29,0.426187328
98.3,0.344762015
98.31,0.144975124
98.32,0.216514752
98.33,0.406841861
98.34,0.628416726
98.35,0.819944315
98.36,1.016743137
98.37,1.136589724
98.38,1.234378725
98.39,1.177780912
98.4,1.089531862
98.41,0.949358969
98.42,0.843806752
98.43,0.765584912
98.44,0.728010212
98.45,0.735498425
98.46,0.817336183
98.47,0.944880032
98.48,1.016313045
98.49,0.896634794
98.5,0.773751282
98.51,3.144852654
98.52,2.25622792
98.53,1.090063472
98.54,0.934783506
98.55,0.42729672
98.56,1.64220069
98.57,1.405489696
98.58,0.855798499
98.59,1.016791221
98.6,0.802128552
98.61,0.578273309
98.62,0.607751366
98.63,0.569546778
98.64,0.461840234
98.65,0.394719767
98.66,0.283620853
98.67,0.145869676
98.68,0.248812334
98.69,0.473992921
98.7,0.679988438
98.71,0.851811147
98.72,1.022846414
98.73,1.17930615
98.74,1.309767299
98.75,1.373620283
98.76,1.372391773
98.77,1.337054649
98.78,0.94128312
98.79,0.765047065
98.8,0.713623663
98.81,0.628417265
98.82,0.650162319
98.83,0.788155056
98.84,0.851201482
98.85,0.548680664
98.86,1.225426829
98.87,2.185953583
98.88,1.584001231
98.89,0.634873357
98.9,0.783689679
98.91,1.382181792
98.92,1.55771239
98.93,1.629559593
98.94,0.952826364
98.95,1.193898713
98.96,1.112328529
98.97,0.915550272
98.98,0.721746739
98.99,0.651515163
99,0.606397416
99.01,0.452468698
99.02,0.312494019
99.03,0.274949984
99.04,0.223351392
99.05,0.253182182
99.06,0.385787365
99.07,0.509181071
99.08,0.739925778
99.09,0.982938666
99.1,1.183594205
99.11,1.282721013
99.12,1.269524844
99.13,1.141412039
99.14,0.890241843
99.15,0.73677925
99.16,0.676710675
99.17,0.658538742
99.18,0.735091992
99.19,0.89320143
99.2,1.077488926
99.21,1.080483313
99.22,0.708878651
99.23,1.524938306
99.24,3.297959336
99.25,1.58582624
99.26,0.329838698
99.27,1.07176983
99.28,0.381388431
99.29,1.380009684
99.3,1.589491685
99.31,1.199838304
99.32,1.034563134
99.33,0.820181925
99.34,0.654691777
99.35,0.548859816
99.36,0.498428248
99.37,0.446415866
99.38,0.425777673
99.39,0.341606926
99.4,0.207164069
99.41,0.222450043
99.42,0.411936655
99.43,0.654569375
99.44,0.841079677
99.45,1.153226991
99.46,1.311645166
99.47,1.317519533
99.48,1.351829177
99.49,1.403466103
99.5,1.332614035
99.51,1.069795407
99.52,0.880465582
99.53,0.680507728
99.54,0.602324105
99.55,0.675422261
99.56,0.838524089
99.57,0.899658543
99.58,0.737804913
99.59,1.392936206
99.6,3.637155453
99.61,1.899356188
99.62,0.737393795
99.63,0.708707621
99.64,0.952885252
99.65,1.675520078
99.66,1.128070358
99.67,0.849651201
99.68,0.915532868
99.69,0.876724423
99.7,0.71886292
99.71,0.594763387
99.72,0.560149986
99.73,0.517515158
99.74,0.4706831
99.75,0.366442412
99.76,0.212216507
99.77,0.231741992
99.78,0.451848844
99.79,0.675762641
99.8,0.918198146
99.81,1.124877285
99.82,1.246851091
99.83,1.336941022
99.84,1.250778875
99.85,1.095390888
99.86,0.906229023
99.87,0.834127271
99.88,0.692478134
99.89,0.687338949
99.9,0.791367755
99.91,0.937315355
99.92,1.07576645
99.93,1.148358083
99.94,1.066304107
99.95,0.869771571
99.96,1.71373239
99.97,3.607164443
99.98,2.252390073
99.99,1.617149794
100,0.862178382
100.01,0.239196118
100.02,1.809199279
100.03,1.520988704
100.04,0.92136432
100.05,0.858483661
100.06,0.732779339
100.07,0.532526406
100.08,0.498577241
100.09,0.542200919
100.1,0.463758299
100.11,0.376917495
100.12,0.241621706
100.13,0.149426631
100.14,0.215085432
100.15,0.412814825
100.16,0.660285548
100.17,0.954007622
100.18,1.109902902
100.19,1.200216433
100.2,1.303388972
100.21,1.379862556
100.22,1.347235319
100.23,1.226745245
100.24,1.052433633
100.25,0.836699116
100.26,0.67820668
100.27,0.550442155
100.28,0.63979991
100.29,0.843077234
100.3,0.986515937
100.31,0.932517256
100.32,0.589313869
100.33,1.385368162
100.34,3.188875423
100.35,2.120460141
100.36,0.506227803
100.37,0.984394228
100.38,0.744667935
100.39,2.05852735
100.4,1.85109043
100.41,0.977689266
100.42,0.96713202
100.43,0.872316413
100.44,0.671133432
100.45,0.594335987
100.46,0.561930596
100.47,0.531348266
100.48,0.471954113
100.49,0.362704408
100.5,0.250029312
100.51,0.155748309
100.52,0.240785524
100.53,0.410758429
100.54,0.567502713
100.55,0.768477614
100.56,0.949302359
100.57,1.147591172
100.58,1.273794544
100.59,1.306204723
100.6,1.276840798
100.61,1.137008351
100.62,0.8351218
100.63,0.640956714
100.64,0.721053357
100.65,0.829823845
100.66,0.972519494
100.67,0.980194673
100.68,0.931667007
100.69,0.716446628
100.7,1.432656514
100.71,3.305187158
100.72,1.462648133
100.73,1.0267418
100.74,0.800288949
100.75,0.621811425
100.76,1.483113838
100.77,1.287833766
100.78,0.905135268
100.79,1.071445473
100.8,0.900984893
100.81,0.635680716
100.82,0.627625344
100.83,0.719244325
100.84,0.634004086
100.85,0.560523999
100.86,0.483270552
100.87,0.373732821
100.88,0.262246712
100.89,0.208178606
100.9,0.303922244
100.91,0.515402629
100.92,0.777981818
100.93,0.939919966
100.94,1.230168291
100.95,1.4349468
100.96,1.502810141
100.97,1.459400692
100.98,1.363409123
100.99,1.179611934
101,0.907141165
101.01,0.665754228
101.02,0.562371351
101.03,0.579028111
101.04,0.695028808
101.05,0.815831476
101.06,0.84217067
101.07,0.54847089
101.08,1.137016338
101.09,3.056249508
101.1,1.729422875
101.11,0.963862978
101.12,0.256455601
101.13,1.080418573
101.14,1.707813722
101.15,1.363047995
101.16,0.891189996
101.17,0.762030444
101.18,0.725212387
101.19,0.776745224
101.2,0.769260488
101.21,0.655477683
101.22,0.544400324
101.23,0.518845876
101.24,0.437773571
101.25,0.342730476
101.26,0.365669321
101.27,0.470080553
101.28,0.642301938
101.29,0.840140303
101.3,1.00013167
101.31,1.124619764
101.32,1.243611486
101.33,1.273788998
101.34,1.217727406
101.35,1.108694879
101.36,0.883182404
101.37,0.727947397
101.38,0.654096641
101.39,0.683768145
101.4,0.805260993
101.41,0.977637522
101.42,1.115442904
101.43,1.084827355
101.44,0.615573092
101.45,1.234370161
101.46,3.573410617
101.47,2.384795918
101.48,1.044097025
101.49,0.524661428
101.5,0.85501011
101.51,1.590906787
101.52,1.294061214
101.53,0.842309093
101.54,0.736377416
101.55,0.565069595
101.56,0.485154039
101.57,0.538798422
101.58,0.570285149
101.59,0.492227042
101.6,0.370450285
101.61,0.235777961
101.62,0.172889969
101.63,0.279578284
101.64,0.396563716
101.65,0.559122638
101.66,0.759157532
101.67,1.00406593
101.68,1.214207203
101.69,1.353377418
101.7,1.523155601
101.71,1.532197756
101.72,1.367040846
101.73,1.164162635
101.74,0.944432814
101.75,0.657471899
101.76,0.430752513
101.77,0.463308732
101.78,0.60885796
101.79,0.733518208
101.8,0.657877048
101.81,0.74915757
101.82,1.954001302
101.83,1.598798839
101.84,0.73006749
101.85,0.666210345
101.86,0.527273961
101.87,1.177830136
101.88,1.754282845
101.89,1.156676036
101.9,1.094594598
101.91,0.990437136
101.92,0.728711408
101.93,0.600911492
101.94,0.590549951
101.95,0.553627688
101.96,0.450668501
101.97,0.371743322
101.98,0.312624943
101.99,0.220075204
102,0.19472618
102.01,0.298364957
102.02,0.476854425
102.03,0.748245493
102.04,1.028649399
102.05,1.221969354
102.06,1.331627838
102.07,1.297217821
102.08,1.1456509
102.09,0.895085474
102.1,0.751496127
102.11,0.759049414
102.12,0.78036877
102.13,0.881646535
102.14,0.973180191
102.15,1.044111084
102.16,1.0549378
102.17,0.886398882
102.18,0.243532231
102.19,2.221354716
102.2,3.10155421
102.21,1.490192224
102.22,0.549237619
102.23,0.30050404
102.24,1.089977049
102.25,1.466727833
102.26,1.168083982
102.27,0.980891513
102.28,0.887676903
102.29,0.655351498
102.3,0.537083427
102.31,0.562567535
102.32,0.56286642
102.33,0.451858772
102.34,0.380569886
102.35,0.265570745
102.36,0.143018273
102.37,0.175444196
102.38,0.406683434
102.39,0.659670774
102.4,0.929482945
102.41,1.148987982
102.42,1.264630338
102.43,1.37830936
102.44,1.449915392
102.45,1.386967044
102.46,1.188834863
102.47,0.889357784
102.48,0.651123222
102.49,0.547250922
102.5,0.667054202
102.51,0.844915282
102.52,0.947810876
102.53,0.927400252
102.54,0.616007031
102.55,1.119789363
102.56,3.148874243
102.57,1.621582803
102.58,0.460082935
102.59,0.731529716
102.6,0.919396941
102.61,1.467440466
102.62,1.209927649
102.63,0.950049758
102.64,0.896320237
102.65,0.889334482
102.66,0.799181868
102.67,0.767576864
102.68,0.678610941
102.69,0.596999273
102.7,0.567207127
102.71,0.471217901
102.72,0.286812027
102.73,0.154426452
102.74,0.24883683
102.75,0.492642274
102.76,0.756445516
102.77,0.989838606
102.78,1.150064453
102.79,1.193627377
102.8,1.280472107
102.81,1.277528355
102.82,1.010746849
102.83,0.781075315
102.84,0.625422768
102.85,0.610010738
102.86,0.7049729
102.87,0.886756211
102.88,1.038859131
102.89,1.096817656
102.9,1.031279858
102.91,0.59744567
102.92,1.576796262
102.93,2.877099768
102.94,1.700700434
102.95,0.824395648
102.96,0.597991619
102.97,0.790067431
102.98,1.316829866
102.99,1.144149487
103,0.905002902
103.01,0.874511694
103.02,0.698928231
103.03,0.551194092
103.04,0.567034077
103.05,0.571216375
103.06,0.50399802
103.07,0.379086197
103.08,0.248221594
103.09,0.139375871
103.1,0.143741614
103.11,0.217511993
103.12,0.405384244
103.13,0.712199379
103.14,1.045462162
103.15,1.229403628
103.16,1.308139398
103.17,1.42739858
103.18,1.399344899
103.19,1.319995189
103.2,1.102684128
103.21,0.91215685
103.22,0.709960649
103.23,0.518856912
103.24,0.529790524
103.25,0.736493328
103.26,0.915528539
103.27,0.955966827
103.28,0.521987678
103.29,1.229577292
103.3,2.604427878
103.31,1.678259386
103.32,0.475279109
103.33,0.789611318
103.34,0.833563358
103.35,1.686524102
103.36,1.577420558
103.37,0.883932842
103.38,0.981927045
103.39,0.92851644
103.4,0.723264435
103.41,0.694637712
103.42,0.681806462
103.43,0.569638145
103.44,0.461543644
103.45,0.341200829
103.46,0.247641614
103.47,0.175876103
103.48,0.140363744
103.49,0.254307009
103.5,0.425099984
103.51,0.614378603
103.52,0.82518604
103.53,0.985242324
103.54,1.144160485
103.55,1.272764085
103.56,1.254723876
103.57,1.086223994
103.58,0.938606968
103.59,0.770853234
103.6,0.687096724
103.61,0.737880055
103.62,0.858410798
103.63,0.984623487
103.64,1.041523097
103.65,0.760223282
103.66,0.654276284
103.67,2.992182699
103.68,1.905198849
103.69,0.796317593
103.7,0.738104354
103.71,0.342948878
103.72,1.285704612
103.73,1.23440674
103.74,0.713054488
103.75,0.824207537
103.76,0.801784924
103.77,0.595499333
103.78,0.521033454
103.79,0.583253677
103.8,0.558936093
103.81,0.425236781
103.82,0.385820128
103.83,0.30167209
103.84,0.175417713
103.85,0.219820353
103.86,0.368469042
103.87,0.619836423
103.88,0.808324198
103.89,0.973959221
103.9,1.179145495
103.91,1.326896327
103.92,1.456683464
103.93,1.427393405
103.94,1.277827124
103.95,1.170136085
103.96,0.978479224
103.97,0.67600121
103.98,0.535792154
103.99,0.664191898
104,0.796387211
104.01,0.781462163
104.02,0.460309621
104.03,1.60237771
104.04,2.884973144
104.05,1.320854884
104.06,0.25616983
104.07,0.991447501
104.08,0.477422837
104.09,1.903063989
104.1,1.702690767
104.11,0.877622997
104.12,0.782909208
104.13,0.820624873
104.14,0.74655707
104.15,0.786351135
104.16,0.651015401
104.17,0.5443321
104.18,0.499025526
104.19,0.403021355
104.2,0.295273349
104.21,0.179616603
104.22,0.178950333
104.23,0.313396225
104.24,0.508470521
104.25,0.695290923
104.26,0.877665109
104.27,1.13075175
104.28,1.268670959
104.29,1.329214833
104.3,1.242433837
104.31,0.990296468
104.32,0.7370678
104.33,0.648744708
104.34,0.647937302
104.35,0.77197738
104.36,0.912308447
104.37,1.010187277
104.38,1.023794358
104.39,0.772192554
104.4,0.662905362
104.41,2.388139645
104.42,2.203950554
104.43,0.987712382
104.44,0.806812479
104.45,0.462412347
104.46,1.054667355
104.47,1.588941638
104.48,1.025875869
104.49,0.827311496
104.5,0.848214197
104.51,0.677028874
104.52,0.489502493
104.53,0.502877773
104.54,0.514664679
104.55,0.416718712
104.56,0.263790387
104.57,0.209982897
104.58,0.159091078
104.59,0.139772375
104.6,0.357670491
104.61,0.666332363
104.62,0.881523045
104.63,1.048860921
104.64,1.191819872
104.65,1.351130217
104.66,1.52458051
104.67,1.496741258
104.68,1.310050032
104.69,1.052584019
104.7,0.728268075
104.71,0.491407538
104.72,0.41416847
104.73,0.752367931
104.74,0.913391544
104.75,0.855933721
104.76,0.375742885
104.77,1.61714968
104.78,3.240648156
104.79,1.381991296
104.8,0.857869224
104.81,0.576057697
104.82,1.075882494
104.83,1.911347242
104.84,1.08817828
104.85,0.779818135
104.86,0.919344247
104.87,0.832982107
104.88,0.779675387
104.89,0.69497715
104.9,0.628040859
104.91,0.559901214
104.92,0.504252326
104.93,0.430481574
104.94,0.310375865
104.95,0.185966497
104.96,0.229996233
104.97,0.419741612
104.98,0.742915968
104.99,0.983082949
105,1.093569087
105.01,1.226895093
105.02,1.293117252
105.03,1.248400255
105.04,1.129622111
105.05,0.915471623
105.06,0.718409241
105.07,0.667102433
105.08,0.75390589
105.09,0.881144896
105.1,1.017160153
105.11,1.097729077
105.12,1.092896486
105.13,0.689867234
105.14,0.795784703
105.15,3.5564096
105.16,2.804383762
105.17,0.704614027
105.18,0.857550795
105.19,0.485565282
105.2,1.593629752
105.21,1.433781474
105.22,0.877006539
105.23,0.694965999
105.24,0.552731834
105.25,0.469744596
105.26,0.524598
105.27,0.605797538
105.28,0.61239994
105.29,0.529184506
105.3,0.367063249
105.31,0.144827859
105.32,0.188140691
105.33,0.343751273
105.34,0.503577163
105.35,0.696741483
105.36,0.962825132
105.37,1.228839914
105.38,1.387625208
105.39,1.469191493
105.4,1.490635526
105.41,1.354853619
105.42,1.08199606
105.43,0.791513733
105.44,0.520103335
105.45,0.501050802
105.46,0.680097695
105.47,0.951427055
105.48,1.046857322
105.49,0.950959026
105.5,0.548937656
105.51,2.04147742
105.52,3.264933035
105.53,1.70260518
105.54,0.514086629
105.55,1.106034374
105.56,0.810095912
105.57,1.903750016
105.58,1.651890555
105.59,0.971528455
105.6,0.970331223
105.61,0.924471034
105.62,0.611219421
105.63,0.689026229
105.64,0.681370323
105.65,0.591093756
105.66,0.473945897
105.67,0.353111194
105.68,0.222327574
105.69,0.170723817
105.7,0.136088667
105.71,0.269481495
105.72,0.478085275
105.73,0.707104584
105.74,0.935574402
105.75,1.056583929
105.76,1.230852904
105.77,1.385542447
105.78,1.408450812
105.79,1.10720922
105.8,0.705909556
105.81,0.554353851
105.82,0.652440005
105.83,0.839499845
105.84,1.011503719
105.85,1.077566667
105.86,1.046284987
105.87,0.880285935
105.88,0.63765855
105.89,2.841204556
105.9,2.647129388
105.91,0.617740365
105.92,1.095030557
105.93,0.505187052
105.94,1.447101003
105.95,1.607209465
105.96,0.86129698
105.97,0.784131704
105.98,0.721569718
105.99,0.671408585
106,0.558878013
106.01,0.586459738
106.02,0.710935036
106.03,0.795039437
106.04,0.615468552
106.05,0.287359995
106.06,0.181654752
106.07,0.401586828
106.08,0.517081818
106.09,0.642334767
106.1,0.799011326
106.11,0.993806279
106.12,1.187117136
106.13,1.334078481
106.14,1.441450531
106.15,1.411457521
106.16,1.196528579
106.17,0.949965246
106.18,0.835718386
106.19,0.781796309
106.2,0.793556269
106.21,0.841180173
106.22,0.914337917
106.23,0.918127244
106.24,0.850512123
106.25,0.504915831
106.26,1.010283669
106.27,3.868368605
106.28,2.865638447
106.29,0.878155576
106.3,1.008604036
106.31,1.147190908
106.32,1.781027858
106.33,1.247866648
106.34,0.948706717
106.35,0.679070507
106.36,0.665386887
106.37,0.754900898
106.38,0.774912666
106.39,0.713489416
106.4,0.624238943
106.41,0.534071013
106.42,0.375813082
106.43,0.188607807
106.44,0.176653117
106.45,0.278152528
106.46,0.478347123
106.47,0.710534486
106.48,0.938128985
106.49,1.164076442
106.5,1.261286195
106.51,1.239775966
106.52,1.056127832
106.53,0.852914285
106.54,0.729088002
106.55,0.701011554
106.56,0.740661911
106.57,0.841431813
106.58,0.963047667
106.59,1.059282141
106.6,1.038949628
106.61,0.716750787
106.62,0.535246816
106.63,2.772538722
106.64,2.283541413
106.65,0.876293813
106.66,0.457190019
106.67,0.366090323
106.68,1.438517263
106.69,1.309586628
106.7,0.741638848
106.71,0.740386367
106.72,0.85616497
106.73,0.74293839
106.74,0.664500639
106.75,0.651587776
106.76,0.559200393
106.77,0.448388049
106.78,0.3851595
106.79,0.279297431
106.8,0.172328755
106.81,0.238698074
106.82,0.446536073
106.83,0.708440585
106.84,0.89413324
106.85,1.021802126
106.86,1.130169463
106.87,1.117569092
106.88,1.347006089
106.89,1.361435132
106.9,1.240703614
106.91,1.017918265
106.92,0.850421944
106.93,0.698496846
106.94,0.629027143
106.95,0.70345191
106.96,0.879627696
106.97,0.977323141
106.98,0.849139516
106.99,0.73808313
107,2.688496017
107.01,2.070293188
107.02,0.539429951
107.03,0.902619911
107.04,0.55367916
107.05,1.439927697
107.06,1.845136832
107.07,1.041711226
107.08,0.841883596
107.09,0.884038459
107.1,0.841327607
107.11,0.852321718
107.12,0.776447501
107.13,0.604097093
107.14,0.527845977
107.15,0.422607214
107.16,0.263250571
107.17,0.145035371
107.18,0.195459412
107.19,0.363258233
107.2,0.575033665
107.21,0.796844735
107.22,0.99334891
107.23,1.129469831
107.24,1.178860284
107.25,1.288872251
107.26,1.187661656
107.27,0.925620582
107.28,0.856534291
107.29,0.794393026
107.3,0.737165901
107.31,0.763798324
107.32,0.892191725
107.33,1.078485901
107.34,1.112235407
107.35,0.943151772
107.36,0.314932184
107.37,2.826542124
107.38,2.579041528
107.39,1.263352681
107.4,0.775592471
107.41,0.381419306
107.42,1.197599769
107.43,1.528925198
107.44,0.956810002
107.45,0.805269319
107.46,0.777030085
107.47,0.616787116
107.48,0.591640381
107.49,0.625184681
107.5,0.597202535
107.51,0.458315287
107.52,0.253401065
107.53,0.157733122
107.54,0.184239009
107.55,0.286639815
107.56,0.529435275
107.57,0.816491651
107.58,0.972810815
107.59,1.096138626
107.6,1.215025094
107.61,1.31283643
107.62,1.32141617
107.63,1.279495214
107.64,1.215179037
107.65,1.071683763
107.66,0.918560652
107.67,0.674506062
107.68,0.643676407
107.69,0.807166462
107.7,0.978092551
107.71,1.05194426
107.72,0.886218127
107.73,0.485834371
107.74,3.538565621
107.75,2.850241595
107.76,1.023744205
107.77,0.550405887
107.78,1.302061246
107.79,1.568404491
107.8,2.022693847
107.81,1.116829775
107.82,0.929882168
107.83,0.922528799
107.84,0.796281314
107.85,0.706513873
107.86,0.671169839
107.87,0.561576132
107.88,0.483533946
107.89,0.384790153
107.9,0.271783389
107.91,0.16074264
107.92,0.194353605
107.93,0.333585154
107.94,0.511508814
107.95,0.703448346
107.96,0.907840773
107.97,1.094486958
107.98,1.174860039
107.99,1.20649741
108,1.050297682
108.01,0.865327876
108.02,0.715391232
108.03,0.765292442
108.04,0.872808707
108.05,0.959677593
108.06,1.028743385
108.07,1.096907335
108.08,1.061277397
108.09,0.624040593
108.1,1.732836021
108.11,2.991787251
108.12,1.765599313
108.13,1.132869174
108.14,0.997998806
108.15,0.422437234
108.16,1.570565632
108.17,1.554475178
108.18,1.056750891
108.19,1.011409355
108.2,0.840640957
108.21,0.589151874
108.22,0.448501865
108.23,0.402567871
108.24,0.395581261
108.25,0.33701735
108.26,0.275432805
108.27,0.203715151
108.28,0.121298427
108.29,0.240896671
108.3,0.429875965
108.31,0.693790445
108.32,0.945129675
108.33,1.168038773
108.34,1.41354864
108.35,1.555424237
108.36,1.607071293
108.37,1.613578771
108.38,1.265809376
108.39,0.888297686
108.4,0.601073466
108.41,0.478106269
108.42,0.605327236
108.43,0.804524194
108.44,0.840230309
108.45,0.574185159
108.46,0.823594326
108.47,3.619769882
108.48,2.567696058
108.49,0.729603536
108.5,1.255425456
108.51,0.440442708
108.52,2.018618939
108.53,1.449770242
108.54,0.657830431
108.55,0.81678005
108.56,0.869725742
108.57,0.805257018
108.58,0.673661165
108.59,0.544691017
108.6,0.491760014
108.61,0.541534002
108.62,0.4715572
108.63,0.302313829
108.64,0.153250013
108.65,0.232347173
108.66,0.432465552
108.67,0.748528143
108.68,1.025202874
108.69,1.211127249
108.7,1.282307268
108.71,1.346462374
108.72,1.263040693
108.73,0.987204508
108.74,0.715924861
108.75,0.678600613
108.76,0.709752718
108.77,0.737464789
108.78,0.834220046
108.79,0.98986036
108.8,1.159828536
108.81,1.263876364
108.82,1.146019838
108.83,0.81669448
108.84,0.650985302
108.85,2.822286065
108.86,2.990263997
108.87,1.545105669
108.88,1.429625239
108.89,0.480460347
108.9,1.458927966
108.91,1.7251211
108.92,1.354224112
108.93,0.98099139
108.94,0.805250723
108.95,0.520162526
108.96,0.429092478
108.97,0.501749575
108.98,0.489025548
108.99,0.438562688
109,0.334129491
109.01,0.206349521
109.02,0.062174431
109.03,0.151044742
109.04,0.390328997
109.05,0.66421187
109.06,0.950591659
109.07,1.164698481
109.08,1.350830035
109.09,1.433868766
109.1,1.457130153
109.11,1.32853427
109.12,1.006310235
109.13,0.683470988
109.14,0.501041554
109.15,0.591598209
109.16,0.813492982
109.17,0.97712606
109.18,0.90776155
109.19,0.478863506
109.2,1.184472706
109.21,2.547748403
109.22,1.784060655
109.23,0.670335194
109.24,0.823271969
109.25,0.58963537
109.26,1.810347511
109.27,1.955757069
109.28,0.887507198
109.29,0.786733516
109.3,1.022623918
109.31,0.854197525
109.32,0.679043316
109.33,0.551254299
109.34,0.427544118
109.35,0.403475777
109.36,0.350312552
109.37,0.264249992
109.38,0.189757956
109.39,0.220174323
109.4,0.375775347
109.41,0.60198398
109.42,0.874141519
109.43,1.031747449
109.44,1.171463259
109.45,1.202810386
109.46,1.168080916
109.47,1.128747481
109.48,0.92875027
109.49,0.695958895
109.5,0.722963671
109.51,0.822904848
109.52,0.924950701
109.53,1.072813979
109.54,1.120557295
109.55,0.902560283
109.56,0.686606377
109.57,3.029898403
109.58,2.52912656
109.59,0.852568215
109.6,0.861786046
109.61,0.094983953
109.62,1.512489129
109.63,1.625254274
109.64,0.923032097
109.65,0.849877635
109.66,0.863821922
109.67,0.717107757
109.68,0.592254686
109.69,0.537195384
109.7,0.484423545
109.71,0.405138934
109.72,0.316315362
109.73,0.194378621
109.74,0.109231271
109.75,0.244119813
109.76,0.460855079
109.77,0.732245442
109.78,0.953658164
109.79,1.088587342
109.8,1.249415185
109.81,1.323497287
109.82,1.378035442
109.83,1.337598638
109.84,1.197061709
109.85,0.956231245
109.86,0.727216069
109.87,0.578490659
109.88,0.727163185
109.89,0.96811727
109.9,1.092442085
109.91,1.121084278
109.92,1.018497399
109.93,0.312272218
109.94,2.500175954
109.95,3.090746757
109.96,1.285875751
109.97,0.746648702
109.98,0.92592695
109.99,0.678238907
110,2.022940817
110.01,1.549800172
110.02,0.80969968
110.03,0.721320916
110.04,0.673916272
110.05,0.622891362
110.06,0.59267893
110.07,0.5108206
110.08,0.431894543
110.09,0.368014758
110.1,0.254793024
110.11,0.17023535
110.12,0.165913906
110.13,0.222372866
110.14,0.420665556
110.15,0.613168128
110.16,0.841824198
110.17,1.053039003
110.18,1.159771606
110.19,1.199446002
110.2,1.153002459
110.21,0.946924957
110.22,0.786106537
110.23,0.743209636
110.24,0.804748467
110.25,0.863018374
110.26,0.928463002
110.27,1.032166189
110.28,1.076113647
110.29,0.875744577
110.3,0.231374235
110.31,2.59315063
110.32,2.444560789
110.33,1.339215797
110.34,0.936397334
110.35,0.339604688
110.36,0.907158063
110.37,1.289541717
110.38,1.064710815
110.39,0.95555
110.4,0.875376462
110.41,0.688629631
110.42,0.515417249
110.43,0.432469086
110.44,0.464833905
110.45,0.477712667
110.46,0.429866743
110.47,0.284329106
110.48,0.2282758
110.49,0.127129241
110.5,0.103779601
110.51,0.342266133
110.52,0.645474273
110.53,0.857914947
110.54,1.094452612
110.55,1.300856626
110.56,1.42116546
110.57,1.493478322
110.58,1.468512802
110.59,1.206255052
110.6,0.880319498
110.61,0.650467585
110.62,0.597917966
110.63,0.671730209
110.64,0.81274078
110.65,0.932996856
110.66,0.854255493
110.67,0.366798911
110.68,1.918520234
110.69,3.999087322
110.7,1.409437977
110.71,1.27389222
110.72,0.928904499
110.73,1.351227461
110.74,2.278000326
110.75,1.045609021
110.76,0.434091499
110.77,0.739458919
110.78,0.97943639
110.79,0.807905438
110.8,0.647736784
110.81,0.54496778
110.82,0.523170573
110.83,0.509221858
110.84,0.396703683
110.85,0.282735321
110.86,0.166071104
110.87,0.214263667
110.88,0.430173348
110.89,0.702558956
110.9,0.951039643
110.91,1.107297927
110.92,1.258344355
110.93,1.344850498
110.94,1.274052179
110.95,0.95573911
110.96,0.682557494
110.97,0.677781918
110.98,0.788030961
110.99,0.883467197
111,0.986057048
111.01,1.109865527
111.02,1.172929253
111.03,1.048305368
111.04,0.381628607
111.05,1.872590343
111.06,3.060957922
111.07,1.696864604
111.08,1.165960978
111.09,0.694182835
111.1,0.722143781
111.11,1.431436091
111.12,1.405189039
111.13,0.877498525
111.14,0.704698801
111.15,0.583340812
111.16,0.549667956
111.17,0.601069297
111.18,0.542203391
111.19,0.42722896
111.2,0.320046325
111.21,0.228378654
111.22,0.096394963
111.23,0.169051615
111.24,0.44669197
111.25,0.855646697
111.26,1.133285497
111.27,1.275738909
111.28,1.295674178
111.29,1.263443261
111.3,1.24461735
111.31,1.236156618
111.32,1.112433707
111.33,0.879722517
111.34,0.696128723
111.35,0.652737327
111.36,0.76921893
111.37,0.939251844
111.38,1.007892013
111.39,0.978407145
111.4,0.751373366
111.41,0.423120323
111.42,2.651914356
111.43,2.125954563
111.44,0.569463453
111.45,0.618173347
111.46,0.552817626
111.47,1.505550968
111.48,1.935051304
111.49,1.12820034
111.5,0.827680192
111.51,0.933072379
111.52,0.932649083
111.53,0.866685808
111.54,0.757794583
111.55,0.638447953
111.56,0.488308025
111.57,0.339730405
111.58,0.168539303
111.59,0.092077403
111.6,0.099665967
111.61,0.212106696
111.62,0.424910675
111.63,0.678301445
111.64,1.005666469
111.65,1.254469999
111.66,1.384297345
111.67,1.443923517
111.68,1.280775028
111.69,0.849279113
111.7,0.531714175
111.71,0.430511273
111.72,0.538013581
111.73,0.951406746
111.74,1.144854407
111.75,1.160586937
111.76,0.73819172
111.77,0.517256869
111.78,2.553234285
111.79,1.836524914
111.8,0.735569308
111.81,0.440706428
111.82,0.669194021
111.83,1.331038917
111.84,1.433183237
111.85,1.018524045
111.86,0.79551105
111.87,0.748374037
111.88,0.593246791
111.89,0.473171214
111.9,0.449068721
111.91,0.41255255
111.92,0.380893872
111.93,0.314467648
111.94,0.234919017
111.95,0.34355715
111.96,0.63488792
111.97,0.85862926
111.98,0.972243396
111.99,1.040779996
112,1.106344477
112.01,1.21136523
112.02,1.324352594
112.03,1.368293161
112.04,1.253082427
112.05,1.029224936
112.06,0.796488047
112.07,0.667668838
112.08,0.790950009
112.09,0.946345664
112.1,1.037203581
112.11,0.937544838
112.12,0.438363028
112.13,2.53668841
112.14,2.857829165
112.15,0.993966921
112.16,0.51837503
112.17,0.291699292
112.18,1.338926346
112.19,1.919232242
112.2,1.057267729
112.21,0.817634188
112.22,0.848652055
112.23,0.792920865
112.24,0.717811391
112.25,0.639274905
112.26,0.53452159
112.27,0.428157136
112.28,0.391959535
112.29,0.282758682
112.3,0.126478755
112.31,0.210508665
112.32,0.400839471
112.33,0.582599418
112.34,0.862540672
112.35,1.033804005
112.36,1.231628118
112.37,1.28777871
112.38,1.207440369
112.39,1.075661809
112.4,0.958179784
112.41,0.872646447
112.42,0.793184877
112.43,0.749087117
112.44,0.759668951
112.45,0.853608155
112.46,1.007675678
112.47,1.022581357
112.48,0.703777058
112.49,1.139584874
112.5,2.967397219
112.51,2.108339032
112.52,0.852777017
112.53,0.551470209
112.54,0.930142519
112.55,1.795766729
112.56,1.247549511
112.57,0.844277978
112.58,0.993917287
112.59,0.776450504
112.6,0.491122775
112.61,0.478728291
112.62,0.474912179
112.63,0.351584949
112.64,0.231264914
112.65,0.173602418
112.66,0.127871951
112.67,0.28567771
112.68,0.514068286
112.69,0.735365639
112.7,0.940786854
112.71,1.103021616
112.72,1.229206195
112.73,1.31035754
112.74,1.344503326
112.75,1.256368825
112.76,1.105488032
112.77,0.916115818
112.78,0.785936026
112.79,0.701982208
112.8,0.680491198
112.81,0.786237324
112.82,0.949651148
112.83,0.96242745
112.84,0.710591456
112.85,1.274976083
112.86,3.449118988
112.87,1.934404804
112.88,0.513233585
112.89,0.597315709
112.9,1.309405267
112.91,1.674492992
112.92,1.23241337
112.93,0.982191354
112.94,1.001671456
112.95,0.844768652
112.96,0.748859623
112.97,0.66433805
112.98,0.599099563
112.99,0.525067617
113,0.427019072
113.01,0.299672274
113.02,0.202602105
113.03,0.150442444
113.04,0.253777074
113.05,0.472165934
113.06,0.704340072
113.07,0.950132339
113.08,1.174388408
113.09,1.281566047
113.1,1.302632514
113.11,1.238600354
113.12,1.06690673
113.13,0.85611992
113.14,0.729943854
113.15,0.640826658
113.16,0.677090863
113.17,0.786802811
113.18,0.952671222
113.19,1.063390502
113.2,1.029916074
113.21,0.455477732
113.22,2.330888576
113.23,3.386811472
113.24,0.956983906
113.25,0.566476072
113.26,0.553019131
113.27,1.294961122
113.28,1.558644239
113.29,1.068826443
113.3,0.958222587
113.31,0.777787339
113.32,0.571593442
113.33,0.565633986
113.34,0.582694672
113.35,0.482363634
113.36,0.423842162
113.37,0.342144222
113.38,0.217360959
113.39,0.230791428
113.4,0.355516196
113.41,0.568985218
113.42,0.796069877
113.43,1.01168336
113.44,1.168864016
113.45,1.293911162
113.46,1.3141383
113.47,1.347250564
113.48,1.259960382
113.49,1.117692676
113.5,1.039641627
113.51,0.973862349
113.52,0.792578516
113.53,0.631602082
113.54,0.663000884
113.55,0.82976806
113.56,0.897017255
113.57,0.875315258
113.58,0.421616949
113.59,2.74094881
113.6,2.691893902
113.61,1.350949416
113.62,0.448816127
113.63,0.703406046
113.64,1.998315107
113.65,1.409746371
113.66,1.018377986
113.67,1.165209811
113.68,0.980057119
113.69,0.784183134
113.7,0.660132585
113.71,0.569130583
113.72,0.522494604
113.73,0.481974452
113.74,0.384329738
113.75,0.245183322
113.76,0.110954386
113.77,0.251249716
113.78,0.485653442
113.79,0.725549404
113.8,0.932301713
113.81,1.115228209
113.82,1.241881063
113.83,1.278812016
113.84,1.209545968
113.85,1.130398801
113.86,0.981172817
113.87,0.819428313
113.88,0.647611148
113.89,0.585573347
113.9,0.720866038
113.91,0.902441763
113.92,1.035746988
113.93,1.057950864
113.94,0.91601023
113.95,0.327392053
113.96,3.836452589
113.97,2.719552508
113.98,1.07011798
113.99,0.472127258
114,0.319670627
114.01,1.20880404
114.02,1.412240205
114.03,1.062815776
114.04,1.009442113
114.05,0.852010763
114.06,0.694849978
114.07,0.669726302
114.08,0.7204512
114.09,0.644468002
114.1,0.473132018
114.11,0.359386214
114.12,0.288121092
114.13,0.200215142
114.14,0.24190452
114.15,0.414190232
114.16,0.612028302
114.17,0.854596479
114.18,1.051537812
114.19,1.208933731
114.2,1.304095964
114.21,1.357055439
114.22,1.398702243
114.23,1.3689759
114.24,1.229424663
114.25,1.102954386
114.26,0.897143994
114.27,0.633978754
114.28,0.512039719
114.29,0.549203543
114.3,0.536360247
114.31,0.390822496
114.32,0.983836669
114.33,3.205142824
114.34,1.513009396
114.35,1.221535115
114.36,0.767941235
114.37,1.092917404
114.38,1.805976223
114.39,1.443867522
114.4,0.989563538
114.41,0.996169303
114.42,0.941267062
114.43,0.954410884
114.44,0.768573393
114.45,0.497658369
114.46,0.370846922
114.47,0.37369168
114.48,0.363038629
114.49,0.332554154
114.5,0.31404424
114.51,0.421238371
114.52,0.554596253
114.53,0.71587147
114.54,0.89547208
114.55,1.051547087
114.56,1.134315836
114.57,1.164521004
114.58,1.084012009
114.59,1.019060375
114.6,0.932586672
114.61,0.841065462
114.62,0.826615089
114.63,0.872949554
114.64,0.918657994
114.65,0.931198281
114.66,0.955645722
114.67,0.790559416
114.68,1.045330772
114.69,3.682926822
114.7,2.13204844
114.71,0.988274639
114.72,0.594032422
114.73,0.64395856
114.74,1.59745213
114.75,1.39078816
114.76,0.931362723
114.77,0.945204827
114.78,0.681269012
114.79,0.589745181
114.8,0.618119757
114.81,0.623259076
114.82,0.500782197
114.83,0.395164996
114.84,0.30608497
114.85,0.22936149
114.86,0.228207206
114.87,0.400838583
114.88,0.573677277
114.89,0.771802162
114.9,0.990024412
114.91,1.1910892
114.92,1.333977751
114.93,1.38295517
114.94,1.343740993
114.95,1.220569731
114.96,1.10317229
114.97,0.919776359
114.98,0.772872833
114.99,0.612801334
115,0.613205265
115.01,0.760741559
115.02,0.906058328
115.03,0.894421273
115.04,0.469481173
115.05,1.611602885
115.06,2.709823408
115.07,1.525628927
115.08,0.565128128
115.09,0.973874212
115.1,0.591951371
115.11,2.039725026
115.12,1.430391028
115.13,0.830506388
115.14,1.244393589
115.15,1.136569116
115.16,0.772937357
115.17,0.594779463
115.18,0.590955408
115.19,0.563172971
115.2,0.445246079
115.21,0.313975322
115.22,0.228527189
115.23,0.169962955
115.24,0.226913941
115.25,0.357228662
115.26,0.510697333
115.27,0.715240207
115.28,0.955691349
115.29,1.111915985
115.3,1.181059573
115.31,1.217133564
115.32,1.189580621
115.33,1.013793748
115.34,0.823225112
115.35,0.72585671
115.36,0.695926592
115.37,0.702418217
115.38,0.75302146
115.39,0.802616995
115.4,0.685402211
115.41,0.754619956
115.42,2.565601007
115.43,1.952971456
115.44,0.746242632
115.45,0.118785826
115.46,0.501637835
115.47,1.042254953
115.48,1.170786999
115.49,1.004771031
115.5,1.014270893
115.51,0.842976705
115.52,0.550793212
115.53,0.464184703
115.54,0.512579766
115.55,0.455887651
115.56,0.410608847
115.57,0.345119935
115.58,0.2475004
115.59,0.245722618
115.6,0.39915429
115.61,0.579837084
115.62,0.771955263
115.63,0.972243738
115.64,1.133577691
115.65,1.264131955
115.66,1.363453035
115.67,1.390589298
115.68,1.275208703
115.69,1.064020117
115.7,0.824867108
115.71,0.671312017
115.72,0.639843528
115.73,0.766421713
115.74,0.927724896
115.75,1.008193953
115.76,0.939110711
115.77,0.682462519
115.78,1.418050684
115.79,3.158026736
115.8,2.171119241
115.81,0.71168103
115.82,0.371979541
115.83,1.042516164
115.84,1.764090973
115.85,1.147394844
115.86,0.920647171
115.87,1.033795074
115.88,0.875979486
115.89,0.720126691
115.9,0.694086488
115.91,0.627965168
115.92,0.52490016
115.93,0.420995457
115.94,0.291961945
115.95,0.154153267
115.96,0.087185539
115.97,0.183713637
115.98,0.388585619
115.99,0.652119325
116,0.900053961
116.01,1.088410285
116.02,1.173593302
116.03,1.267375852
116.04,1.225946443
116.05,0.919261029
116.06,0.702726844
116.07,0.659597011
116.08,0.725332155
116.09,0.841496562
116.1,0.965330578
116.11,1.076073836
116.12,1.124640528
116.13,1.01517964
116.14,0.480182985
116.15,2.200819269
116.16,3.067501281
116.17,1.45927315
116.18,1.186122213
116.19,0.978187092
116.2,0.640642021
116.21,1.399682715
116.22,1.272051874
116.23,0.928447306
116.24,0.947964204
116.25,0.757061204
116.26,0.581050826
116.27,0.558950911
116.28,0.521703927
116.29,0.477579234
116.3,0.44149833
116.31,0.362463971
116.32,0.274048886
116.33,0.232737457
116.34,0.232650275
116.35,0.399889688
116.36,0.634302414
116.37,0.861762002
116.38,1.169272656
116.39,1.389783057
116.4,1.501764755
116.41,1.599616961
116.42,1.548587944
116.43,1.321210467
116.44,1.038691287
116.45,0.734927914
116.46,0.548102387
116.47,0.572189576
116.48,0.57243435
116.49,0.649477746
116.5,0.83878965
116.51,0.393084303
116.52,1.505444329
116.53,3.33575029
116.54,1.836705559
116.55,0.703426799
116.56,1.281489181
116.57,1.275539519
116.58,1.658904865
116.59,1.768726908
116.6,1.405780834
116.61,1.156850179
116.62,1.084940493
116.63,0.877396464
116.64,0.852298174
116.65,0.779741936
116.66,0.609138547
116.67,0.43071504
116.68,0.318632344
116.69,0.254566899
116.7,0.305650382
116.71,0.431805302
116.72,0.598381922
116.73,0.816585698
116.74,1.020281167
116.75,1.165264914
116.76,1.254106444
116.77,1.23707065
116.78,1.174899518
116.79,1.053888232
116.8,0.759468554
116.81,0.589578508
116.82,0.628154295
116.83,0.788717566
116.84,0.970856169
116.85,1.01052056
116.86,0.694735927
116.87,0.627018082
116.88,1.504775852
116.89,1.852962896
116.9,1.381266653
116.91,0.953883087
116.92,0.884610819
116.93,0.653212736
116.94,0.737955111
116.95,0.898397058
116.96,0.748628859
116.97,0.497794196
116.98,0.512667859
116.99,0.580224512
117,0.480380279
117.01,0.363305279
117.02,0.338326507
117.03,0.385161311
117.04,0.337984456
117.05,0.194978357
117.06,0.174170477
117.07,0.4258567
117.08,0.65042226
117.09,0.80139642
117.1,0.959806603
117.11,1.051822879
117.12,1.085908663
117.13,1.09665295
117.14,1.066365566
117.15,0.96529424
117.16,0.894938856
117.17,0.877775455
117.18,0.874704253
117.19,0.897632539
117.2,0.886430417
117.21,0.791334917
117.22,0.512717018
117.23,0.816880409
117.24,1.735940993
117.25,1.362576225
117.26,1.402295351
117.27,0.829036678
117.28,1.192017799
117.29,1.473218399
117.3,2.005315883
117.31,1.602325432
117.32,1.107275882
117.33,0.974010191
117.34,0.79836451
117.35,0.641936563
117.36,0.488920178
117.37,0.384753705
117.38,0.381867847
117.39,0.311228868
117.4,0.129880623
117.41,0.140993626
117.42,0.408068127
117.43,0.497846693
117.44,0.631283511
117.45,0.850440534
117.46,1.086235892
117.47,1.225473846
117.48,1.25176215
117.49,1.271342666
117.5,1.050782978
117.51,0.660678196
117.52,0.544471562
117.53,0.601873285
117.54,0.818065018
117.55,0.995591533
117.56,1.122852883
117.57,0.945542782
117.58,0.854862723
117.59,0.476341802
117.6,0.933280354
117.61,2.406628872
117.62,2.426767793
117.63,0.931374978
117.64,0.743699612
117.65,0.72655934
117.66,1.125962369
117.67,1.098842038
117.68,0.765050433
117.69,0.700761613
117.7,0.764800222
117.71,0.761849664
117.72,0.70198266
117.73,0.65282812
117.74,0.600752058
117.75,0.54324009
117.76,0.466609084
117.77,0.378635159
117.78,0.329803641
117.79,0.384212663
117.8,0.59690571
117.81,0.84640395
117.82,1.045323446
117.83,1.17979182
117.84,1.280024142
117.85,1.341519514
117.86,1.473923807
117.87,1.460084965
117.88,1.106988323
117.89,0.840269357
117.9,0.778366419
117.91,0.836677785
117.92,0.85837084
117.93,0.898659389
117.94,0.944885545
117.95,0.851025177
117.96,0.147395785
117.97,2.161188847
117.98,2.344586376
117.99,0.742412574
118,0.741961815
118.01,0.905053705
118.02,1.457846089
118.03,1.620831466
118.04,1.196963703
118.05,1.208571194
118.06,1.089916552
118.07,0.846291857
118.08,0.724013302
118.09,0.626681995
118.1,0.489902617
118.11,0.382660211
118.12,0.299539628
118.13,0.215726445
118.14,0.15088232
118.15,0.085002017
118.16,0.061083363
118.17,0.233377221
118.18,0.524251289
118.19,0.844238995
118.2,1.082267467
118.21,1.199142831
118.22,1.215093332
118.23,1.108272037
118.24,0.927673295
118.25,0.821674738
118.26,0.827394029
118.27,0.881936039
118.28,0.975151946
118.29,1.067797363
118.3,1.103471483
118.31,0.99610784
118.32,0.559779379
118.33,1.047242567
118.34,2.197127479
118.35,2.087629836
118.36,1.378863405
118.37,1.083742045
118.38,0.550198438
118.39,1.316727984
118.4,1.536258515
118.41,1.102208955
118.42,0.876084142
118.43,0.777842542
118.44,0.619456009
118.45,0.492506908
118.46,0.484264611
118.47,0.492570178
118.48,0.391598318
118.49,0.291518496
118.5,0.199936418
118.51,0.12083712
118.52,0.21768818
118.53,0.437160897
118.54,0.753332147
118.55,1.031235485
118.56,1.221745883
118.57,1.417591815
118.58,1.512819586
118.59,1.507806951
118.6,1.413178613
118.61,1.207151734
118.62,0.886275995
118.63,0.670750667
118.64,0.717025601
118.65,0.933747292
118.66,0.991601724
118.67,0.888272077
118.68,0.677681327
118.69,0.646898695
118.7,3.096417113
118.71,2.610705722
118.72,0.745350698
118.73,0.908088769
118.74,0.513793788
118.75,1.794704618
118.76,1.58858881
118.77,0.840844902
118.78,0.841226556
118.79,0.960872893
118.8,0.902810006
118.81,0.734397083
118.82,0.602135315
118.83,0.525271896
118.84,0.453799065
118.85,0.342558004
118.86,0.208022444
118.87,0.214667744
118.88,0.373917781
118.89,0.571695029
118.9,0.778426806
118.91,0.988776367
118.92,1.140563116
118.93,1.201053958
118.94,1.185652616
118.95,1.042319181
118.96,0.850302821
118.97,0.733287699
118.98,0.668197408
118.99,0.658419714
119,0.768644725
119.01,0.904892716
119.02,1.038459495
119.03,1.145470915
119.04,1.101767903
119.05,0.694761912
119.06,1.949359269
119.07,2.860232324
119.08,1.947772923
119.09,1.076526939
119.1,0.504791892
119.11,0.827932845
119.12,1.477045124
119.13,1.352905579
119.14,0.933094085
119.15,0.847911952
119.16,0.719541513
119.17,0.604607229
119.18,0.499921857
119.19,0.468193116
119.2,0.439407711
119.21,0.318690922
119.22,0.190911693
119.23,0.083393054
119.24,0.14158348
119.25,0.286683477
119.26,0.556092736
119.27,0.91633293
119.28,1.179556767
119.29,1.290196665
119.3,1.339913945
119.31,1.376790068
119.32,1.38421393
119.33,1.337011881
119.34,1.189320668
119.35,0.920366231
119.36,0.619710197
119.37,0.431726532
119.38,0.650840928
119.39,0.982374514
119.4,1.118853448
119.41,1.131573312
119.42,0.824986873
119.43,0.987837125
119.44,2.860778075
119.45,2.751143378
119.46,1.047651025
119.47,0.899457353
119.48,0.256914341
119.49,1.626622506
119.5,1.89906408
119.51,1.039139473
119.52,0.818090473
119.53,0.953389913
119.54,0.811213131
119.55,0.740202192
119.56,0.635883935
119.57,0.534208704
119.58,0.46974135
119.59,0.369352427
119.6,0.207121233
119.61,0.095043322
119.62,0.050140997
119.63,0.166192304
119.64,0.437751728
119.65,0.631933036
119.66,0.901244484
119.67,1.191805985
119.68,1.382345957
119.69,1.409675783
119.7,1.276890204
119.71,1.106901019
119.72,0.779569104
119.73,0.616098709
119.74,0.505221013
119.75,0.671219255
119.76,0.953210365
119.77,1.054001282
119.78,1.057052929
119.79,0.854778666
119.8,0.527651104
119.81,2.465081303
119.82,2.147233244
119.83,0.763575286
119.84,0.369918515
119.85,0.35472192
119.86,1.114097745
119.87,1.513317547
119.88,1.084767483
119.89,0.96743509
119.9,0.986290768
119.91,0.795530091
119.92,0.666617708
119.93,0.627761556
119.94,0.588340893
119.95,0.485132458
119.96,0.360055091
119.97,0.256228214
119.98,0.180831473
119.99,0.289021046
120,0.434323463
120.01,0.708818345
120.02,0.869285887
120.03,1.104112304
120.04,1.290782111
120.05,1.426905203
120.06,1.472004603
120.07,1.455471226
120.08,1.36045837
120.09,1.155474877
120.1,0.883848649
120.11,0.638633744
120.12,0.584197008
120.13,0.736021089
120.14,0.922679033
120.15,1.054813107
120.16,1.151445954
120.17,1.102734954
120.18,0.57997765
120.19,1.622782012
120.2,3.402913914
120.21,2.296406607
120.22,0.947828286
120.23,0.656676207
120.24,1.140574576
120.25,2.159447604
120.26,1.599894374
120.27,0.946457009
120.28,0.800322755
120.29,0.832775385
120.3,0.689883756
120.31,0.619958138
120.32,0.58951531
120.33,0.49208219
120.34,0.331813512
120.35,0.217780764
120.36,0.215823873
120.37,0.189132232
120.38,0.30428768
120.39,0.54344105
120.4,0.813109187
120.41,1.054905627
120.42,1.135075654
120.43,1.276225546
120.44,1.30392163
120.45,1.103305807
120.46,0.835666634
120.47,0.621277253
120.48,0.589925898
120.49,0.705186641
120.5,0.814296837
120.51,0.940320222
120.52,1.096193915
120.53,1.237026581
120.54,1.237618107
120.55,1.000473334
120.56,0.54858217
120.57,1.638202952
120.58,2.740397268
120.59,2.347720092
120.6,1.661321604
120.61,1.276785894
120.62,0.842139093
120.63,1.606781989
120.64,1.47019138
120.65,1.212526929
120.66,1.008669662
120.67,0.730050939
120.68,0.598936022
120.69,0.60351655
120.7,0.583571289
120.71,0.508371705
120.72,0.35900171
120.73,0.210587975
120.74,0.105701348
120.75,0.088331945
120.76,0.202379412
120.77,0.368775907
120.78,0.625807866
120.79,0.876834931
120.8,1.091356108
120.81,1.260483733
120.82,1.388566469
120.83,1.455289971
120.84,1.446284181
120.85,1.309885402
120.86,1.033023543
120.87,0.747857998
120.88,0.520680976
120.89,0.49394225
120.9,0.709590198
120.91,0.947301923
120.92,1.095251112
120.93,1.071611572
120.94,0.866790151
120.95,0.5247793
120.96,4.087512826
120.97,3.192868896
120.98,0.602150033
120.99,0.830647945
121,0.894898127
121.01,1.819197236
121.02,1.434828612
121.03,0.882785201
121.04,0.834643078
121.05,0.962894769
121.06,0.867431227
121.07,0.700736847
121.08,0.600036476
121.09,0.573743465
121.1,0.525221973
121.11,0.415015047
121.12,0.192631312
121.13,0.021008493
121.14,0.159421474
121.15,0.432726948
121.16,0.768256476
121.17,1.016373093
121.18,1.208164131
121.19,1.40415054
121.2,1.494734318
121.21,1.424416098
121.22,1.139901199
121.23,0.806125517
121.24,0.627830074
121.25,0.609801886
121.26,0.72965305
121.27,0.900958204
121.28,1.042822725
121.29,1.148855659
121.3,1.149296981
121.31,0.922217297
121.32,0.389620661
121.33,2.576073338
121.34,3.561230124
121.35,1.439906533
121.36,0.823017657
121.37,0.236888079
121.38,1.188044831
121.39,1.709057975
121.4,1.257002837
121.41,0.772957224
121.42,0.762000452
121.43,0.650021636
121.44,0.571826805
121.45,0.563379662
121.46,0.548027688
121.47,0.462075821
121.48,0.298342072
121.49,0.142392833
121.5,0.120538987
121.51,0.244921962
121.52,0.457138747
121.53,0.674206054
121.54,0.872232442
121.55,1.086615404
121.56,1.272536774
121.57,1.391809528
121.58,1.434920269
121.59,1.420825763
121.6,1.295951518
121.61,1.058259793
121.62,0.801027469
121.63,0.645280357
121.64,0.677771314
121.65,0.845513718
121.66,0.980548614
121.67,1.016984199
121.68,0.87353412
121.69,0.12966689
121.7,2.360238502
121.71,3.488081291
121.72,1.414617289
121.73,1.103704452
121.74,0.949906794
121.75,1.005151477
121.76,2.335614834
121.77,1.297138317
121.78,0.649493002
121.79,1.045231202
121.8,0.998487032
121.81,0.737951934
121.82,0.640142366
121.83,0.620313072
121.84,0.531262201
121.85,0.356283503
121.86,0.215422371
121.87,0.15374982
121.88,0.136717406
121.89,0.258287894
121.9,0.430549074
121.91,0.602496932
121.92,0.777542843
121.93,0.988172276
121.94,1.191355912
121.95,1.335305305
121.96,1.341925742
121.97,1.160252234
121.98,0.873451794
121.99,0.714902644
122,0.70556119
122.01,0.687734517
122.02,0.720193642
122.03,0.884128051
122.04,1.056102754
122.05,1.166928012
122.06,1.137638081
122.07,0.686043174
122.08,1.476409173
122.09,3.450524482
122.1,2.41182199
122.11,1.364855574
122.12,0.967594601
122.13,0.707528218
122.14,1.763243487
122.15,1.51306864
122.16,0.929618894
122.17,0.9225404
122.18,0.813328017
122.19,0.597785353
122.2,0.521620193
122.21,0.559083823
122.22,0.549991738
122.23,0.464996021
122.24,0.342652389
122.25,0.236466868
122.26,0.141876931
122.27,0.330955031
122.28,0.444147641
122.29,0.68759578
122.3,0.90240243
122.31,1.146027291
122.32,1.30435495
122.33,1.44624769
122.34,1.446759658
122.35,1.505044928
122.36,1.464762012
122.37,1.102585585
122.38,0.690494077
122.39,0.41011365
122.4,0.404709174
122.41,0.66412129
122.42,0.927435816
122.43,1.127789455
122.44,1.142346208
122.45,0.790982661
122.46,1.451157434
122.47,3.506250137
122.48,2.102221985
122.49,0.854186211
122.5,0.91605502
122.51,0.502555065
122.52,1.832144399
122.53,1.936006517
122.54,1.095801782
122.55,0.812766208
122.56,0.877935732
122.57,0.834582793
122.58,0.77890352
122.59,0.739099288
122.6,0.608881961
122.61,0.508831518
122.62,0.365332733
122.63,0.197435093
122.64,0.178949505
122.65,0.224315249
122.66,0.362704206
122.67,0.474474012
122.68,0.644387699
122.69,0.836745938
122.7,1.065875503
122.71,1.293929077
122.72,1.325048932
122.73,1.332179634
122.74,1.093173679
122.75,0.914343651
122.76,0.868791195
122.77,0.932070859
122.78,1.040082698
122.79,1.102321933
122.8,1.17508861
122.81,1.200660189
122.82,1.067341573
122.83,0.724635183
122.84,1.889690713
122.85,3.146116982
122.86,2.073488503
122.87,1.794120117
122.88,1.291577561
122.89,0.382276529
122.9,1.755824743
122.91,1.312158907
122.92,0.724293058
122.93,0.983707482
122.94,0.93144417
122.95,0.665758267
122.96,0.591205739
122.97,0.464815003
122.98,0.34643388
122.99,0.288879463
123,0.268027741
123.01,0.250478127
123.02,0.267847962
123.03,0.343268027
123.04,0.45300837
123.05,0.714176555
123.06,0.942662018
123.07,1.129918582
123.08,1.365011922
123.09,1.474145747
123.1,1.447819811
123.11,1.317704725
123.12,1.111124537
123.13,0.904247369
123.14,0.733207563
123.15,0.645926848
123.16,0.694743915
123.17,0.828950065
123.18,0.900732116
123.19,0.79157796
123.2,0.207412956
123.21,2.633976963
123.22,2.969285811
123.23,0.955188538
123.24,1.172996309
123.25,0.993882525
123.26,1.33874309
123.27,2.107958062
123.28,1.206699867
123.29,0.882713951
123.3,1.060358998
123.31,0.949724919
123.32,0.7842361
123.33,0.705601049
123.34,0.589859758
123.35,0.507192989
123.36,0.458327194
123.37,0.373426246
123.38,0.222375442
123.39,0.131643894
123.4,0.22199323
123.41,0.402383107
123.42,0.629256932
123.43,0.919225714
123.44,1.186605629
123.45,1.342527325
123.46,1.39979572
123.47,1.340255372
123.48,1.068591144
123.49,0.777792914
123.5,0.691730781
123.51,0.716566727
123.52,0.822892178
123.53,0.951875682
123.54,1.058325924
123.55,1.114875463
123.56,0.969020238
123.57,0.359876869
123.58,1.773585246
123.59,2.869583244
123.6,1.857991245
123.61,1.161948525
123.62,0.60732304
123.63,0.927267255
123.64,1.573968953
123.65,1.24134581
123.66,0.913636005
123.67,0.855149464
123.68,0.777048293
123.69,0.637313925
123.7,0.593230176
123.71,0.548867472
123.72,0.41750792
123.73,0.294130728
123.74,0.195103544
123.75,0.116308568
123.76,0.111561717
123.77,0.336337062
123.78,0.615772265
123.79,0.893728841
123.8,1.07782972
123.81,1.191561581
123.82,1.294085016
123.83,1.375487281
123.84,1.366200139
123.85,1.255055767
123.86,1.002595772
123.87,0.77954205
123.88,0.621235916
123.89,0.664299611
123.9,0.867226446
123.91,1.046422249
123.92,1.116202176
123.93,0.916129927
123.94,0.15397926
123.95,2.269766678
123.96,3.393881922
123.97,1.446811412
123.98,0.94487964
123.99,0.700454386
124,1.453489485
124.01,2.106850296
124.02,1.21923774
124.03,1.016869481
124.04,1.180763998
124.05,1.040103106
124.06,0.784553047
124.07,0.575584595
124.08,0.460928952
124.09,0.425317517
124.1,0.349716957
124.11,0.29033007
124.12,0.199265722
124.13,0.177661316
124.14,0.261181499
124.15,0.392711616
124.16,0.593484206
124.17,0.862799936
124.18,1.077771311
124.19,1.215870544
124.2,1.303857608
124.21,1.243382244
124.22,1.078885959
124.23,0.921693583
124.24,0.798269247
124.25,0.751661181
124.26,0.821089018
124.27,1.013430865
124.28,1.082544979
124.29,1.224209069
124.3,1.314775723
124.31,1.058931092
124.32,0.608120399
124.33,3.576666689
124.34,3.13046967
124.35,1.045427452
124.36,1.062909385
124.37,0.220294776
124.38,1.585680989
124.39,1.670686647
124.4,0.873292479
124.41,0.868461306
124.42,0.862059775
124.43,0.71072572
124.44,0.560032467
124.45,0.581867813
124.46,0.59528993
124.47,0.569120576
124.48,0.479808792
124.49,0.332572914
124.5,0.225349798
124.51,0.30190084
124.52,0.619926198
124.53,0.804239292
124.54,0.950848569
124.55,1.076713656
124.56,1.155558236
124.57,1.225498359
124.58,1.327143486
124.59,1.430733468
124.6,1.400875943
124.61,1.158857141
124.62,0.851856395
124.63,0.622169809
124.64,0.563609392
124.65,0.717317125
124.66,0.902748747
124.67,0.991335911
124.68,0.883431533
124.69,0.369987129
124.7,2.363514904
124.71,3.056340417
124.72,1.706221231
124.73,0.9355436
124.74,0.236980622
124.75,1.199604802
124.76,1.657633449
124.77,1.059457377
124.78,0.967118826
124.79,0.897374202
124.8,0.882423658
124.81,0.799068085
124.82,0.785335754
124.83,0.686636354
124.84,0.621036243
124.85,0.532597969
124.86,0.385373742
124.87,0.253073234
124.88,0.121136353
124.89,0.146113302
124.9,0.324459892
124.91,0.52876884
124.92,0.721445695
124.93,0.922985551
124.94,1.054668624
124.95,1.148424284
124.96,1.152745006
124.97,1.096411207
124.98,1.036973842
124.99,0.955697062
125,0.853548385
125.01,0.7686074
125.02,0.775541293
125.03,0.839652219
125.04,0.969422474
125.05,1.098328681
125.06,1.101087616
125.07,0.785174727
125.08,1.167512346
125.09,2.933189119
125.1,2.29735482
125.11,1.514753192
125.12,0.992427103
125.13,0.489883404
125.14,1.330983034
125.15,1.680847604
125.16,1.091575352
125.17,0.881745329
125.18,0.909147674
125.19,0.746281747
125.2,0.575935283
125.21,0.50259159
125.22,0.504731313
125.23,0.456523691
125.24,0.375278395
125.25,0.299638168
125.26,0.251991316
125.27,0.213063753
125.28,0.272139735
125.29,0.37750425
125.3,0.518909148
125.31,0.711569601
125.32,1.032924054
125.33,1.278835196
125.34,1.432204566
125.35,1.529601756
125.36,1.476097104
125.37,1.242454092
125.38,0.989866939
125.39,0.800920262
125.4,0.527218307
125.41,0.404074566
125.42,0.598118055
125.43,0.868623276
125.44,1.019974984
125.45,0.947975106
125.46,0.507969466
125.47,1.636175331
125.48,3.19913938
125.49,1.172453907
125.5,1.072132351
125.51,0.476552642
125.52,1.381302064
125.53,1.897272242
125.54,1.269569963
125.55,1.177541264
125.56,1.203849404
125.57,1.073227786
125.58,0.952806502
125.59,0.857719617
125.6,0.725838586
125.61,0.55072561
125.62,0.440390805
125.63,0.330554536
125.64,0.20247959
125.65,0.202972408
125.66,0.30943053
125.67,0.483287123
125.68,0.730759951
125.69,0.957489029
125.7,1.135147277
125.71,1.275525776
125.72,1.214714342
125.73,1.113274632
125.74,1.042207221
125.75,0.924734432
125.76,0.84466007
125.77,0.742723346
125.78,0.75331127
125.79,0.876854061
125.8,1.03765115
125.81,1.185280551
125.82,1.209012908
125.83,1.06848745
125.84,0.644582027
125.85,1.616386673
125.86,4.11060201
125.87,1.981674346
125.88,0.505799088
125.89,0.533455567
125.9,1.037312231
125.91,1.935315449
125.92,1.130236963
125.93,0.72341562
125.94,0.947485078
125.95,0.818425117
125.96,0.592609076
125.97,0.615307603
125.98,0.637123224
125.99,0.539042157
126,0.407152493
126.01,0.302895761
126.02,0.163679946
126.03,0.06351661
126.04,0.203293799
126.05,0.454659265
126.06,0.778275086
126.07,1.050418865
126.08,1.254335459
126.09,1.391357354
126.1,1.411230925
126.11,1.373500818
126.12,1.273501071
126.13,1.131323185
126.14,0.970694977
126.15,0.860796611
126.16,0.75568827
126.17,0.713593953
126.18,0.773353981
126.19,0.892528344
126.2,1.002511079
126.21,0.926389148
126.22,0.175325055
126.23,1.995976079
126.24,3.534122948
126.25,1.581340734
126.26,0.6563152
126.27,1.060843719
126.28,1.202583769
126.29,2.379822033
126.3,1.459266508
126.31,0.832896356
126.32,1.033971
126.33,0.848126499
126.34,0.777640096
126.35,0.74522413
126.36,0.669814021
126.37,0.584409154
126.38,0.447114599
126.39,0.267432731
126.4,0.153249253
126.41,0.064441673
126.42,0.242167002
126.43,0.551826116
126.44,0.825325985
126.45,1.012256947
126.46,1.201699078
126.47,1.397348439
126.48,1.473674997
126.49,1.333675525
126.5,0.969694184
126.51,0.628876027
126.52,0.624722408
126.53,0.85388008
126.54,1.007536758
126.55,1.076957347
126.56,1.094285617
126.57,1.120150575
126.58,1.021263076
126.59,0.545585973
126.6,2.180887256
126.61,3.214619589
126.62,1.859938507
126.63,0.881899971
126.64,0.34194308
126.65,0.750007811
126.66,1.570632186
126.67,1.259034869
126.68,0.757313448
126.69,0.832315109
126.7,0.734220576
126.71,0.574616511
126.72,0.55839719
126.73,0.61631586
126.74,0.589288355
126.75,0.492908178
126.76,0.390703392
126.77,0.225256434
126.78,0.202979525
126.79,0.348848698
126.8,0.688126796
126.81,0.957028512
126.82,1.181344471
126.83,1.344795767
126.84,1.435691686
126.85,1.495917374
126.86,1.510613891
126.87,1.394779315
126.88,1.079357388
126.89,0.673681187
126.9,0.41926744
126.91,0.512903435
126.92,0.805637473
126.93,1.096612801
126.94,1.192407032
126.95,1.14434454
126.96,0.874295465
126.97,0.560977162
126.98,3.816460421
126.99,3.412102764
127,0.531414562
127.01,1.054266568
127.02,0.987586518
127.03,2.000397776
127.04,1.600177023
127.05,0.948653883
127.06,0.809174451
127.07,0.840220668
127.08,0.862246299
127.09,0.778548231
127.1,0.66583661
127.11,0.585544894
127.12,0.499949945
127.13,0.357057085
127.14,0.191364054
127.15,0.126214205
127.16,0.27968929
127.17,0.529521744
127.18,0.76954503
127.19,0.989608259
127.2,1.14912986
127.21,1.221479772
127.22,1.236957403
127.23,1.129101487
127.24,0.883780249
127.25,0.704615337
127.26,0.633838046
127.27,0.620256327
127.28,0.703457533
127.29,0.883003329
127.3,1.080590831
127.31,1.251219904
127.32,1.269279132
127.33,1.04383765
127.34,0.24217465
127.35,2.848222354
127.36,3.232842645
127.37,1.575722286
127.38,1.122445033
127.39,0.589053664
127.4,0.984676331
127.41,1.618413082
127.42,1.162993602
127.43,1.045238462
127.44,0.938310824
127.45,0.590552685
127.46,0.539360458
127.47,0.648354679
127.48,0.643629569
127.49,0.548768772
127.5,0.428885163
127.51,0.317333677
127.52,0.133765357
127.53,0.170666999
127.54,0.472620021
127.55,0.720818209
127.56,0.929135645
127.57,1.118634644
127.58,1.225530996
127.59,1.278566015
127.6,1.319008466
127.61,1.307561214
127.62,1.254941731
127.63,1.085587597
127.64,0.860578059
127.65,0.661240952
127.66,0.5532244
127.67,0.656650123
127.68,0.859901056
127.69,1.029582615
127.7,1.080635588
127.71,0.770659779
127.72,1.427279318
127.73,3.887719626
127.74,2.077874887
127.75,0.494769133
127.76,0.927082432
127.77,1.378691386
127.78,1.875916766
127.79,1.608340562
127.8,0.887210138
127.81,0.989038582
127.82,1.012823505
127.83,0.973644878
127.84,0.837737833
127.85,0.645070386
127.86,0.644204851
127.87,0.589660568
127.88,0.46443992
127.89,0.256055274
127.9,0.165919725
127.91,0.333194682
127.92,0.521075607
127.93,0.737948017
127.94,0.931826182
127.95,1.132570681
127.96,1.349181511
127.97,1.453738803
127.98,1.307098233
127.99,1.007909936
128,0.765986498
128.01,0.685510873
128.02,0.678690987
128.03,0.712744461
128.04,0.816305164
128.05,1.037437716
128.06,1.195835767
128.07,1.132057855
128.08,0.578462366
128.09,1.398992968
128.1,3.437995747
128.11,2.151685034
128.12,0.289046959
128.13,0.499640742
128.14,0.852283753
128.15,1.620773757
128.16,1.30062703
128.17,0.894083262
128.18,0.820852013
128.19,0.654714398
128.2,0.479768537
128.21,0.491745484
128.22,0.546505491
128.23,0.525501752
128.24,0.402404498
128.25,0.266449453
128.26,0.159614049
128.27,0.162120885
128.28,0.362234702
128.29,0.633614839
128.3,0.879708903
128.31,1.091802867
128.32,1.323007098
128.33,1.399181898
128.34,1.405290679
128.35,1.368963464
128.36,1.26427878
128.37,1.009681431
128.38,0.720791028
128.39,0.544713086
128.4,0.655835729
128.41,0.907983589
128.42,1.113264887
128.43,1.200093908
128.44,1.160152951
128.45,0.914394947
128.46,0.672032769
128.47,3.129815899
128.48,2.936224657
128.49,0.661876231
128.5,0.993526973
128.51,0.809891969
128.52,1.621372146
128.53,1.893114343
128.54,1.029716201
128.55,0.766067814
128.56,0.994428414
128.57,0.897224007
128.58,0.737542651
128.59,0.676219011
128.6,0.664658035
128.61,0.562942498
128.62,0.398902053
128.63,0.300597353
128.64,0.14292996
128.65,0.017711883
128.66,0.261902784
128.67,0.538759622
128.68,0.813228835
128.69,1.066686301
128.7,1.251607268
128.71,1.420546949
128.72,1.351922227
128.73,1.018059081
128.74,0.707972134
128.75,0.569228144
128.76,0.588556715
128.77,0.752460221
128.78,0.974783993
128.79,1.150668466
128.8,1.264346308
128.81,1.34431417
128.82,1.224883066
128.83,0.792452377
128.84,0.583152696
128.85,2.926161021
128.86,2.877956558
128.87,1.569502698
128.88,1.199307173
128.89,0.470567738
128.9,1.162809701
128.91,1.573693681
128.92,1.329589736
128.93,0.921564852
128.94,0.707822257
128.95,0.518498072
128.96,0.499172353
128.97,0.544425672
128.98,0.548417207
128.99,0.467976778
129,0.311721233
129.01,0.192616606
129.02,0.038384643
129.03,0.214331123
129.04,0.421834624
129.05,0.759008377
129.06,1.060189582
129.07,1.260766271
129.08,1.425698299
129.09,1.474502435
129.1,1.474461541
129.11,1.461408599
129.12,1.330551257
129.13,0.912581194
129.14,0.48640385
129.15,0.310021466
129.16,0.47004297
129.17,0.841964785
129.18,1.095466045
129.19,1.179374654
129.2,1.072535675
129.21,0.588169841
129.22,1.552703874
129.23,4.516502542
129.24,1.710177646
129.25,0.857294928
129.26,0.852623226
129.27,1.363059191
129.28,2.012492977
129.29,1.34803332
129.3,0.75052735
129.31,0.909480045
129.32,0.913719686
129.33,0.733278785
129.34,0.671986653
129.35,0.665484516
129.36,0.596672884
129.37,0.518016322
129.38,0.353683927
129.39,0.216578283
129.4,0.110455817
129.41,0.314664879
129.42,0.580985742
129.43,0.875386537
129.44,1.067420315
129.45,1.248310224
129.46,1.425238387
129.47,1.420479211
129.48,1.232167489
129.49,0.894578932
129.5,0.623626798
129.51,0.586788911
129.52,0.700204147
129.53,0.876047374
129.54,1.083115126
129.55,1.212821893
129.56,1.272257675
129.57,1.138186698
129.58,0.638644417
129.59,1.429821032
129.6,3.325193911
129.61,2.485118327
129.62,0.901154152
129.63,0.567722088
129.64,0.813482108
129.65,1.38808009
129.66,1.197302893
129.67,0.717431389
129.68,0.60328659
129.69,0.569227181
129.7,0.59296141
129.71,0.641313268
129.72,0.645494428
129.73,0.585104337
129.74,0.458867261
129.75,0.322375021
129.76,0.152462628
129.77,0.151058224
129.78,0.451134422
129.79,0.698678026
129.8,0.906315902
129.81,1.10266144
129.82,1.26093964
129.83,1.345117792
129.84,1.421183019
129.85,1.405157123
129.86,1.262237258
129.87,1.020741252
129.88,0.819992315
129.89,0.709538624
129.9,0.656241268
129.91,0.777187734
129.92,0.978649412
129.93,1.056264783
129.94,0.953770231
129.95,0.558758986
129.96,1.098583451
129.97,2.695970417
129.98,2.621858126
129.99,0.871184043
130,0.993947814
130.01,0.769278058
130.02,1.803988682
130.03,1.655193169
130.04,0.94098751
130.05,0.807586613
130.06,0.842378855
130.07,0.862325236
130.08,0.733864238
130.09,0.621217127
130.1,0.600053405
130.11,0.522955899
130.12,0.348035146
130.13,0.22000371
130.14,0.126637543
130.15,0.171413793
130.16,0.313113715
130.17,0.518874461
130.18,0.775470292
130.19,0.979268607
130.2,1.112785805
130.21,1.286661621
130.22,1.372081899
130.23,1.327239729
130.24,1.069824504
130.25,0.729064346
130.26,0.577791816
130.27,0.563791549
130.28,0.84393822
130.29,1.136351386
130.3,1.210955734
130.31,1.222319787
130.32,1.13479452
130.33,0.576359664
130.34,1.391625013
130.35,3.726719638
130.36,1.820406037
130.37,1.084843636
130.38,0.529326632
130.39,1.191480098
130.4,1.613877905
130.41,1.050193588
130.42,0.852788866
130.43,0.871342512
130.44,0.781502977
130.45,0.646285402
130.46,0.553648633
130.47,0.484565174
130.48,0.443710021
130.49,0.407759675
130.5,0.301077228
130.51,0.135596921
130.52,0.055033805
130.53,0.293945105
130.54,0.555990339
130.55,0.876003443
130.56,1.099159215
130.57,1.271688647
130.58,1.416997767
130.59,1.480213458
130.6,1.445641252
130.61,1.302598204
130.62,1.03228111
130.63,0.817421198
130.64,0.733707235
130.65,0.732664805
130.66,0.839896964
130.67,0.953423207
130.68,1.003237413
130.69,0.916922545
130.7,0.499105267
130.71,1.644281624
130.72,3.451359925
130.73,1.405405495
130.74,0.909920283
130.75,0.535593457
130.76,1.443540292
130.77,1.986890257
130.78,1.259216048
130.79,0.873182222
130.8,0.925979171
130.81,0.875871504
130.82,0.800660077
130.83,0.687233387
130.84,0.565388401
130.85,0.521263577
130.86,0.478178117
130.87,0.33954581
130.88,0.175141153
130.89,0.14929958
130.9,0.240793223
130.91,0.402388414
130.92,0.663798726
130.93,0.896536516
130.94,1.107393013
130.95,1.288761957
130.96,1.33706737
130.97,1.236834374
130.98,1.027655353
130.99,0.800632126
131,0.71975372
131.01,0.779077887
131.02,0.931210875
131.03,1.013388527
131.04,1.063964072
131.05,1.062943782
131.06,0.917722032
131.07,0.104500378
131.08,2.415006097
131.09,2.433287694
131.1,1.553810415
131.11,1.257767694
131.12,0.652953665
131.13,0.921641251
131.14,1.621483993
131.15,1.159817606
131.16,0.779444075
131.17,0.969034636
131.18,0.785389102
131.19,0.564586476
131.2,0.51234237
131.21,0.547231041
131.22,0.475808232
131.23,0.279250514
131.24,0.152421989
131.25,0.05641373
131.26,0.148384666
131.27,0.411487787
131.28,0.759756102
131.29,1.088683319
131.3,1.211687188
131.31,1.336726194
131.32,1.404988277
131.33,1.441319329
131.34,1.360793238
131.35,1.190268021
131.36,0.963452181
131.37,0.81160583
131.38,0.672422947
131.39,0.68098917
131.4,0.860595136
131.41,1.029067692
131.42,1.072394079
131.43,0.809854934
131.44,0.520527397
131.45,2.578710192
131.46,2.758293279
131.47,0.717177765
131.48,1.146529751
131.49,0.728431581
131.5,1.945348801
131.51,1.765699792
131.52,0.808178431
131.53,1.118038434
131.54,1.41026545
131.55,1.000178909
131.56,0.765536806
131.57,0.669017646
131.58,0.605950236
131.59,0.518591863
131.6,0.342949597
131.61,0.221355614
131.62,0.122952294
131.63,0.146491723
131.64,0.409614854
131.65,0.525022635
131.66,0.651834816
131.67,0.828471784
131.68,0.990212941
131.69,1.163029941
131.7,1.341995534
131.71,1.375462705
131.72,1.193260949
131.73,0.944259362
131.74,0.704135213
131.75,0.64826485
131.76,0.807234431
131.77,0.951433598
131.78,1.02288416
131.79,1.056217774
131.8,0.990375378
131.81,0.587383801
131.82,0.917861444
131.83,3.271219053
131.84,1.902075686
131.85,0.536518815
131.86,0.265565377
131.87,0.784572438
131.88,1.353348384
131.89,1.29029437
131.9,0.943784491
131.91,0.949610093
131.92,0.881181282
131.93,0.834142317
131.94,0.77027217
131.95,0.664382841
131.96,0.567867437
131.97,0.484804799
131.98,0.382577093
131.99,0.230457622
132,0.080769081
132.01,0.246766665
132.02,0.559820293
132.03,0.840986443
132.04,1.085100103
132.05,1.273988571
132.06,1.404148483
132.07,1.442855444
132.08,1.408982427
132.09,1.285912472
132.1,1.071636684
132.11,0.877541503
132.12,0.736595056
132.13,0.646993096
132.14,0.676904339
132.15,0.832011809
132.16,0.974182427
132.17,1.05352962
132.18,1.0172048
132.19,0.724853195
132.2,1.069560022
132.21,3.369411556
132.22,2.422455844
132.23,0.586719182
132.24,0.880199078
132.25,1.155045331
132.26,1.591679941
132.27,1.744552
132.28,1.020485816
132.29,1.068440062
132.3,1.176434709
132.31,0.850223336
132.32,0.744592375
132.33,0.697255998
132.34,0.582065885
132.35,0.418768618
132.36,0.316114657
132.37,0.221954534
132.38,0.12921335
132.39,0.130055488
132.4,0.256050344
132.41,0.501782012
132.42,0.697236529
132.43,0.915755778
132.44,1.143105145
132.45,1.311453485
132.46,1.396481714
132.47,1.290548346
132.48,1.024653728
132.49,0.812368703
132.5,0.723833655
132.51,0.682097658
132.52,0.718390051
132.53,0.804715476
132.54,0.884860402
132.55,0.872208122
132.56,0.507557304
132.57,1.006047673
132.58,2.058072374
132.59,1.157267611
132.6,0.763457202
132.61,0.940014466
132.62,0.820928609
132.63,1.397424817
132.64,1.413782418
132.65,1.056995891
132.66,1.184266914
132.67,1.162583752
132.68,0.836292881
132.69,0.612671693
132.7,0.569091047
132.71,0.491668628
132.72,0.320221915
132.73,0.214678839
132.74,0.177216467
132.75,0.147247863
132.76,0.184495217
132.77,0.43379944
132.78,0.747967861
132.79,0.988788764
132.8,1.138823962
132.81,1.388615835
132.82,1.526265149
132.83,1.563125473
132.84,1.508000596
132.85,1.272481459
132.86,1.00031612
132.87,0.739702877
132.88,0.528710558
132.89,0.463233981
132.9,0.595498232
132.91,0.79761813
132.92,0.940283595
132.93,0.830591298
132.94,0.157685528
132.95,2.488196677
132.96,2.951669031
132.97,1.222099906
132.98,0.75899433
132.99,0.771236954
133,1.434705232
133.01,1.775791812
133.02,1.219781565
133.03,0.866382621
133.04,0.963983056
133.05,0.963471227
133.06,0.908696335
133.07,0.757521064
133.08,0.64099659
133.09,0.604198883
133.1,0.510228894
133.11,0.368710398
133.12,0.228486553
133.13,0.143415088
133.14,0.224357526
133.15,0.461595447
133.16,0.697217208
133.17,0.942765197
133.18,1.145675903
133.19,1.338731821
133.2,1.399611305
133.21,1.370034608
133.22,1.204538794
133.23,1.039927191
133.24,0.884984734
133.25,0.69177404
133.26,0.568402319
133.27,0.585151002
133.28,0.744889452
133.29,0.95711465
133.3,1.148733112
133.31,1.225650163
133.32,1.050665597
133.33,0.625853628
133.34,2.736777943
133.35,3.554873413
133.36,1.020680113
133.37,1.477649684
133.38,0.675921505
133.39,1.482674402
133.4,1.896514289
133.41,0.939890571
133.42,0.872190172
133.43,0.858122789
133.44,0.600161674
133.45,0.570911305
133.46,0.551739746
133.47,0.492591869
133.48,0.425379784
133.49,0.324141216
133.5,0.20649682
133.51,0.151069393
133.52,0.149173016
133.53,0.304190398
133.54,0.567298518
133.55,0.837020426
133.56,1.076623745
133.57,1.246148635
133.58,1.431703493
133.59,1.481975229
133.6,1.410473035
133.61,1.216899477
133.62,0.957044113
133.63,0.669322649
133.64,0.504860799
133.65,0.50489669
133.66,0.733038109
133.67,0.975918821
133.68,1.123921189
133.69,1.041949623
133.7,0.625712625
133.71,1.612098563
133.72,2.72477432
133.73,1.906055823
133.74,0.903204374
133.75,0.999089257
133.76,0.545495072
133.77,1.739447702
133.78,1.784975837
133.79,1.025494919
133.8,1.008434473
133.81,0.978615924
133.82,0.68727779
133.83,0.626215788
133.84,0.612993974
133.85,0.551710011
133.86,0.424314997
133.87,0.292826107
133.88,0.193805828
133.89,0.130008907
133.9,0.051635756
133.91,0.323908389
133.92,0.665932387
133.93,0.984859855
133.94,1.207996434
133.95,1.366973047
133.96,1.36593439
133.97,1.162678794
133.98,0.916979126
133.99,0.764071035
134,0.707842088
134.01,0.70468817
134.02,0.76436153
134.03,0.913708772
134.04,1.063291672
134.05,1.202239485
134.06,1.285244116
134.07,1.16290315
134.08,0.697773848
134.09,1.379668189
134.1,4.151946853
134.11,2.499084115
134.12,1.288925072
134.13,0.948084649
134.14,0.595477278
134.15,1.35817501
134.16,1.496630004
134.17,1.002228876
134.18,0.812774279
134.19,0.746581167
134.2,0.543887724
134.21,0.431863508
134.22,0.50086599
134.23,0.546131195
134.24,0.470055303
134.25,0.34378591
134.26,0.19296048
134.27,0.074801431
134.28,0.200872967
134.29,0.409281701
134.3,0.759104894
134.31,0.98727635
134.32,1.184450892
134.33,1.388200976
134.34,1.45788153
134.35,1.418568707
134.36,1.468784153
134.37,1.475005752
134.38,1.119887106
134.39,0.56507741
134.4,0.190899559
134.41,0.444312475
134.42,0.822542148
134.43,1.042486438
134.44,1.029525862
134.45,0.84917953
134.46,0.232323346
134.47,3.325711028
134.48,3.091007022
134.49,0.768061547
134.5,0.832686021
134.51,0.587306686
134.52,1.564131927
134.53,1.891402092
134.54,1.131363234
134.55,0.779032068
134.56,0.897281828
134.57,0.876295632
134.58,0.786217625
134.59,0.693495835
134.6,0.614363893
134.61,0.558818318
134.62,0.454016815
134.63,0.287209627
134.64,0.185237392
134.65,0.271269663
134.66,0.48602041
134.67,0.753770387
134.68,0.964191585
134.69,1.104974662
134.7,1.269395413
134.71,1.29934515
134.72,1.17986573
134.73,0.972717955
134.74,0.769839114
134.75,0.677569574
134.76,0.65384776
134.77,0.673595091
134.78,0.798454062
134.79,0.958846151
134.8,1.145240761
134.81,1.308348707
134.82,1.243078414
134.83,0.865469865
134.84,1.380360079
134.85,2.937508336
134.86,2.755057873
134.87,1.449367891
134.88,1.042770425
134.89,0.424707713
134.9,1.322883158
134.91,1.511342731
134.92,1.022201259
134.93,0.845285819
134.94,0.725317637
134.95,0.596577283
134.96,0.543398692
134.97,0.593984305
134.98,0.535194244
134.99,0.427842558
135,0.2949085
135.01,0.171810326
135.02,0.101131562
135.03,0.253043872
135.04,0.568129078
135.05,0.893465606
135.06,1.138648326
135.07,1.214629572
135.08,1.297967078
135.09,1.416754986
135.1,1.440558758
135.11,1.316100598
135.12,1.079488977
135.13,0.782683124
135.14,0.620750965
135.15,0.607547343
135.16,0.73367603
135.17,0.923866072
135.18,1.081291678
135.19,1.122960089
135.2,0.955336846
135.21,0.158809523
135.22,2.075080594
135.23,3.528836543
135.24,1.942109678
135.25,1.007473612
135.26,0.904495876
135.27,1.426007103
135.28,2.029114527
135.29,1.351019089
135.3,0.725706143
135.31,0.895899543
135.32,0.877155472
135.33,0.770202529
135.34,0.709262542
135.35,0.626422756
135.36,0.523959652
135.37,0.39190231
135.38,0.27969713
135.39,0.168585389
135.4,0.088194486
135.41,0.159783719
135.42,0.434872449
135.43,0.720385449
135.44,0.991523452
135.45,1.225675737
135.46,1.409353408
135.47,1.506826743
135.48,1.337461983
135.49,0.948133512
135.5,0.766242231
135.51,0.562000525
135.52,0.661844725
135.53,0.859534482
135.54,1.038900111
135.55,1.163066741
135.56,1.261078092
135.57,1.258734932
135.58,1.034705084
135.59,0.492045521
135.6,2.497962584
135.61,3.439876157
135.62,1.716967217
135.63,1.22658054
135.64,0.793561285
135.65,1.093390359
135.66,1.596865236
135.67,1.125642481
135.68,0.858397339
135.69,0.87330022
135.7,0.63499617
135.71,0.457308075
135.72,0.402616628
135.73,0.438858451
135.74,0.499910475
135.75,0.444631593
135.76,0.34141424
135.77,0.189774214
135.78,0.075717928
135.79,0.274193553
135.8,0.561513617
135.81,0.883228415
135.82,1.109044518
135.83,1.278861466
135.84,1.379277449
135.85,1.431548848
135.86,1.440749677
135.87,1.390326179
135.88,1.182776659
135.89,0.834480246
135.9,0.649286675
135.91,0.60940069
135.92,0.733857832
135.93,0.86522427
135.94,0.900632506
135.95,0.694265458
135.96,0.993667026
135.97,2.745697005
135.98,2.28535013
135.99,0.550245033
136,0.817519684
136.01,0.674652139
136.02,1.567005515
136.03,1.720385948
136.04,0.888188166
136.05,1.077831556
136.06,1.117529468
136.07,0.862506248
136.08,0.721808559
136.09,0.619434812
136.1,0.539972867
136.11,0.505723512
136.12,0.470984099
136.13,0.322548933
136.14,0.221712729
136.15,0.222501177
136.16,0.360325418
136.17,0.553471851
136.18,0.822617093
136.19,1.089385927
136.2,1.240288759
136.21,1.34318847
136.22,1.331474316
136.23,1.169420177
136.24,1.018249913
136.25,0.897628018
136.26,0.808173127
136.27,0.769509657
136.28,0.829866791
136.29,0.943431881
136.3,1.078488215
136.31,1.162192076
136.32,1.080260658
136.33,0.93946707
136.34,1.282979126
136.35,3.647633126
136.36,2.113109778
136.37,1.36831169
136.38,0.798687197
136.39,0.398082244
136.4,1.674047177
136.41,1.444815857
136.42,0.843029345
136.43,1.036300937
136.44,0.802442833
136.45,0.560885225
136.46,0.539570502
136.47,0.561012571
136.48,0.456314808
136.49,0.330349412
136.5,0.228721297
136.51,0.148835746
136.52,0.118043357
136.53,0.271446139
136.54,0.471642458
136.55,0.715210001
136.56,0.96731647
136.57,1.169186079
136.58,1.278707461
136.59,1.341974931
136.6,1.453859119
136.61,1.390047443
136.62,1.212448078
136.63,0.962206724
136.64,0.739166102
136.65,0.565848095
136.66,0.534488041
136.67,0.648435412
136.68,0.81854365
136.69,0.993340583
136.7,0.97293543
136.71,0.611108143
136.72,1.547983821
136.73,3.057875262
136.74,1.650178452
136.75,0.52392219
136.76,0.85958787
136.77,0.949916628
136.78,1.716842779
136.79,1.2826331
136.8,0.991654324
136.81,1.173892078
136.82,0.948379566
136.83,0.740858566
136.84,0.641584758
136.85,0.584688964
136.86,0.53602564
136.87,0.465937061
136.88,0.361419206
136.89,0.280020772
136.9,0.219389093
136.91,0.201040788
136.92,0.32190359
136.93,0.535817534
136.94,0.84551828
136.95,1.105495862
136.96,1.266549622
136.97,1.256119769
136.98,1.093440507
136.99,0.89793792
137,0.794878715
137.01,0.766590412
137.02,0.770950582
137.03,0.88104994
137.04,1.059704523
137.05,1.191223647
137.06,1.228087044
137.07,1.126248705
137.08,0.793861249
137.09,2.101304969
137.1,3.541617913
137.11,1.641904199
137.12,0.768744789
137.13,0.235497558
137.14,1.244562952
137.15,1.445840516
137.16,0.958037063
137.17,0.88904535
137.18,1.04045564
137.19,0.83272528
137.2,0.532999861
137.21,0.421066675
137.22,0.456883682
137.23,0.456668802
137.24,0.340081925
137.25,0.211724536
137.26,0.125750393
137.27,0.16754231
137.28,0.391692108
137.29,0.630017175
137.3,0.788484897
137.31,1.016972295
137.32,1.190457077
137.33,1.31612431
137.34,1.463744952
137.35,1.61345609
137.36,1.507594894
137.37,1.246279473
137.38,0.997574578
137.39,0.668569963
137.4,0.383406792
137.41,0.352687087
137.42,0.592343148
137.43,0.837464362
137.44,0.905351105
137.45,0.731623792
137.46,0.7944463
137.47,3.825523738
137.48,2.725251814
137.49,0.992124676
137.5,0.616927474
137.51,0.619364458
137.52,1.703058705
137.53,1.458711275
137.54,1.13608369
137.55,1.196038576
137.56,0.924850719
137.57,0.685526581
137.58,0.651997831
137.59,0.687309788
137.6,0.663745711
137.61,0.585655973
137.62,0.418442717
137.63,0.20438424
137.64,0.176614901
137.65,0.42820406
137.66,0.653761298
137.67,0.871976895
137.68,1.175320592
137.69,1.346877122
137.7,1.378310766
137.71,1.287378643
137.72,1.157009147
137.73,0.951845463
137.74,0.751089196
137.75,0.601623252
137.76,0.588555199
137.77,0.727773418
137.78,0.953953066
137.79,1.076249312
137.8,1.150911698
137.81,1.095294353
137.82,0.680077362
137.83,2.317692314
137.84,3.711905845
137.85,1.595678809
137.86,0.55091201
137.87,0.579701925
137.88,1.119729704
137.89,1.409484506
137.9,0.893950543
137.91,0.842272854
137.92,0.954736525
137.93,0.786294584
137.94,0.658701698
137.95,0.608594526
137.96,0.554638392
137.97,0.481991131
137.98,0.340988148
137.99,0.192505286
138,0.14402834
138.01,0.199446326
138.02,0.374516854
138.03,0.563264002
138.04,0.754633034
138.05,0.950251006
138.06,1.124034525
138.07,1.307513793
138.08,1.484834686
138.09,1.590743023
138.1,1.48685996
138.11,1.228105388
138.12,0.912399458
138.13,0.69606392
138.14,0.5133496
138.15,0.427070126
138.16,0.584057732
138.17,0.780753007
138.18,0.8698697
138.19,0.727412433
138.2,0.424633762
138.21,2.595252574
138.22,2.753667835
138.23,1.162512601
138.24,1.010008569
138.25,0.658390761
138.26,1.653739203
138.27,2.056364431
138.28,0.838886374
138.29,0.997564602
138.3,1.225491998
138.31,0.85139352
138.32,0.594761603
138.33,0.615796205
138.34,0.622867326
138.35,0.548300646
138.36,0.457868826
138.37,0.294200903
138.38,0.124797572
138.39,0.184970249
138.4,0.386971187
138.41,0.625291963
138.42,0.886725378
138.43,1.175195461
138.44,1.375526717
138.45,1.392499055
138.46,1.252442188
138.47,1.054584044
138.48,0.859731554
138.49,0.764224788
138.5,0.752130832
138.51,0.751018242
138.52,0.788604722
138.53,0.897970043
138.54,1.020669339
138.55,1.101652007
138.56,1.053222949
138.57,0.760852005
138.58,0.918738501
138.59,4.510874721
138.6,2.425216072
138.61,1.161865406
138.62,0.438902621
138.63,0.957743705
138.64,1.727958825
138.65,1.08885782
138.66,0.75369808
138.67,0.872838472
138.68,0.735343873
138.69,0.551494114
138.7,0.63163448
138.71,0.766097912
138.72,0.652409155
138.73,0.475716203
138.74,0.317470898
138.75,0.142129076
138.76,0.176201121
138.77,0.36998842
138.78,0.625147895
138.79,0.860180604
138.8,1.088940596
138.81,1.25974989
138.82,1.377394051
138.83,1.462255331
138.84,1.391911638
138.85,1.258520999
138.86,1.106256001
138.87,0.950022229
138.88,0.791641861
138.89,0.67492735
138.9,0.679498317
138.91,0.772372117
138.92,0.857196106
138.93,0.873052208
138.94,0.782435429
138.95,0.612763057
138.96,1.431137681
138.97,4.028347809
138.98,2.56016487
138.99,0.925607455
139,0.94378352
139.01,0.659635979
139.02,1.908916223
139.03,1.62395296
139.04,1.10229046
139.05,0.918592406
139.06,0.702535317
139.07,0.818568039
139.08,0.90554857
139.09,0.746022946
139.1,0.558933434
139.11,0.438361887
139.12,0.306372271
139.13,0.181567264
139.14,0.179427036
139.15,0.318280885
139.16,0.512608215
139.17,0.760447143
139.18,0.983699427
139.19,1.156363698
139.2,1.281651777
139.21,1.313139926
139.22,1.250450515
139.23,1.105123318
139.24,0.981189617
139.25,0.916924296
139.26,0.850151566
139.27,0.794038444
139.28,0.810027202
139.29,0.874459002
139.3,0.903313482
139.31,0.838554292
139.32,0.474568545
139.33,1.291590161
139.34,3.530011957
139.35,1.729606952
139.36,0.799230834
139.37,0.514359041
139.38,1.166433079
139.39,1.51526521
139.4,0.843940751
139.41,0.848697212
139.42,0.895518783
139.43,0.864463742
139.44,0.726871962
139.45,0.61357344
139.46,0.559433321
139.47,0.481279321
139.48,0.370388466
139.49,0.272823852
139.5,0.161523834
139.51,0.131542009
139.52,0.261107876
139.53,0.480742939
139.54,0.741186337
139.55,0.925671675
139.56,1.223456374
139.57,1.403784887
139.58,1.490561358
139.59,1.500066452
139.6,1.410972295
139.61,1.16683237
139.62,0.873796591
139.63,0.583450477
139.64,0.467817123
139.65,0.585538802
139.66,0.798886984
139.67,0.966414231
139.68,1.024361408
139.69,0.783121738
139.7,0.677041899
139.71,2.942373423
139.72,2.946902818
139.73,0.771342716
139.74,0.542355304
139.75,0.738340116
139.76,1.76547028
139.77,1.54403028
139.78,0.997391783
139.79,1.077552109
139.8,0.968163054
139.81,0.730709678
139.82,0.642379866
139.83,0.656209975
139.84,0.623942021
139.85,0.487205186
139.86,0.324101544
139.87,0.189054028
139.88,0.120515279
139.89,0.251268769
139.9,0.472574997
139.91,0.68676059
139.92,0.97891419
139.93,1.199846592
139.94,1.28067808
139.95,1.368420234
139.96,1.237485316
139.97,1.097564113
139.98,0.933859518
139.99,0.815539247
140,0.795204595
140.01,0.855368761
140.02,0.948910808
140.03,1.046613985
140.04,1.128955447
140.05,1.117410272
140.06,0.878160812
140.07,0.414666082
140.08,3.332461499
140.09,3.158704621
140.1,1.151133794
140.11,0.455284371
140.12,0.357427734
140.13,1.326820069
140.14,1.504918976
140.15,0.858431243
140.16,0.881302139
140.17,0.860751174
140.18,0.611965899
140.19,0.592105398
140.2,0.622851054
140.21,0.577078139
140.22,0.470362815
140.23,0.352602049
140.24,0.223303248
140.25,0.141636303
140.26,0.327982478
140.27,0.588825262
140.28,0.839545713
140.29,1.07629275
140.3,1.241567981
140.31,1.309123042
140.32,1.35378918
140.33,1.400143248
140.34,1.414958215
140.35,1.247249305
140.36,1.021001753
140.37,0.83613353
140.38,0.694781949
140.39,0.578766212
140.4,0.626730678
140.41,0.795735042
140.42,0.927022125
140.43,0.827312169
140.44,0.360432009
140.45,2.679336282
140.46,3.854630746
140.47,0.645470226
140.48,1.059390076
140.49,0.700971326
140.5,1.675573882
140.51,2.01218298
140.52,0.998705642
140.53,0.94609798
140.54,0.892576104
140.55,0.786579846
140.56,0.737754101
140.57,0.652635727
140.58,0.558040941
140.59,0.486149349
140.6,0.385185405
140.61,0.25883144
140.62,0.165751163
140.63,0.251490082
140.64,0.382512206
140.65,0.589587398
140.66,0.826526799
140.67,1.065449621
140.68,1.22608266
140.69,1.330057273
140.7,1.334549443
140.71,1.204470567
140.72,0.993138043
140.73,0.854681371
140.74,0.778704449
140.75,0.698039464
140.76,0.683968001
140.77,0.814206826
140.78,1.002462692
140.79,1.196828903
140.8,1.240959734
140.81,1.080745682
140.82,0.707030026
140.83,2.89392213
140.84,3.738112734
140.85,1.426859703
140.86,1.09602455
140.87,0.944297287
140.88,1.167920699
140.89,1.712617428
140.9,1.207034134
140.91,1.01055273
140.92,1.169685264
140.93,0.920380494
140.94,0.685233413
140.95,0.700831473
140.96,0.609207355
140.97,0.485448291
140.98,0.356308235
140.99,0.189011437
141,0.180908591
141.01,0.383717936
141.02,0.603290043
141.03,0.79746592
141.04,0.975903977
141.05,1.118995062
141.06,1.256382356
141.07,1.353402941
141.08,1.342743923
141.09,1.228056097
141.1,1.074446236
141.11,0.943580287
141.12,0.815901558
141.13,0.651866073
141.14,0.58530118
141.15,0.660770743
141.16,0.833871021
141.17,0.973746327
141.18,0.921992404
141.19,0.633565713
141.2,1.600360937
141.21,3.417104677
141.22,1.958935163
141.23,0.600741377
141.24,1.095994185
141.25,0.867245185
141.26,2.112871377
141.27,1.522280203
141.28,0.976865477
141.29,1.053273951
141.3,0.940166898
141.31,0.796036958
141.32,0.707907627
141.33,0.658619028
141.34,0.628163279
141.35,0.514418103
141.36,0.38712343
141.37,0.292120619
141.38,0.191244415
141.39,0.150215318
141.4,0.308868648
141.41,0.565127925
141.42,0.831222298
141.43,1.10828367
141.44,1.29486374
141.45,1.391368742
141.46,1.430095306
141.47,1.206242965
141.48,0.892532147
141.49,0.787387373
141.5,0.774938906
141.51,0.699039379
141.52,0.697329295
141.53,0.822197447
141.54,0.953629858
141.55,1.078021015
141.56,1.075840504
141.57,0.75898672
141.58,1.228990736
141.59,4.169196967
141.6,2.010125786
141.61,0.868845765
141.62,0.622539268
141.63,0.796668687
141.64,1.550154403
141.65,1.105208635
141.66,0.859521675
141.67,1.0051907
141.68,0.746377289
141.69,0.562108148
141.7,0.531975111
141.71,0.560239342
141.72,0.53393926
141.73,0.458016583
141.74,0.381812523
141.75,0.243240856
141.76,0.117335992
141.77,0.198917729
141.78,0.478569855
141.79,0.743149447
141.8,1.066838021
141.81,1.267964173
141.82,1.355288008
141.83,1.370758692
141.84,1.314032553
141.85,1.223337422
141.86,1.066735691
141.87,0.852397108
141.88,0.805110049
141.89,0.764262529
141.9,0.711961704
141.91,0.757980452
141.92,0.878630961
141.93,0.958844539
141.94,0.871686886
141.95,0.314638227
141.96,1.815083674
141.97,2.891078565
141.98,1.647650585
141.99,0.5711719
142,0.874700893
142.01,0.98147087
142.02,1.615089585
142.03,1.403372786
142.04,0.883910457
142.05,0.991766683
142.06,0.770367908
142.07,0.706902887
142.08,0.754824331
142.09,0.654915703
142.1,0.608309736
142.11,0.494309692
142.12,0.348491252
142.13,0.264585839
142.14,0.163184882
142.15,0.125849122
142.16,0.236293654
142.17,0.439929665
142.18,0.703621379
142.19,0.995844482
142.2,1.209580115
142.21,1.314898427
142.22,1.225610777
142.23,1.127736378
142.24,1.029219086
142.25,0.863692322
142.26,0.817889716
142.27,0.739157421
142.28,0.707655785
142.29,0.795816887
142.3,0.943354822
142.31,1.074592221
142.32,1.051204435
142.33,0.658192828
142.34,1.276692951
142.35,3.279593536
142.36,1.81199273
142.37,1.236188903
142.38,0.620115939
142.39,0.330831782
142.4,1.188408043
142.41,1.513030578
142.42,0.940988258
142.43,1.045211532
142.44,0.976851916
142.45,0.665117719
142.46,0.513624207
142.47,0.557462129
142.48,0.563017184
142.49,0.448419604
142.5,0.329532922
142.51,0.250918207
142.52,0.162821389
142.53,0.072028067
142.54,0.201786813
142.55,0.39219124
142.56,0.639906865
142.57,0.898959707
142.58,1.110765394
142.59,1.283828509
142.6,1.471849972
142.61,1.539754773
142.62,1.462042162
142.63,1.21803816
142.64,0.921191599
142.65,0.628089066
142.66,0.509605388
142.67,0.542991223
142.68,0.727020433
142.69,0.880410775
142.7,0.917509344
142.71,0.725873196
142.72,0.415175112
142.73,2.788361543
142.74,2.968454388
142.75,0.302732506
142.76,0.947505282
142.77,0.563558638
142.78,1.490793684
142.79,1.631155649
142.8,0.999498418
142.81,0.941549173
142.82,0.942983391
142.83,0.802077983
142.84,0.795961608
142.85,0.748538182
142.86,0.63162396
142.87,0.568503498
142.88,0.52524099
142.89,0.39573332
142.9,0.249251784
142.91,0.177008188
142.92,0.271506075
142.93,0.439331787
142.94,0.639997033
142.95,0.871957292
142.96,1.04124266
142.97,1.217603638
142.98,1.299493459
142.99,1.226795777
143,1.084361855
143.01,0.955469362
143.02,0.86104948
143.03,0.774743961
143.04,0.70273075
143.05,0.748906089
143.06,0.885273045
143.07,1.038403438
143.08,1.100304916
143.09,0.878266795
143.1,0.318811282
143.11,3.032619151
143.12,2.687727441
143.13,0.965407776
143.14,0.501794116
143.15,0.230952279
143.16,1.212681971
143.17,1.387105952
143.18,0.926551788
143.19,0.892828071
143.2,0.793647002
143.21,0.59915439
143.22,0.544179633
143.23,0.581943678
143.24,0.557803045
143.25,0.433906
143.26,0.283462469
143.27,0.229083302
143.28,0.119731609
143.29,0.125201811
143.3,0.36021905
143.31,0.606493624
143.32,0.840810963
143.33,1.023500615
143.34,1.196183254
143.35,1.37381331
143.36,1.461780624
143.37,1.412771761
143.38,1.28904939
143.39,1.067454808
143.4,0.861753027
143.41,0.706868877
143.42,0.642899867
143.43,0.725460845
143.44,0.786550871
143.45,0.862897952
143.46,0.807313528
143.47,0.258201529
143.48,1.625532291
143.49,2.259825092
143.5,1.435712574
143.51,0.515970538
143.52,0.91987513
143.53,1.033811056
143.54,1.829587893
143.55,1.63501311
143.56,1.052803003
143.57,1.037358532
143.58,0.922035674
143.59,0.708169585
143.6,0.752532285
143.61,0.737334317
143.62,0.593222309
143.63,0.484506464
143.64,0.38194848
143.65,0.254860301
143.66,0.155981508
143.67,0.149111515
143.68,0.252746917
143.69,0.421648422
143.7,0.607327697
143.71,0.82584371
143.72,1.07448441
143.73,1.258886639
143.74,1.370174731
143.75,1.387693502
143.76,1.0754566
143.77,0.763608631
143.78,0.672028303
143.79,0.727856287
143.8,0.833703428
143.81,0.906563623
143.82,0.916622405
143.83,0.837225321
143.84,0.58931051
143.85,0.93801532
143.86,2.330830875
143.87,1.499320605
143.88,0.738970841
143.89,0.60032245
143.9,0.536480636
143.91,1.118469182
143.92,1.105207071
143.93,0.945360108
143.94,0.908723949
143.95,0.932249064
143.96,0.806710309
143.97,0.631704773
143.98,0.537938595
143.99,0.518983757
144,0.414000098
144.01,0.298006344
144.02,0.231541828
144.03,0.18442638
144.04,0.105775559
144.05,0.179913532
144.06,0.410927048
144.07,0.686872947
144.08,0.868552738
144.09,1.053416023
144.1,1.26527069
144.11,1.392494947
144.12,1.460346212
144.13,1.426366715
144.14,1.245157018
144.15,1.004236743
144.16,0.824553262
144.17,0.711551725
144.18,0.665023378
144.19,0.717896623
144.2,0.820119994
144.21,0.819277476
144.22,0.670231735
144.23,0.376850525
144.24,2.087156766
144.25,3.242161006
144.26,1.007096184
144.27,0.86166936
144.28,0.291470294
144.29,1.158423183
144.3,1.899582673
144.31,1.294283658
144.32,0.822801411
144.33,0.819950525
144.34,0.853979705
144.35,0.831253549
144.36,0.812459419
144.37,0.7029961
144.38,0.586790038
144.39,0.486745654
144.4,0.35979524
144.41,0.231565522
144.42,0.221934314
144.43,0.36511643
144.44,0.586867028
144.45,0.769140418
144.46,0.983901943
144.47,1.171795909
144.48,1.253302633
144.49,1.275072039
144.5,1.203474879
144.51,1.005853461
144.52,0.806373214
144.53,0.633380583
144.54,0.599913777
144.55,0.63439966
144.56,0.744584951
144.57,0.812414541
144.58,0.799543536
144.59,0.525573087
144.6,0.647165094
144.61,1.828656674
144.62,1.242826876
144.63,0.489685669
144.64,0.308932918
144.65,0.691303561
144.66,1.044537879
144.67,1.11251466
144.68,1.086004735
144.69,1.08123331
144.7,0.995869493
144.71,0.782021278
144.72,0.642626539
144.73,0.601504401
144.74,0.536259813
144.75,0.438176625
144.76,0.347072651
144.77,0.224947288
144.78,0.123221501
144.79,0.219375938
144.8,0.421027646
144.81,0.610683937
144.82,0.752695328
144.83,0.905966176
144.84,1.1271244
144.85,1.335453753
144.86,1.52411863
144.87,1.605917362
144.88,1.504003685
144.89,1.27507863
144.9,0.999362779
144.91,0.666258653
144.92,0.432965835
144.93,0.493008237
144.94,0.608647382
144.95,0.767013556
144.96,0.858842875
144.97,0.462560196
144.98,1.334568529
144.99,2.593482895
145,1.907298538
145.01,0.800098073
145.02,0.499593162
145.03,0.944685329
145.04,1.698387846
145.05,1.227671578
145.06,1.041181847
145.07,1.09366943
145.08,0.91365704
145.09,0.786979181
145.1,0.734876936
145.11,0.714744292
145.12,0.597045026
145.13,0.434629969
145.14,0.316398163
145.15,0.199128523
145.16,0.146935982
145.17,0.261178683
145.18,0.456734023
145.19,0.636749049
145.2,0.853627886
145.21,1.073196108
145.22,1.294329577
145.23,1.34928366
145.24,1.282639389
145.25,1.107760825
145.26,0.916667364
145.27,0.82167258
145.28,0.841325107
145.29,0.8349525
145.3,0.820541274
145.31,0.873606509
145.32,0.990362531
145.33,1.093689126
145.34,1.133153775
145.35,0.958390441
145.36,0.580034004
145.37,3.337921572
145.38,2.80789957
145.39,1.305145432
145.4,0.642420238
145.41,0.305300464
145.42,1.432441139
145.43,1.639009049
145.44,1.06771958
145.45,0.930076316
145.46,0.812099835
145.47,0.598406463
145.48,0.607285798
145.49,0.725509999
145.5,0.660071587
145.51,0.491824578
145.52,0.33483745
145.53,0.201235161
145.54,0.125962662
145.55,0.200270056
145.56,0.391273402
145.57,0.623392207
145.58,0.820937074
145.59,1.046580435
145.6,1.171219766
145.61,1.274610468
145.62,1.391077947
145.63,1.42623013
145.64,1.369880848
145.65,1.138593242
145.66,0.871118904
145.67,0.68873601
145.68,0.622629036
145.69,0.674551453
145.7,0.790574025
145.71,0.906506587
145.72,0.965379676
145.73,0.984115745
145.74,0.601315148
145.75,1.701195197
145.76,3.908459256
145.77,1.114377715
145.78,0.911486618
145.79,0.375173693
145.8,1.43839694
145.81,1.63807171
145.82,0.967387973
145.83,0.862623653
145.84,0.881169692
145.85,0.81844003
145.86,0.796831771
145.87,0.748708857
145.88,0.661822512
145.89,0.559178641
145.9,0.407116401
145.91,0.26543379
145.92,0.141366365
145.93,0.186437224
145.94,0.325879245
145.95,0.514384199
145.96,0.771634324
145.97,1.025916166
145.98,1.232285246
145.99,1.339822346
146,1.31813342
146.01,1.167563783
146.02,0.945818797
146.03,0.853300018
146.04,0.814340639
146.05,0.742173597
146.06,0.666544844
146.07,0.704609479
146.08,0.846781393
146.09,0.998960662
146.1,1.022233054
146.11,0.536848457
146.12,2.010911652
146.13,3.143937068
146.14,1.564795777
146.15,0.948854551
146.16,0.446295937
146.17,1.088728864
146.18,1.607739124
146.19,1.081965716
146.2,0.916441532
146.21,0.985762804
146.22,0.737917274
146.23,0.561881943
146.24,0.551390308
146.25,0.559509877
146.26,0.466370345
146.27,0.35327698
146.28,0.256683451
146.29,0.16578
146.3,0.195015548
146.31,0.394569703
146.32,0.626715732
146.33,0.75695626
146.34,1.018323095
146.35,1.177324927
146.36,1.32817561
146.37,1.477582191
146.38,1.553767543
146.39,1.41477039
146.4,1.11464428
146.41,0.824467692
146.42,0.603098141
146.43,0.502718217
146.44,0.612235336
146.45,0.768157864
146.46,0.863133343
146.47,0.724404037
146.48,0.245171989
146.49,1.780405212
146.5,2.436310685
146.51,1.221086858
146.52,0.794179055
146.53,0.929097532
146.54,0.933879719
146.55,1.857441478
146.56,1.50046971
146.57,0.993088966
146.58,1.070682926
146.59,0.967194636
146.6,0.832182075
146.61,0.683506195
146.62,0.607020073
146.63,0.493821295
146.64,0.359759859
146.65,0.246859306
146.66,0.175388716
146.67,0.176863978
146.68,0.253720415
146.69,0.41702497
146.7,0.611742031
146.71,0.818439688
146.72,1.0633207
146.73,1.238727997
146.74,1.308725918
146.75,1.299048075
146.76,1.188754272
146.77,0.910605444
146.78,0.762878372
146.79,0.738524192
146.8,0.704339471
146.81,0.699708278
146.82,0.783705866
146.83,0.959875248
146.84,1.089115424
146.85,0.981664287
146.86,0.503501451
146.87,2.253399167
146.88,3.392918783
146.89,1.398104269
146.9,0.768253592
146.91,0.336279336
146.92,1.230272277
146.93,1.313179831
146.94,0.912904005
146.95,0.830554266
146.96,0.840345984
146.97,0.616120584
146.98,0.494330433
146.99,0.517772451
147,0.555590643
147.01,0.491362929
147.02,0.373689372
147.03,0.29541539
147.04,0.227862512
147.05,0.19272328
147.06,0.306879366
147.07,0.555653585
147.08,0.810400582
147.09,1.018243218
147.1,1.224882476
147.11,1.390286577
147.12,1.519091141
147.13,1.549115388
147.14,1.402156139
147.15,1.150154939
147.16,0.893740354
147.17,0.680343296
147.18,0.585464013
147.19,0.616580221
147.2,0.712094266
147.21,0.760189302
147.22,0.822499457
147.23,0.771267389
147.24,2.289420101
147.25,3.189505454
147.26,1.019852207
147.27,1.255541927
147.28,0.427463419
147.29,1.514960465
147.3,2.013091712
147.31,1.043064846
147.32,0.951599763
147.33,0.853283561
147.34,0.756576791
147.35,0.661725022
147.36,0.680763574
147.37,0.675963406
147.38,0.580924518
147.39,0.485646783
147.4,0.349162853
147.41,0.205375489
147.42,0.269960428
147.43,0.451106559
147.44,0.641627413
147.45,0.830480561
147.46,1.004658138
147.47,1.172521168
147.48,1.248407741
147.49,1.296488149
147.5,1.330885385
147.51,1.063395854
147.52,0.876159254
147.53,0.807108264
147.54,0.706818493
147.55,0.673375527
147.56,0.73540074
147.57,0.881135946
147.58,1.023811533
147.59,0.981635778
147.6,0.463787391
147.61,1.719644096
147.62,3.367560722
147.63,1.786596888
147.64,0.530866466
147.65,0.273721944
147.66,0.934346962
147.67,1.587148786
147.68,1.156290028
147.69,0.922613759
147.7,0.829586057
147.71,0.687377385
147.72,0.677856007
147.73,0.695890737
147.74,0.603135977
147.75,0.47517758
147.76,0.387593493
147.77,0.294923855
147.78,0.205899294
147.79,0.239942827
147.8,0.401463381
147.81,0.633417999
147.82,0.888320182
147.83,1.081976978
147.84,1.207550973
147.85,1.295345609
147.86,1.328683377
147.87,1.386992037
147.88,1.305221449
147.89,1.137065635
147.9,0.925023676
147.91,0.726762371
147.92,0.611805044
147.93,0.649028397
147.94,0.74715601
147.95,0.871758634
147.96,0.859873321
147.97,0.438493393
147.98,0.915685301
147.99,2.930986264
148,1.923656067
148.01,0.524839533
148.02,0.298460041
148.03,0.884574301
148.04,1.664499531
148.05,1.335398422
148.06,1.025468296
148.07,1.036166882
148.08,1.05485749
148.09,0.882428061
148.1,0.721386508
148.11,0.62023776
148.12,0.513640648
148.13,0.427926358
148.14,0.313959474
148.15,0.169450636
148.16,0.201776625
148.17,0.356738349
148.18,0.542287942
148.19,0.767928158
148.2,0.992836797
148.21,1.182515703
148.22,1.298873763
148.23,1.33803786
148.24,1.211191357
148.25,0.972350867
148.26,0.819695781
148.27,0.80949512
148.28,0.77209558
148.29,0.723150989
148.3,0.766879403
148.31,0.896277236
148.32,1.111602663
148.33,1.25402525
148.34,1.247052159
148.35,0.857978265
148.36,1.366487633
148.37,4.335113271
148.38,3.064325568
148.39,1.327649774
148.4,0.720848005
148.41,0.714183258
148.42,1.543264669
148.43,1.452104767
148.44,0.905473724
148.45,0.909861787
148.46,0.862965038
148.47,0.681954665
148.48,0.630316665
148.49,0.66724103
148.5,0.605599826
148.51,0.437061123
148.52,0.274693784
148.53,0.17343333
148.54,0.152027221
148.55,0.26942989
148.56,0.475044904
148.57,0.703788899
148.58,0.894061407
148.59,1.1703524
148.6,1.362460636
148.61,1.43859188
148.62,1.420723626
148.63,1.388593572
148.64,1.236808286
148.65,1.024624865
148.66,0.837708518
148.67,0.707994019
148.68,0.661680864
148.69,0.734740344
148.7,0.86102771
148.71,0.849519716
148.72,0.619490022
148.73,0.639781173
148.74,2.604454007
148.75,2.339381537
148.76,0.950994034
148.77,0.787586647
148.78,0.744186902
148.79,1.721560548
148.8,1.267914526
148.81,0.837861013
148.82,1.059716676
148.83,1.104046854
148.84,0.927151148
148.85,0.811274039
148.86,0.705622213
148.87,0.617312417
148.88,0.533777676
148.89,0.423816901
148.9,0.323852875
148.91,0.229587704
148.92,0.211249212
148.93,0.332325129
148.94,0.506904332
148.95,0.696155882
148.96,0.905477554
148.97,1.124286355
148.98,1.25279969
148.99,1.314266067
149,1.342220837
149.01,1.190268465
149.02,0.964030791
149.03,0.803236824
149.04,0.737493606
149.05,0.731026514
149.06,0.807447082
149.07,0.935751369
149.08,0.976842064
149.09,0.997522064
149.1,0.698312546
149.11,1.902000757
149.12,3.275045727
149.13,1.42844832
149.14,0.694656539
149.15,0.350264088
149.16,0.752537714
149.17,1.501604419
149.18,1.187283405
149.19,0.811080254
149.2,0.944619911
149.21,0.838154389
149.22,0.60634345
149.23,0.590974913
149.24,0.648038313
149.25,0.577381066
149.26,0.463619086
149.27,0.330663058
149.28,0.216704319
149.29,0.178847484
149.3,0.290992247
149.31,0.504844298
149.32,0.746007328
149.33,1.003313329
149.34,1.210639495
149.35,1.337719364
149.36,1.365499111
149.37,1.38833582
149.38,1.348508789
149.39,1.193154078
149.4,0.983308697
149.41,0.827825897
149.42,0.685439773
149.43,0.577973979
149.44,0.617888288
149.45,0.767744605
149.46,0.897994307
149.47,0.934855527
149.48,0.577984303
149.49,1.170514623
149.5,3.245879092
149.51,2.002372132
149.52,0.470348883
149.53,0.422215474
149.54,0.890013858
149.55,1.517393593
149.56,1.16118739
149.57,0.939057395
149.58,0.936926621
149.59,0.818161611
149.6,0.736518604
149.61,0.701904871
149.62,0.610561254
149.63,0.531118498
149.64,0.431266023
149.65,0.319542614
149.66,0.235401772
149.67,0.244205184
149.68,0.317566248
149.69,0.429481599
149.7,0.565879498
149.71,0.719900275
149.72,0.881103457
149.73,1.050461973
149.74,1.205150497
149.75,1.230696419
149.76,1.111912489
149.77,0.933222776
149.78,0.817515307
149.79,0.730720413
149.8,0.680519446
149.81,0.696223543
149.82,0.754432721
149.83,0.775325025
149.84,0.657001389
149.85,0.516894254
149.86,1.397382061
149.87,1.650007957
149.88,1.080990019
149.89,0.627885519
149.9,0.642132101
149.91,1.079208042
149.92,1.250356139
149.93,0.990494105
149.94,1.094864498
149.95,1.203565323
149.96,0.958751905
149.97,0.595184893
149.98,0.520097706
149.99,0.554630089
150,0.468763615
150.01,0.318488427
150.02,0.290309315
150.03,0.301977487
150.04,0.311569961
150.05,0.419540885
150.06,0.634739209
150.07,0.844581674
150.08,1.062189438
150.09,1.249855567
150.1,1.343668029
150.11,1.463821421
150.12,1.41572213
150.13,1.203975308
150.14,1.065399456
150.15,0.915442977
150.16,0.746836837
150.17,0.609516927
150.18,0.599780719
150.19,0.714576154
150.2,0.853384295
150.21,0.829976561
150.22,0.473580308
150.23,1.65066465
150.24,2.484962338
150.25,1.589598458
150.26,0.52455139
150.27,0.971826145
150.28,0.987815967
150.29,1.742946479
150.3,1.255814954
150.31,0.957915255
150.32,1.113477372
150.33,1.043688601
150.34,0.96017496
150.35,0.813409333
150.36,0.781474046
150.37,0.733663566
150.38,0.607594686
150.39,0.456315402
150.4,0.331241297
150.41,0.241049493
150.42,0.245062134
150.43,0.31537823
150.44,0.467969723
150.45,0.675732433
150.46,0.910908912
150.47,1.139859711
150.48,1.244937552
150.49,1.324441936
150.5,1.338798508
150.51,1.142496561
150.52,0.968048367
150.53,0.838529732
150.54,0.778254011
150.55,0.681470129
150.56,0.765764846
150.57,0.922050181
150.58,1.083775917
150.59,1.096489749
150.6,1.01686799
150.61,0.531336968
150.62,2.272415648
150.63,3.90762653
150.64,1.468796525
150.65,0.594338296
150.66,0.386437873
150.67,1.016536165
150.68,1.354813358
150.69,0.882684054
150.7,0.804873616
150.71,0.795606796
150.72,0.638185921
150.73,0.583587343
150.74,0.647120846
150.75,0.674686669
150.76,0.609822275
150.77,0.45639936
150.78,0.258155891
150.79,0.134672281
150.8,0.265102141
150.81,0.46202064
150.82,0.689946056
150.83,0.882223445
150.84,1.028545779
150.85,1.255428729
150.86,1.36205189
150.87,1.410485116
150.88,1.393922496
150.89,1.330432019
150.9,1.223636708
150.91,1.102578493
150.92,0.912561259
150.93,0.712825064
150.94,0.586263523
150.95,0.63058697
150.96,0.744063944
150.97,0.761061097
150.98,0.58005371
150.99,1.492429759
151,2.467627198
151.01,1.991460858
151.02,0.948718884
151.03,0.986513168
151.04,1.125590032
151.05,1.956186815
151.06,1.176856709
151.07,1.112199544
151.08,1.057803665
151.09,0.852508216
151.1,0.780433727
151.11,0.710113276
151.12,0.605743431
151.13,0.530481153
151.14,0.4484548
151.15,0.332932181
151.16,0.231608233
151.17,0.177771147
151.18,0.228126573
151.19,0.341773002
151.2,0.521839247
151.21,0.735070141
151.22,1.023417517
151.23,1.216674732
151.24,1.241136767
151.25,1.148634054
151.26,0.987684038
151.27,0.974861848
151.28,0.902248038
151.29,0.816393865
151.3,0.776340094
151.31,0.8539284
151.32,0.949220922
151.33,1.095362242
151.34,1.172256921
151.35,1.068816207
151.36,0.646897233
151.37,2.173304039
151.38,3.148563731
151.39,1.823120826
151.4,1.292687222
151.41,0.41793254
151.42,0.731129862
151.43,1.609915483
151.44,1.272204766
151.45,0.890890219
151.46,0.950036588
151.47,0.839665429
151.48,0.546906729
151.49,0.501109049
151.5,0.606980732
151.51,0.57399943
151.52,0.446551599
151.53,0.303894896
151.54,0.208264918
151.55,0.126373584
151.56,0.167734412
151.57,0.420661242
151.58,0.663292036
151.59,0.871973275
151.6,1.03690519
151.61,1.234095471
151.62,1.391011584
151.63,1.497917554
151.64,1.51339577
151.65,1.389433578
151.66,1.153784523
151.67,0.879529118
151.68,0.646240599
151.69,0.48627655
151.7,0.569221897
151.71,0.699972818
151.72,0.744302705
151.73,0.62380494
151.74,0.643381369
151.75,2.25534904
151.76,2.569710607
151.77,0.503021164
151.78,0.776692974
151.79,0.604637075
151.8,1.528097211
151.81,1.299364999
151.82,0.900243261
151.83,0.925115363
151.84,1.009126661
151.85,0.910572996
151.86,0.773105123
151.87,0.655968766
151.88,0.554562226
151.89,0.540315251
151.9,0.49594264
151.91,0.342956535
151.92,0.213386399
151.93,0.229826658
151.94,0.405312983
151.95,0.603013894
151.96,0.808331551
151.97,1.02859724
151.98,1.209629001
151.99,1.295099919
152,1.332869327
152.01,1.194196218
152.02,1.01151051
152.03,0.895547103
152.04,0.823525809
152.05,0.697967242
152.06,0.705283874
152.07,0.860908315
152.08,1.008892826
152.09,1.06080245
152.1,0.866167173
152.11,0.552404355
152.12,3.092172365
152.13,2.501496623
152.14,0.726225394
152.15,0.536697422
152.16,0.492460604
152.17,1.256995881
152.18,1.297498885
152.19,0.963152804
152.2,0.943543658
152.21,0.860232254
152.22,0.64743541
152.23,0.704661364
152.24,0.736756904
152.25,0.607790413
152.26,0.46758037
152.27,0.336730995
152.28,0.203818718
152.29,0.166360239
152.3,0.317076143
152.31,0.50169871
152.32,0.679971164
152.33,0.864331129
152.34,1.050740477
152.35,1.241072127
152.36,1.377466009
152.37,1.401093331
152.38,1.339791633
152.39,1.171110303
152.4,1.004480594
152.41,0.877771475
152.42,0.764412052
152.43,0.712275831
152.44,0.723452556
152.45,0.744953787
152.46,0.821084894
152.47,0.545075505
152.48,1.181199244
152.49,2.437901048
152.5,1.991543037
152.51,0.722089585
152.52,0.787049358
152.53,0.901698843
152.54,1.844132943
152.55,1.214156329
152.56,0.95079966
152.57,1.119046036
152.58,0.824385612
152.59,0.708751892
152.6,0.641927876
152.61,0.578748204
152.62,0.523140248
152.63,0.444640862
152.64,0.349096387
152.65,0.232078281
152.66,0.180912086
152.67,0.231603191
152.68,0.373634293
152.69,0.553496502
152.7,0.792715132
152.71,0.989703272
152.72,1.239910414
152.73,1.463184219
152.74,1.532802457
152.75,1.246756381
152.76,0.913886591
152.77,0.773541828
152.78,0.7157751
152.79,0.747427742
152.8,0.831412808
152.81,0.908042844
152.82,0.981213971
152.83,0.9964363
152.84,0.804976478
152.85,0.589055264
152.86,3.157908836
152.87,2.495398673
152.88,0.955460707
152.89,0.864800883
152.9,0.297068907
152.91,1.149374745
152.92,1.375010141
152.93,0.979325094
152.94,0.922395742
152.95,0.883411996
152.96,0.667757265
152.97,0.564067809
152.98,0.581963034
152.99,0.59588093
153,0.487889051
153.01,0.351299631
153.02,0.263408537
153.03,0.178526367
153.04,0.124280436
153.05,0.340193879
153.06,0.573194644
153.07,0.791623944
153.08,1.010010927
153.09,1.218989271
153.1,1.344343424
153.11,1.425842553
153.12,1.470175853
153.13,1.447322485
153.14,1.32693694
153.15,0.971892477
153.16,0.63122752
153.17,0.484636873
153.18,0.561843109
153.19,0.790779234
153.2,0.936279515
153.21,0.844886589
153.22,0.422328057
153.23,0.973446494
153.24,3.659290031
153.25,2.556393352
153.26,0.770968966
153.27,0.675492395
153.28,0.402240075
153.29,1.510186831
153.3,1.450550812
153.31,0.910623615
153.32,0.738651885
153.33,0.863525913
153.34,0.852590201
153.35,0.764660332
153.36,0.66335471
153.37,0.570670567
153.38,0.519784065
153.39,0.414832389
153.4,0.306755674
153.41,0.248568623
153.42,0.271083134
153.43,0.456907619
153.44,0.663137636
153.45,0.909738728
153.46,1.173800729
153.47,1.32934328
153.48,1.3787566
153.49,1.300982581
153.5,1.035034275
153.51,0.770492353
153.52,0.68176473
153.53,0.690566123
153.54,0.750892535
153.55,0.825651509
153.56,0.92390648
153.57,1.02632098
153.58,1.043083088
153.59,0.621595867
153.6,1.906819533
153.61,3.321831629
153.62,1.77174595
153.63,0.914199226
153.64,0.720805365
153.65,0.819020333
153.66,1.420267481
153.67,1.051106146
153.68,0.835603766
153.69,1.002234939
153.7,0.87260864
153.71,0.679171494
153.72,0.597524037
153.73,0.548824783
153.74,0.5474827
153.75,0.470226101
153.76,0.337776737
153.77,0.225266996
153.78,0.126988587
153.79,0.155354938
153.8,0.460234778
153.81,0.751858628
153.82,0.986321358
153.83,1.172134549
153.84,1.33476923
153.85,1.430903283
153.86,1.473734055
153.87,1.380768891
153.88,1.183605922
153.89,0.972104077
153.9,0.796471621
153.91,0.633137761
153.92,0.573061348
153.93,0.800947402
153.94,0.886778712
153.95,0.954447257
153.96,0.878576718
153.97,0.113290868
153.98,2.421385128
153.99,2.987323307
154,1.277555792
154.01,0.828947159
154.02,0.376046753
154.03,1.641544362
154.04,1.68326326
154.05,0.916988519
154.06,0.981676253
154.07,1.042297466
154.08,0.812003565
154.09,0.670526653
154.1,0.612570137
154.11,0.637837161
154.12,0.579127063
154.13,0.456537115
154.14,0.30899093
154.15,0.196452433
154.16,0.087903996
154.17,0.238947458
154.18,0.497416058
154.19,0.764237697
154.2,1.025449314
154.21,1.274035354
154.22,1.398351496
154.23,1.390136213
154.24,1.216106637
154.25,0.893808461
154.26,0.66289727
154.27,0.679981203
154.28,0.822174602
154.29,0.960036763
154.3,1.062225573
154.31,1.140208542
154.32,1.118159073
154.33,0.818053873
154.34,0.49742837
154.35,3.417080495
154.36,2.572226881
154.37,0.419370665
154.38,0.227924648
154.39,1.075742386
154.4,1.603303435
154.41,1.116845006
154.42,1.011913701
154.43,1.043350109
154.44,0.724742192
154.45,0.519778011
154.46,0.449740868
154.47,0.440232671
154.48,0.404376247
154.49,0.351553875
154.5,0.241535314
154.51,0.154318429
154.52,0.397517
154.53,0.671842647
154.54,0.89239496
154.55,1.092494626
154.56,1.251601314
154.57,1.339271047
154.58,1.372310582
154.59,1.374441005
154.6,1.297977142
154.61,1.070392746
154.62,0.881183914
154.63,0.77537746
154.64,0.781705109
154.65,0.855909897
154.66,0.952078242
154.67,1.01701027
154.68,0.926372201
154.69,0.689048971
154.7,1.50382657
154.71,3.15916619
154.72,1.787088164
154.73,0.722162039
154.74,0.213511239
154.75,1.217053516
154.76,1.99145806
154.77,1.152192891
154.78,1.016190274
154.79,1.110055963
154.8,0.865981034
154.81,0.73988932
154.82,0.7116126
154.83,0.594451286
154.84,0.449910417
154.85,0.36470852
154.86,0.257109735
154.87,0.123051639
154.88,0.158132124
154.89,0.347625533
154.9,0.602766714
154.91,0.909303815
154.92,1.130909776
154.93,1.257596478
154.94,1.309502335
154.95,1.220282715
154.96,1.020447815
154.97,0.867301017
154.98,0.783578623
154.99,0.745160725
155,0.748494364
155.01,0.876205317
155.02,0.972918524
155.03,1.004021871
155.04,0.919222231
155.05,0.340917312
155.06,1.808329211
155.07,2.322316663
155.08,1.483987453
155.09,0.630387656
155.1,0.378636619
155.11,0.977183301
155.12,1.320466021
155.13,1.080583363
155.14,1.039797446
155.15,1.147255656
155.16,0.808452264
155.17,0.58662442
155.18,0.582972091
155.19,0.588338608
155.2,0.437874233
155.21,0.279630912
155.22,0.198668481
155.23,0.168146689
155.24,0.259164736
155.25,0.565610597
155.26,0.800784231
155.27,0.940456953
155.28,1.074735426
155.29,1.216507471
155.3,1.3536718
155.31,1.473358418
155.32,1.485967752
155.33,1.293691662
155.34,1.032625068
155.35,0.799063929
155.36,0.605952411
155.37,0.521787926
155.38,0.641835984
155.39,0.820861921
155.4,0.867036696
155.41,0.641481861
155.42,1.338804575
155.43,3.072661755
155.44,1.715569995
155.45,0.600162617
155.46,0.294819687
155.47,1.64268802
155.48,1.76102013
155.49,1.194588612
155.5,1.285160809
155.51,1.061799285
155.52,0.879090674
155.53,0.753586542
155.54,0.671763537
155.55,0.533907862
155.56,0.445449419
155.57,0.362213326
155.58,0.258920165
155.59,0.149276852
155.6,0.249795619
155.61,0.424751573
155.62,0.665031321
155.63,0.896850605
155.64,1.096096477
155.65,1.280146541
155.66,1.341246765
155.67,1.277409552
155.68,1.169004202
155.69,1.048366602
155.7,0.919585217
155.71,0.782628017
155.72,0.649881399
155.73,0.654403793
155.74,0.803408959
155.75,1.012781365
155.76,1.186911067
155.77,1.187948099
155.78,0.965206772
155.79,0.790444848
155.8,4.101630814
155.81,3.101052149
155.82,0.689280071
155.83,0.814367637
155.84,0.792328332
155.85,1.656155314
155.86,1.320456945
155.87,1.028539222
155.88,0.99318948
155.89,0.700216756
155.9,0.617155214
155.91,0.679386258
155.92,0.669312851
155.93,0.532065082
155.94,0.393582633
155.95,0.245534806
155.96,0.124950548
155.97,0.223373769
155.98,0.469913553
155.99,0.72622703
156,0.889995985
156.01,1.128944702
156.02,1.326820582
156.03,1.428812741
156.04,1.476130061
156.05,1.450434675
156.06,1.317087035
156.07,1.036844072
156.08,0.862722152
156.09,0.69362389
156.1,0.593361297
156.11,0.538392229
156.12,0.614267811
156.13,0.685471611
156.14,0.647373895
156.15,0.577401991
156.16,2.288180353
156.17,1.852188077
156.18,1.004578215
156.19,0.813074675
156.2,0.590992192
156.21,1.374956937
156.22,1.906887803
156.23,1.188816134
156.24,1.101826644
156.25,0.980832125
156.26,0.756263833
156.27,0.747886303
156.28,0.6774293
156.29,0.551223407
156.3,0.525151421
156.31,0.45931027
156.32,0.327370282
156.33,0.16719956
156.34,0.096691994
156.35,0.28942401
156.36,0.60317894
156.37,0.898506966
156.38,1.058564078
156.39,1.215784901
156.4,1.312274396
156.41,1.29538376
156.42,1.178849469
156.43,0.920009454
156.44,0.72313444
156.45,0.629401866
156.46,0.678308715
156.47,0.859085737
156.48,0.964476793
156.49,1.082058913
156.5,1.234637327
156.51,1.156092873
156.52,0.535445017
156.53,2.269656715
156.54,3.719259827
156.55,2.097167233
156.56,1.193522437
156.57,0.140828963
156.58,0.955953463
156.59,1.577745292
156.6,1.167899461
156.61,1.022422605
156.62,0.948426638
156.63,0.641531989
156.64,0.49841739
156.65,0.49889586
156.66,0.531883543
156.67,0.482043634
156.68,0.389286571
156.69,0.313240098
156.7,0.170862344
156.71,0.132549322
156.72,0.391034224
156.73,0.552256258
156.74,0.862179644
156.75,1.071193195
156.76,1.234142746
156.77,1.378509661
156.78,1.440055648
156.79,1.463419215
156.8,1.410981659
156.81,1.217674785
156.82,0.937682733
156.83,0.659616092
156.84,0.51900191
156.85,0.585441978
156.86,0.769012883
156.87,0.876936991
156.88,0.823468883
156.89,0.546991577
156.9,2.046557674
156.91,3.235272305
156.92,0.898311168
156.93,0.782117604
156.94,0.405742429
156.95,1.587555121
156.96,1.641003642
156.97,0.866473307
156.98,1.031534124
156.99,1.08703446
157,0.850857884
157.01,0.772757752
157.02,0.7953392
157.03,0.630945497
157.04,0.508957862
157.05,0.435534342
157.06,0.268812307
157.07,0.154916249
157.08,0.248603456
157.09,0.462846479
157.1,0.70992394
157.11,0.96493551
157.12,1.148810791
157.13,1.26874328
157.14,1.316983338
157.15,1.270839621
157.16,1.139323018
157.17,0.989288966
157.18,0.853499469
157.19,0.765332398
157.2,0.707689253
157.21,0.730234658
157.22,0.873174619
157.23,1.031430811
157.24,1.128580372
157.25,1.051790114
157.26,0.810321936
157.27,1.002684853
157.28,3.813044234
157.29,2.713960116
157.3,0.963328727
157.31,0.56484877
157.32,0.633392402
157.33,1.321297951
157.34,1.352116078
157.35,1.136654375
157.36,0.907462071
157.37,0.663814959
157.38,0.59219455
157.39,0.572644854
157.4,0.588668776
157.41,0.518963438
157.42,0.393315584
157.43,0.274159596
157.44,0.215866653
157.45,0.259952812
157.46,0.376908414
157.47,0.625685886
157.48,0.869781462
157.49,1.105080151
157.5,1.289483248
157.51,1.424008265
157.52,1.447371744
157.53,1.376761808
157.54,1.187226894
157.55,1.026082133
157.56,0.911085214
157.57,0.734270814
157.58,0.540127581
157.59,0.531473555
157.6,0.715538101
157.61,0.981643612
157.62,1.055064453
157.63,0.896687104
157.64,0.474163143
157.65,2.029316502
157.66,2.579806562
157.67,1.349166244
157.68,0.583062984
157.69,0.498176779
157.7,1.491262943
157.71,1.91762532
157.72,1.183716322
157.73,1.211617108
157.74,1.238449726
157.75,0.962195113
157.76,0.821291812
157.77,0.813766186
157.78,0.68500589
157.79,0.484407811
157.8,0.361467401
157.81,0.243830637
157.82,0.173533056
157.83,0.214748799
157.84,0.302973911
157.85,0.50653847
157.86,0.731391986
157.87,0.983929241
157.88,1.189722401
157.89,1.267361562
157.9,1.226810724
157.91,1.091699784
157.92,0.935245198
157.93,0.833343297
157.94,0.771994657
157.95,0.744054595
157.96,0.809650711
157.97,0.951383391
157.98,1.098671224
157.99,1.166061893
158,1.082745076
158.01,0.75381652
158.02,1.058521811
158.03,3.923066022
158.04,2.135286643
158.05,0.811140443
158.06,0.232862864
158.07,0.96087667
158.08,1.6342468
158.09,1.253665494
158.1,0.950614611
158.11,1.020319906
158.12,0.750392428
158.13,0.551349685
158.14,0.535792264
158.15,0.549751589
158.16,0.47961455
158.17,0.388810396
158.18,0.258977572
158.19,0.168768833
158.2,0.302490307
158.21,0.506284916
158.22,0.696632262
158.23,0.854816135
158.24,1.118797426
158.25,1.297002801
158.26,1.39035824
158.27,1.4289924
158.28,1.376775173
158.29,1.164871084
158.3,0.946289358
158.31,0.79963741
158.32,0.701965978
158.33,0.730854614
158.34,0.836266774
158.35,0.948262535
158.36,0.94399653
158.37,0.756335403
158.38,0.31326537
158.39,2.103004097
158.4,3.046919076
158.41,0.727344493
158.42,0.482805669
158.43,0.984838672
158.44,1.800876409
158.45,1.549256221
158.46,1.170152355
158.47,1.142824241
158.48,1.062179787
158.49,0.948335918
158.5,0.808565723
158.51,0.688552592
158.52,0.575471564
158.53,0.431260269
158.54,0.293752494
158.55,0.163446802
158.56,0.205401344
158.57,0.437286527
158.58,0.719545972
158.59,1.005523848
158.6,1.180969934
158.61,1.393963219
158.62,1.500714278
158.63,1.26824599
158.64,0.957928685
158.65,0.730221343
158.66,0.558320222
158.67,0.531631232
158.68,0.675960917
158.69,0.871504298
158.7,1.050585856
158.71,1.167792951
158.72,1.179930933
158.73,0.880154373
158.74,1.200660378
158.75,3.321849369
158.76,1.99392027
158.77,1.038127137
158.78,0.699477918
158.79,0.900006927
158.8,1.617016093
158.81,1.229308775
158.82,1.022297844
158.83,1.086493174
158.84,0.841169194
158.85,0.665039441
158.86,0.600210779
158.87,0.556464511
158.88,0.408968557
158.89,0.265265162
158.9,0.174975815
158.91,0.157835679
158.92,0.192937849
158.93,0.464735341
158.94,0.718319922
158.95,0.936347165
158.96,1.10234173
158.97,1.256668868
158.98,1.430937605
158.99,1.529666252
159,1.502339009
159.01,1.293160739
159.02,1.012357197
159.03,0.706149857
159.04,0.460747696
159.05,0.490772385
159.06,0.808189589
159.07,0.994180603
159.08,1.046316617
159.09,0.892283534
159.1,0.358953381
159.11,2.339997062
159.12,2.782347065
159.13,0.870101849
159.14,0.592179575
159.15,0.356533377
159.16,1.968492506
159.17,1.459569235
159.18,0.980464547
159.19,1.177032907
159.2,1.060546307
159.21,0.80557596
159.22,0.669464746
159.23,0.625783066
159.24,0.547603248
159.25,0.410965788
159.26,0.299892655
159.27,0.175429214
159.28,0.106757145
159.29,0.220403006
159.3,0.442471865
159.31,0.685239218
159.32,0.978528405
159.33,1.243215253
159.34,1.357913008
159.35,1.313176745
159.36,1.190833666
159.37,0.955991178
159.38,0.761835651
159.39,0.640644791
159.4,0.573253639
159.41,0.648743941
159.42,0.87644622
159.43,1.137260092
159.44,1.240004655
159.45,1.257941771
159.46,0.958683578
159.47,0.694887468
159.48,3.592926104
159.49,2.638598451
159.5,0.877290559
159.51,0.658752459
159.52,0.88113791
159.53,1.759941315
159.54,1.27338134
159.55,0.849129833
159.56,0.940813809
159.57,0.785819001
159.58,0.601776977
159.59,0.617650395
159.6,0.664026166
159.61,0.555844836
159.62,0.45876269
159.63,0.349442794
159.64,0.218459555
159.65,0.314102089
159.66,0.512534542
159.67,0.760727003
159.68,0.994496369
159.69,1.17622771
159.7,1.304696944
159.71,1.396067012
159.72,1.432964882
159.73,1.386883168
159.74,1.341812417
159.75,1.275093603
159.76,1.072202882
159.77,0.800622496
159.78,0.633505413
159.79,0.678367422
159.8,0.766335711
159.81,0.804324888
159.82,0.815226723
159.83,0.396128831
159.84,2.143223131
159.85,2.853525527
159.86,1.422684077
159.87,0.686290374
159.88,0.463993837
159.89,1.653661022
159.9,1.834634235
159.91,1.04665246
159.92,0.95147015
159.93,0.957909064
159.94,0.821602231
159.95,0.730940779
159.96,0.665246752
159.97,0.604596854
159.98,0.513744001
159.99,0.392003475
160,0.248626993
160.01,0.120752485
160.02,0.186684625
160.03,0.398883531
160.04,0.632006622
160.05,0.926166133
160.06,1.264408059
160.07,1.372551783
160.08,1.372341006
160.09,1.310377846
160.1,1.071773578
160.11,0.832231336
160.12,0.693515747
160.13,0.660840369
160.14,0.712404752
160.15,0.824983925
160.16,0.922309823
160.17,1.002845203
160.18,1.123254248
160.19,0.952524562
160.2,0.527495766
160.21,2.288637148
160.22,2.735624168
160.23,1.790178422
160.24,1.118301048
160.25,0.250754283
160.26,1.344008912
160.27,1.401231384
160.28,0.850799154
160.29,0.892347406
160.3,0.920130841
160.31,0.684784483
160.32,0.503634707
160.33,0.472472673
160.34,0.464157279
160.35,0.395941066
160.36,0.313231903
160.37,0.182900761
160.38,0.117502986
160.39,0.324509435
160.4,0.56398582
160.41,0.802149561
160.42,1.175789306
160.43,1.277467717
160.44,1.435191551
160.45,1.530885682
160.46,1.4375054
160.47,1.40506313
160.48,1.194480534
160.49,0.702470409
160.5,0.561309616
160.51,0.815063764
160.52,0.954198922
160.53,0.949305146
160.54,1.00239129
160.55,1.056110093
160.56,0.864673467
160.57,0.268020853
160.58,1.813500043
160.59,4.129488849
160.6,2.15547849
160.61,1.023922107
160.62,0.999476298
160.63,1.457999096
160.64,1.45153006
160.65,1.249122109
160.66,0.885506241
160.67,0.744989897
160.68,0.752122084
160.69,0.677084669
160.7,0.60874327
160.71,0.55585209
160.72,0.467334021
160.73,0.342275102
160.74,0.229291682
160.75,0.132048193
160.76,0.159513647
160.77,0.339954407
160.78,0.61769454
160.79,0.945896914
160.8,1.154674629
160.81,1.278447416
160.82,1.353490461
160.83,1.337640806
160.84,1.141959574
160.85,0.881080693
160.86,0.691692654
160.87,0.661128546
160.88,0.730045269
160.89,0.838349
160.9,0.954299783
160.91,1.090992116
160.92,0.827459016
160.93,0.306651665
160.94,2.130124153
160.95,2.770731614
160.96,0.681859194
160.97,0.403763651
160.98,0.405976919
160.99,1.067169526
161,1.347278187
161.01,1.049094168
161.02,0.919246096
161.03,0.858362091
161.04,0.617846951
161.05,0.44764196
161.06,0.50558342
161.07,0.55778829
161.08,0.494114907
161.09,0.37967421
161.1,0.277862423
161.11,0.245731279
161.12,0.350533759
161.13,0.598516545
161.14,0.846805862
161.15,1.020816626
161.16,1.206532616
161.17,1.333630436
161.18,1.439800328
161.19,1.501186404
161.2,1.417885461
161.21,1.168982395
161.22,0.82791766
161.23,0.57853201
161.24,0.612154406
161.25,0.691209426
161.26,0.833053656
161.27,0.958533817
161.28,0.846203748
161.29,0.400572123
161.3,2.410831099
161.31,2.748110752
161.32,1.141008554
161.33,0.742300429
161.34,0.924067182
161.35,1.708432875
161.36,1.570812056
161.37,0.940992459
161.38,1.015519494
161.39,0.941460202
161.4,0.6867248
161.41,0.631654128
161.42,0.572326717
161.43,0.495215232
161.44,0.416578788
161.45,0.300822725
161.46,0.162416477
161.47,0.080005357
161.48,0.211776021
161.49,0.476314402
161.5,0.779742527
161.51,1.037491056
161.52,1.232277202
161.53,1.282084364
161.54,1.270255078
161.55,1.131651317
161.56,0.880509648
161.57,0.714410172
161.58,0.696826655
161.59,0.755653463
161.6,0.87999648
161.61,1.025049856
161.62,1.089893751
161.63,1.154631688
161.64,1.12305862
161.65,0.869346027
161.66,0.456403032
161.67,3.553251088
161.68,2.632429438
161.69,1.010641633
161.7,0.906383955
161.71,0.564047552
161.72,1.66281566
161.73,1.645382746
161.74,0.978915019
161.75,0.944130208
161.76,0.86589622
161.77,0.570472705
161.78,0.392835683
161.79,0.448534883
161.8,0.469424931
161.81,0.371947462
161.82,0.242602511
161.83,0.133504617
161.84,0.073911158
161.85,0.257955615
161.86,0.578301517
161.87,0.879548995
161.88,1.145641866
161.89,1.340038335
161.9,1.398137343
161.91,1.412105338
161.92,1.451235177
161.93,1.409043353
161.94,1.10983623
161.95,0.723935126
161.96,0.459058482
161.97,0.492254886
161.98,0.788317755
161.99,1.017506723
162,1.094215079
162.01,0.943643886
162.02,0.517212637
162.03,1.90765709
162.04,4.072029773
162.05,1.178048631
162.06,1.22595428
162.07,0.336307304
162.08,1.649979703
162.09,1.789695811
162.1,1.064726811
162.11,1.101015707
162.12,1.124269068
162.13,0.817120865
162.14,0.695887681
162.15,0.702867817
162.16,0.667954681
162.17,0.570338313
162.18,0.416721703
162.19,0.270693599
162.2,0.168122021
162.21,0.331924083
162.22,0.516446211
162.23,0.696220129
162.24,0.8484945
162.25,1.026355663
162.26,1.167344727
162.27,1.188541764
162.28,1.118153698
162.29,0.990472065
162.3,0.836561786
162.31,0.755268545
162.32,0.790320237
162.33,0.896139854
162.34,1.040636367
162.35,1.156404393
162.36,1.263291803
162.37,1.265492516
162.38,1.018053964
162.39,0.527172609
162.4,2.287246263
162.41,3.333638279
162.42,1.205263423
162.43,0.584698718
162.44,0.516089293
162.45,1.291539899
162.46,1.540237883
162.47,1.196689345
162.48,0.933986732
162.49,0.855212177
162.5,0.710433367
162.51,0.596876234
162.52,0.544729832
162.53,0.499875312
162.54,0.437659709
162.55,0.314029549
162.56,0.209858862
162.57,0.149221207
162.58,0.276155905
162.59,0.530104421
162.6,0.734216189
162.61,0.958549767
162.62,1.110747214
162.63,1.253249316
162.64,1.371292963
162.65,1.444604928
162.66,1.378697411
162.67,1.217577648
162.68,0.967626261
162.69,0.786623841
162.7,0.641037381
162.71,0.67417407
162.72,0.853061277
162.73,0.967197745
162.74,0.927055164
162.75,0.508301444
162.76,0.802021679
162.77,2.81003025
162.78,2.169010128
162.79,0.134296617
162.8,1.100215566
162.81,1.305787412
162.82,2.361408735
162.83,1.576548341
162.84,1.057068938
162.85,1.184237259
162.86,1.027404137
162.87,0.767082969
162.88,0.575098235
162.89,0.420704609
162.9,0.395494079
162.91,0.376162796
162.92,0.29042067
162.93,0.207975029
162.94,0.163115598
162.95,0.214495004
162.96,0.404381711
162.97,0.653082392
162.98,0.918845307
162.99,1.214540033
163,1.344091491
163.01,1.381353414
163.02,1.240795636
163.03,0.951462837
163.04,0.708971479
163.05,0.708498734
163.06,0.833873239
163.07,1.026221514
163.08,1.162235914
163.09,1.227610905
163.1,1.217542458
163.11,0.982689923
163.12,0.533717863
163.13,2.505524541
163.14,2.761058102
163.15,1.000771951
163.16,0.347117016
163.17,0.668264121
163.18,1.394051245
163.19,1.392815517
163.2,1.004074937
163.21,0.921704843
163.22,0.706306683
163.23,0.573826769
163.24,0.550853333
163.25,0.464911625
163.26,0.348620491
163.27,0.317558666
163.28,0.316139062
163.29,0.252935719
163.3,0.246456239
163.31,0.404162054
163.32,0.637063062
163.33,0.842331079
163.34,1.053954869
163.35,1.246435006
163.36,1.351447332
163.37,1.379407322
163.38,1.411920506
163.39,1.265942306
163.4,1.044056862
163.41,0.790782624
163.42,0.567456731
163.43,0.614776741
163.44,0.890681351
163.45,1.14524872
163.46,1.147069879
163.47,0.91545795
163.48,0.383758876
163.49,2.376063658
163.5,3.370342767
163.51,1.184717062
163.52,0.90479958
163.53,0.633522136
163.54,1.635227657
163.55,1.713811687
163.56,0.910787088
163.57,0.830417943
163.58,1.015361474
163.59,0.792371418
163.6,0.670026326
163.61,0.590524828
163.62,0.559416467
163.63,0.540382703
163.64,0.409381621
163.65,0.243565822
163.66,0.226361022
163.67,0.435252031
163.68,0.651827323
163.69,0.883843438
163.7,1.088599155
163.71,1.202545609
163.72,1.21320116
163.73,1.137822605
163.74,0.952213134
163.75,0.663251094
163.76,0.403756497
163.77,0.411413321
163.78,0.709834607
163.79,1.036835571
163.8,1.285977816
163.81,1.416813861
163.82,1.334493046
163.83,0.931194117
163.84,0.394237064
163.85,2.459180959
163.86,2.460433689
163.87,0.94497591
163.88,0.606747253
163.89,0.718662154
163.9,1.117769374
163.91,1.368481281
163.92,1.056087095
163.93,1.001575429
163.94,1.036700357
163.95,0.840568229
163.96,0.575323207
163.97,0.488033815
163.98,0.463532068
163.99,0.407252373
164,0.278185334
164.01,0.1744859
164.02,0.116050943
164.03,0.250323902
164.04,0.423970514
164.05,0.637657464
164.06,0.829586027
164.07,1.020480997
164.08,1.182969626
164.09,1.305221064
164.1,1.429672692
164.11,1.473154068
164.12,1.375329787
164.13,1.058265012
164.14,0.77881973
164.15,0.62813948
164.16,0.618004712
164.17,0.758241472
164.18,0.941991828
164.19,1.088915581
164.2,1.06251403
164.21,0.556788431
164.22,1.641832478
164.23,3.508268409
164.24,1.541768572
164.25,0.76014498
164.26,0.522588386
164.27,1.358085377
164.28,1.76304043
164.29,1.235420034
164.3,0.899658821
164.31,0.962849957
164.32,0.929211842
164.33,0.842990861
164.34,0.758123813
164.35,0.648065724
164.36,0.517494797
164.37,0.421772295
164.38,0.312188452
164.39,0.167177793
164.4,0.104380067
164.41,0.341173684
164.42,0.649740476
164.43,0.917743388
164.44,1.200534692
164.45,1.328056931
164.46,1.448070905
164.47,1.393104775
164.48,1.036108959
164.49,0.755228
164.5,0.614670269
164.51,0.62864672
164.52,0.780816064
164.53,0.952424305
164.54,1.120197316
164.55,1.241475812
164.56,1.300610768
164.57,1.110465458
164.58,0.618061583
164.59,0.942325682
164.6,3.485990713
164.61,2.076499915
164.62,1.027089007
164.63,0.727721619
164.64,0.894177321
164.65,1.650792508
164.66,1.472812526
164.67,0.966181131
164.68,0.842603575
164.69,0.718612214
164.7,0.601004683
164.71,0.555833596
164.72,0.517410908
164.73,0.504962111
164.74,0.469655502
164.75,0.348665267
164.76,0.149704946
164.77,0.188543141
164.78,0.461638236
164.79,0.745794565
164.8,0.980557593
164.81,1.191579896
164.82,1.316227176
164.83,1.389809241
164.84,1.418363813
164.85,1.382801272
164.86,1.271451576
164.87,1.063886422
164.88,0.779077199
164.89,0.630815231
164.9,0.677003394
164.91,0.856430152
164.92,1.007371863
164.93,1.096998867
164.94,1.056590659
164.95,0.558267001
164.96,1.55964815
164.97,3.6777918
164.98,1.69591025
164.99,0.657804279
165,0.827022827
165.01,1.588040667
165.02,2.064976286
165.03,1.203750187
165.04,0.8344626
165.05,1.073129034
165.06,0.979710017
165.07,0.85996634
165.08,0.817294443
165.09,0.760276645
165.1,0.601052589
165.11,0.469874686
165.12,0.340896069
165.13,0.202443216
165.14,0.187982662
165.15,0.293260083
165.16,0.455904689
165.17,0.663000335
165.18,0.916372228
165.19,1.08833034
165.2,1.279240515
165.21,1.353660208
165.22,1.298172014
165.23,1.133428317
165.24,0.979917617
165.25,0.844839461
165.26,0.793858735
165.27,0.818228608
165.28,0.914326021
165.29,1.007990801
165.3,1.170005414
165.31,1.154033128
165.32,0.780096691
165.33,0.7738758
165.34,2.490499117
165.35,2.427786009
165.36,1.975701961
165.37,1.49071152
165.38,0.656870916
165.39,1.588868676
165.4,1.666561588
165.41,1.071579563
165.42,0.826176651
165.43,0.732934268
165.44,0.616484226
165.45,0.551211941
165.46,0.522042897
165.47,0.444723794
165.48,0.32349168
165.49,0.19536926
165.5,0.102271489
165.51,0.173854152
165.52,0.414584341
165.53,0.75651908
165.54,1.024752755
165.55,1.212927484
165.56,1.330596076
165.57,1.409038758
165.58,1.406314499
165.59,1.367820753
165.6,1.237083099
165.61,0.999970608
165.62,0.719111636
165.63,0.561503732
165.64,0.63868528
165.65,0.873362914
165.66,1.108101208
165.67,1.183799023
165.68,1.020058347
165.69,0.449076239
165.7,3.028728946
165.71,3.464481362
165.72,0.665291902
165.73,0.71070126
165.74,0.805379719
165.75,1.80818017
165.76,1.424798699
165.77,0.885910879
165.78,0.971227164
165.79,1.002110457
165.8,0.899238146
165.81,0.759710971
165.82,0.66704546
165.83,0.569001119
165.84,0.462541619
165.85,0.341744507
165.86,0.225912197
165.87,0.195439651
165.88,0.352142313
165.89,0.560719977
165.9,0.763127922
165.91,1.063921356
165.92,1.240657298
165.93,1.209421889
165.94,1.180421462
165.95,1.153350897
165.96,1.046901624
165.97,0.861855672
165.98,0.691795211
165.99,0.618065069
166,0.691810563
166.01,0.893933332
166.02,1.105736422
166.03,1.27326941
166.04,1.09686365
166.05,0.425804299
166.06,1.697908155
166.07,3.271487366
166.08,2.055626172
166.09,0.758655926
166.1,0.240994197
166.11,0.774128017
166.12,1.368424123
166.13,1.189797071
166.14,0.90021195
166.15,0.769503849
166.16,0.586951209
166.17,0.55561458
166.18,0.591892464
166.19,0.490691558
166.2,0.31060929
166.21,0.208211795
166.22,0.139740261
166.23,0.117845583
166.24,0.373856117
166.25,0.704699334
166.26,1.017267213
166.27,1.242558683
166.28,1.400992918
166.29,1.385860068
166.3,1.375584218
166.31,1.356780845
166.32,1.265640793
166.33,1.0555342
166.34,0.927911108
166.35,0.830793575
166.36,0.775170859
166.37,0.813293759
166.38,1.012216284
166.39,1.154875459
166.4,1.034362463
166.41,0.723286065
166.42,0.617342938
166.43,1.844248186
166.44,3.660597566
166.45,2.182947469
166.46,0.678480475
166.47,0.966045306
166.48,2.086589721
166.49,1.855024467
166.5,1.047263993
166.51,1.027168077
166.52,0.948565099
166.53,0.701506601
166.54,0.634566591
166.55,0.568383902
166.56,0.46784217
166.57,0.297761277
166.58,0.146707764
166.59,0.108569986
166.6,0.177944755
166.61,0.204858243
166.62,0.375807412
166.63,0.735428545
166.64,1.092038901
166.65,1.292787501
166.66,1.393636581
166.67,1.432588428
166.68,1.255162739
166.69,0.983455796
166.7,0.747474901
166.71,0.68419714
166.72,0.731463819
166.73,0.865835484
166.74,0.976224765
166.75,1.041612845
166.76,1.098289596
166.77,1.138039464
166.78,0.896508172
166.79,2.001253601
166.8,3.637602269
166.81,1.945508695
166.82,0.909907829
166.83,0.760428525
166.84,0.639387357
166.85,1.543224461
166.86,1.401574895
166.87,0.894619953
166.88,0.923779732
166.89,0.729244728
166.9,0.465077213
166.91,0.40088467
166.92,0.485066222
166.93,0.512499388
166.94,0.444358796
166.95,0.301589656
166.96,0.14292869
166.97,0.130685475
166.98,0.401027589
166.99,0.686968343
167,0.960171101
167.01,1.137032442
167.02,1.279382172
167.03,1.373357412
167.04,1.47524135
167.05,1.537591681
167.06,1.471808793
167.07,1.222395935
167.08,0.943122792
167.09,0.692177271
167.1,0.510205451
167.11,0.553063565
167.12,0.712394542
167.13,0.857090725
167.14,0.896528792
167.15,0.869794197
167.16,1.328683583
167.17,3.379360971
167.18,2.380067604
167.19,0.573595205
167.2,1.230378821
167.21,0.911474644
167.22,2.076497852
167.23,1.353185497
167.24,0.878340948
167.25,1.06600282
167.26,0.748817385
167.27,0.691994855
167.28,0.723689472
167.29,0.611686188
167.3,0.541562446
167.31,0.435449846
167.32,0.314688518
167.33,0.198372115
167.34,0.108210902
167.35,0.218715534
167.36,0.409680723
167.37,0.660746703
167.38,1.009745212
167.39,1.215130724
167.4,1.279312819
167.41,1.184285035
167.42,1.06796413
167.43,0.983826386
167.44,0.971395002
167.45,0.921932302
167.46,0.794221177
167.47,0.688618529
167.48,0.770808372
167.49,0.941367755
167.5,1.120444769
167.51,1.160229669
167.52,1.041324717
167.53,0.753309695
167.54,1.532394088
167.55,3.74604698
167.56,2.454989833
167.57,1.58183787
167.58,0.532510245
167.59,0.748363626
167.6,1.843645517
167.61,1.503745222
167.62,1.145956132
167.63,1.204713161
167.64,0.973214882
167.65,0.630345801
167.66,0.613179188
167.67,0.60762505
167.68,0.500716458
167.69,0.387673641
167.7,0.280933485
167.71,0.148174891
167.72,0.195600234
167.73,0.401516745
167.74,0.644650142
167.75,0.914398623
167.76,1.0864541
167.77,1.315258273
167.78,1.452127136
167.79,1.487861764
167.8,1.425011072
167.81,1.227178524
167.82,0.995742703
167.83,0.880679905
167.84,0.780517633
167.85,0.678136061
167.86,0.647238445
167.87,0.70956601
167.88,0.872146866
167.89,1.019010187
167.9,0.896570403
167.91,0.47505688
167.92,2.249548569
167.93,3.184494129
167.94,1.245447082
167.95,0.809980784
167.96,0.329321301
167.97,1.212523962
167.98,1.742315141
167.99,1.037279107
168,0.860689944
168.01,1.086194194
168.02,0.89358583
168.03,0.852005526
168.04,0.853141834
168.05,0.848940832
168.06,0.663354775
168.07,0.479068494
168.08,0.323416229
168.09,0.184134978
168.1,0.19825167
168.11,0.324109795
168.12,0.499620488
168.13,0.690035341
168.14,0.890814624
168.15,1.039201192
168.16,1.171653192
168.17,1.23923521
168.18,1.346624873
168.19,1.193940737
168.2,0.958580339
168.21,0.82594836
168.22,0.742380644
168.23,0.665651102
168.24,0.631841462
168.25,0.699271956
168.26,0.817764622
168.27,0.962223429
168.28,0.948878432
168.29,0.469444537
168.3,2.150535751
168.31,3.156723555
168.32,1.020176461
168.33,0.569242541
168.34,0.421014984
168.35,1.225933238
168.36,1.457772603
168.37,0.987030426
168.38,0.880732079
168.39,0.832683542
168.4,0.644247323
168.41,0.627540956
168.42,0.627053772
168.43,0.528445752
168.44,0.432365927
168.45,0.362278808
168.46,0.229068898
168.47,0.120825723
168.48,0.309606085
168.49,0.596586029
168.5,0.844304297
168.51,1.030533966
168.52,1.17009349
168.53,1.332436687
168.54,1.396775689
168.55,1.395032452
168.56,1.361150941
168.57,1.264994355
168.58,1.108640102
168.59,0.90196323
168.6,0.715378024
168.61,0.603710671
168.62,0.624066532
168.63,0.747311454
168.64,0.904621919
168.65,0.982883252
168.66,0.841484477
168.67,0.662121103
168.68,2.560795302
168.69,3.02586321
168.7,1.264258878
168.71,0.966628423
168.72,0.86965864
168.73,1.550383826
168.74,1.585803881
168.75,0.943428639
168.76,0.965099622
168.77,0.951141127
168.78,0.736777841
168.79,0.794427789
168.8,0.797188716
168.81,0.65343526
168.82,0.526753597
168.83,0.406456984
168.84,0.279913131
168.85,0.16075382
168.86,0.122654154
168.87,0.271411731
168.88,0.437404996
168.89,0.660409002
168.9,0.868349306
168.91,1.054617011
168.92,1.222571971
168.93,1.285307882
168.94,1.268779885
168.95,1.098058297
168.96,0.807425116
168.97,0.696376863
168.98,0.650302088
168.99,0.642682383
169,0.759331508
169.01,0.917862097
169.02,1.072695647
169.03,1.126588579
169.04,0.874002291
169.05,0.426968769
169.06,2.451145957
169.07,2.093114093
169.08,0.818333385
169.09,0.744901455
169.1,0.59080524
169.11,1.398332022
169.12,1.361396771
169.13,0.99498296
169.14,1.006489579
169.15,0.959632392
169.16,0.748302114
169.17,0.653319126
169.18,0.509821553
169.19,0.461046977
169.2,0.437153001
169.21,0.352563621
169.22,0.260775898
169.23,0.154425828
169.24,0.101932392
169.25,0.254273191
169.26,0.576992107
169.27,0.829353545
169.28,0.954676856
169.29,1.134316657
169.3,1.289494823
169.31,1.4015976
169.32,1.471540325
169.33,1.424081485
169.34,1.17646255
169.35,0.877102939
169.36,0.576950328
169.37,0.439239276
169.38,0.610052686
169.39,0.817476623
169.4,0.962873352
169.41,0.968954084
169.42,0.5223462
169.43,1.372433839
169.44,3.423126088
169.45,1.616397199
169.46,0.778928164
169.47,0.554323805
169.48,1.092334034
169.49,1.802998317
169.5,1.106413686
169.51,0.80615403
169.52,1.110364071
169.53,1.071031236
169.54,0.892735081
169.55,0.783438436
169.56,0.642071792
169.57,0.578899516
169.58,0.511720615
169.59,0.388401134
169.6,0.254112596
169.61,0.168533848
169.62,0.284427656
169.63,0.452839432
169.64,0.672257752
169.65,0.844450002
169.66,0.977732904
169.67,1.092959469
169.68,1.174870111
169.69,1.299771144
169.7,1.314216343
169.71,1.076920146
169.72,0.885355078
169.73,0.775155417
169.74,0.711606139
169.75,0.700558641
169.76,0.795357672
169.77,0.945331104
169.78,1.083037648
169.79,1.134938579
169.8,1.01190792
169.81,0.386430311
169.82,2.276147735
169.83,3.656686524
169.84,1.491609701
169.85,0.554247914
169.86,0.360167519
169.87,1.019409759
169.88,1.207115376
169.89,1.09179977
169.9,0.984940991
169.91,0.674957445
169.92,0.508814623
169.93,0.613492952
169.94,0.678821226
169.95,0.619279733
169.96,0.483393936
169.97,0.371817045
169.98,0.276475351
169.99,0.154739059
170,0.081351879
170.01,0.2627468
170.02,0.437285503
170.03,0.668497278
170.04,0.930560691
170.05,1.153744429
170.06,1.278391087
170.07,1.409906295
170.08,1.452234863
170.09,1.325012886
170.1,1.142802316
170.11,0.957126353
170.12,0.804462235
170.13,0.631437942
170.14,0.572246334
170.15,0.636806846
170.16,0.821766924
170.17,0.96226216
170.18,0.771664459
170.19,0.381220246
170.2,1.991765713
170.21,2.719804776
170.22,1.009916921
170.23,0.534897276
170.24,0.982669564
170.25,1.34525789
170.26,1.632886462
170.27,1.341760545
170.28,1.212557971
170.29,1.195190669
170.3,1.001377749
170.31,0.846733306
170.32,0.781522262
170.33,0.658288066
170.34,0.539763115
170.35,0.389444464
170.36,0.255653909
170.37,0.171456519
170.38,0.114298448
170.39,0.176341406
170.4,0.487841839
170.41,0.820024568
170.42,1.0843946
170.43,1.251335816
170.44,1.32892177
170.45,1.26046452
170.46,1.136200312
170.47,0.888589421
170.48,0.791203373
170.49,0.785710705
170.5,0.868660777
170.51,0.929229738
170.52,1.017922854
170.53,1.110064623
170.54,1.090825856
170.55,0.810420224
170.56,0.810205317
170.57,3.289374397
170.58,2.498412682
170.59,1.250830761
170.6,0.561097577
170.61,0.537038575
170.62,1.398494771
170.63,1.25044726
170.64,0.893582847
170.65,0.862674282
170.66,0.863421859
170.67,0.796157997
170.68,0.625674749
170.69,0.545884364
170.7,0.478872336
170.71,0.391232288
170.72,0.294931691
170.73,0.189656541
170.74,0.13555056
170.75,0.200448878
170.76,0.375017824
170.77,0.608944205
170.78,0.828987065
170.79,1.000921452
170.8,1.123803994
170.81,1.292357439
170.82,1.438406694
170.83,1.482106676
170.84,1.393319854
170.85,1.210346145
170.86,0.965117772
170.87,0.775383971
170.88,0.629036231
170.89,0.647213665
170.9,0.783214928
170.91,0.893728715
170.92,0.930416566
170.93,0.794402594
170.94,0.552356956
170.95,2.750036332
170.96,3.646471522
170.97,0.716652079
170.98,0.774972206
170.99,0.719677477
171,1.510769251
171.01,1.364698682
171.02,1.10001862
171.03,1.00229091
171.04,0.926561736
171.05,0.735057576
171.06,0.707425458
171.07,0.709727372
171.08,0.657345482
171.09,0.597210383
171.1,0.501574083
171.11,0.346354727
171.12,0.218551796
171.13,0.223649932
171.14,0.376354644
171.15,0.623577355
171.16,0.899146207
171.17,1.095422463
171.18,1.238224371
171.19,1.268015151
171.2,1.196651183
171.21,1.033580048
171.22,0.953595475
171.23,0.96192319
171.24,0.931658606
171.25,0.855588995
171.26,0.875718318
171.27,0.980515281
171.28,1.070105868
171.29,1.015263387
171.3,0.902070723
171.31,0.407535319
171.32,1.245043236
171.33,3.171503299
171.34,1.598192427
171.35,0.899654086
171.36,0.625220104
171.37,1.007520115
171.38,1.141192921
171.39,1.012647065
171.4,0.914021756
171.41,0.917742189
171.42,0.825957225
171.43,0.728456146
171.44,0.685639951
171.45,0.550986124
171.46,0.443745081
171.47,0.352683443
171.48,0.270646466
171.49,0.213788373
171.5,0.246534921
171.51,0.308498711
171.52,0.421681197
171.53,0.604418661
171.54,0.837687168
171.55,1.063282915
171.56,1.23125213
171.57,1.373264591
171.58,1.413315767
171.59,1.388790604
171.6,1.209093499
171.61,1.003030948
171.62,0.790589428
171.63,0.645391906
171.64,0.684690328
171.65,0.801196507
171.66,0.834108882
171.67,0.4639586
171.68,1.159048395
171.69,2.272063222
171.7,1.217596822
171.71,0.670950361
171.72,0.705200396
171.73,0.626089391
171.74,1.254534774
171.75,1.266052984
171.76,0.986488468
171.77,1.191162103
171.78,1.186051015
171.79,0.884260661
171.8,0.694869571
171.81,0.688033062
171.82,0.649427521
171.83,0.50773788
171.84,0.404107969
171.85,0.317223082
171.86,0.230818069
171.87,0.206193543
171.88,0.30745531
171.89,0.440548481
171.9,0.615164812
171.91,0.844231236
171.92,1.002145155
171.93,1.154433698
171.94,1.247840766
171.95,1.244062795
171.96,1.076179996
171.97,1.0433552
171.98,1.046889189
171.99,1.010574835
172,0.937405562
172.01,0.93112275
172.02,0.955597689
172.03,1.02654169
172.04,1.0349219
172.05,0.855948116
172.06,0.345650026
172.07,3.028851321
172.08,3.524250719
172.09,1.310399415
172.1,0.653066287
172.11,0.419167175
172.12,1.25888325
172.13,1.57057571
172.14,1.121053783
172.15,0.918150934
172.16,0.812660232
172.17,0.642359187
172.18,0.49983348
172.19,0.595018977
172.2,0.625548357
172.21,0.537149228
172.22,0.414902211
172.23,0.244650239
172.24,0.186820056
172.25,0.279480767
172.26,0.500311818
172.27,0.686470456
172.28,0.902588816
172.29,1.112699133
172.3,1.241458675
172.31,1.326147903
172.32,1.43420399
172.33,1.463420584
172.34,1.336472431
172.35,1.083659984
172.36,0.917150976
172.37,0.852210228
172.38,0.8181851
172.39,0.795179128
172.4,0.767948186
172.41,0.764723439
172.42,0.800867374
172.43,0.548451236
172.44,1.889361802
172.45,3.701574701
172.46,1.192852297
172.47,1.00378638
172.48,0.234423753
172.49,1.531758426
172.5,1.686893128
172.51,1.048274553
172.52,1.059308535
172.53,0.863086547
172.54,0.840242563
172.55,0.782162981
172.56,0.741470446
172.57,0.684090712
172.58,0.578100168
172.59,0.444649171
172.6,0.31476729
172.61,0.183826911
172.62,0.206085008
172.63,0.348658049
172.64,0.505353389
172.65,0.709738331
172.66,1.016438583
172.67,1.224675185
172.68,1.331926586
172.69,1.240242367
172.7,1.120541261
172.71,1.034151336
172.72,0.996585587
172.73,0.983305296
172.74,0.917551626
172.75,0.86797228
172.76,0.922165049
172.77,0.995228867
172.78,1.024072608
172.79,0.935327469
172.8,0.451242129
172.81,1.685976099
172.82,3.615113663
172.83,1.691670205
172.84,1.205730385
172.85,0.607801493
172.86,1.008062932
172.87,1.489524988
172.88,1.196029712
172.89,1.065896802
172.9,1.067376349
172.91,0.721752159
172.92,0.366229725
172.93,0.431983496
172.94,0.5316062
172.95,0.427522929
172.96,0.297022967
172.97,0.198196179
172.98,0.114628158
172.99,0.184179246
173,0.359434192
173.01,0.607923726
173.02,0.8387937
173.03,1.014695701
173.04,1.163175061
173.05,1.294533807
173.06,1.374953993
173.07,1.437874196
173.08,1.369502054
173.09,1.202491095
173.1,0.963256123
173.11,0.687794766
173.12,0.548503146
173.13,0.561444025
173.14,0.663886454
173.15,0.673118442
173.16,0.493112995
173.17,1.64211957
173.18,2.275769543
173.19,1.158697116
173.2,0.554655616
173.21,0.452915589
173.22,1.262369163
173.23,1.772321656
173.24,1.120134203
173.25,1.167270988
173.26,1.195445817
173.27,0.98420162
173.28,0.791680389
173.29,0.684603513
173.3,0.706752551
173.31,0.612442545
173.32,0.468908254
173.33,0.387506034
173.34,0.299419898
173.35,0.167513605
173.36,0.175863822
173.37,0.332457534
173.38,0.530710224
173.39,0.821068831
173.4,1.057604935
173.41,1.218580602
173.42,1.319262071
173.43,1.354091711
173.44,1.211524963
173.45,1.12517468
173.46,0.980612053
173.47,0.868541705
173.48,0.758029067
173.49,0.719703686
173.5,0.793196984
173.51,0.855102382
173.52,0.888368715
173.53,0.8320327
173.54,0.383749886
173.55,1.783104214
173.56,2.942751525
173.57,1.074463281
173.58,0.23341496
173.59,0.525148733
173.6,1.233344126
173.61,1.468514038
173.62,1.024387555
173.63,0.80295987
173.64,0.750375283
173.65,0.594426812
173.66,0.511295606
173.67,0.487844297
173.68,0.487494063
173.69,0.420275979
173.7,0.332723014
173.71,0.23992135
173.72,0.282568843
173.73,0.366188763
173.74,0.51429594
173.75,0.713904494
173.76,0.840574652
173.77,1.073890396
173.78,1.218274517
173.79,1.293582585
173.8,1.364356416
173.81,1.383957782
173.82,1.26032522
173.83,1.082545642
173.84,0.897415651
173.85,0.746680993
173.86,0.7249039
173.87,0.76665779
173.88,0.824311139
173.89,0.870920512
173.9,0.750749972
173.91,0.523453028
173.92,2.326292126
173.93,3.111844622
173.94,1.436917978
173.95,0.631845749
173.96,0.250539238
173.97,1.719670767
173.98,1.597807423
173.99,1.205111042
174,1.269543732
174.01,0.840068205
174.02,0.595335536
174.03,0.748918755
174.04,0.739214589
174.05,0.582856472
174.06,0.459123273
174.07,0.289995709
174.08,0.18847059
174.09,0.169980148
174.1,0.268448758
174.11,0.413470829
174.12,0.586857419
174.13,0.788330509
174.14,1.018552117
174.15,1.105938016
174.16,1.177950764
174.17,1.148030965
174.18,1.060906274
174.19,0.950766667
174.2,0.885698259
174.21,0.871771674
174.22,0.883650315
174.23,0.944213341
174.24,1.010651921
174.25,1.01414312
174.26,0.969253334
174.27,0.816457693
174.28,0.471828639
174.29,2.602672105
174.3,2.481961735
174.31,1.497195539
174.32,0.876383875
174.33,0.454780137
174.34,1.393888012
174.35,1.644877373
174.36,0.894669318
174.37,0.896482932
174.38,0.949770612
174.39,0.736536872
174.4,0.524371165
174.41,0.488419775
174.42,0.484955262
174.43,0.383081437
174.44,0.26961204
174.45,0.189509947
174.46,0.171237908
174.47,0.266583928
174.48,0.38914408
174.49,0.63077345
174.5,0.877014238
174.51,1.053691942
174.52,1.185150389
174.53,1.299356536
174.54,1.458022657
174.55,1.471144906
174.56,1.304558679
174.57,1.058603849
174.58,0.855791925
174.59,0.679526421
174.6,0.563264465
174.61,0.62642286
174.62,0.823172134
174.63,0.962333075
174.64,0.877366188
174.65,0.762785098
174.66,2.80493829
174.67,2.851610266
174.68,0.602059691
174.69,1.140538802
174.7,0.852328316
174.71,1.672831073
174.72,2.051272405
174.73,1.015582319
174.74,0.984287492
174.75,1.062805654
174.76,0.806170472
174.77,0.679109246
174.78,0.728569592
174.79,0.637720361
174.8,0.490929522
174.81,0.369650173
174.82,0.267129302
174.83,0.194814499
174.84,0.236119797
174.85,0.348899381
174.86,0.470650232
174.87,0.629303453
174.88,0.897569893
174.89,1.055380965
174.9,1.151208607
174.91,1.241385332
174.92,1.180944123
174.93,1.066974803
174.94,1.001196384
174.95,0.911659989
174.96,0.874111151
174.97,0.799502468
174.98,0.7879818
174.99,0.911383218
175,0.941530782
175.01,1.019915143
175.02,0.871368429
175.03,0.726985694
175.04,3.13077542
175.05,2.919725643
175.06,1.033827431
175.07,0.651419531
175.08,0.785187021
175.09,1.553644603
175.1,1.351445237
175.11,0.824241482
175.12,0.896825694
175.13,0.741514515
175.14,0.596221701
175.15,0.578155238
175.16,0.630116569
175.17,0.625315206
175.18,0.529577303
175.19,0.398140592
175.2,0.239183399
175.21,0.207016652
175.22,0.415152884
175.23,0.55115826
175.24,0.775618871
175.25,0.956995286
175.26,1.154654599
175.27,1.317332961
175.28,1.470004624
175.29,1.491814152
175.3,1.481097898
175.31,1.358789419
175.32,1.146737005
175.33,0.951734234
175.34,0.804456777
175.35,0.695238269
175.36,0.627037891
175.37,0.687172142
175.38,0.698246571
175.39,0.69379947
175.4,0.72200703
175.41,2.044757308
175.42,3.249492752
175.43,1.057121328
175.44,1.039024811
175.45,0.5363837
175.46,1.658166103
175.47,2.189858025
175.48,1.109569747
175.49,0.830703512
175.5,0.89738085
175.51,0.779095999
175.52,0.727175308
175.53,0.658808403
175.54,0.625346361
175.55,0.5197195
175.56,0.418498688
175.57,0.285246647
175.58,0.154552715
175.59,0.148098445
175.6,0.292976944
175.61,0.460250003
175.62,0.691596843
175.63,0.937421315
175.64,1.190002703
175.65,1.331263218
175.66,1.368673121
175.67,1.191651472
175.68,0.909751305
175.69,0.807261868
175.7,0.811486322
175.71,0.779155747
175.72,0.83921097
175.73,0.973069564
175.74,1.12132577
175.75,1.183381032
175.76,1.073757071
175.77,0.760389073
175.78,1.02644857
175.79,3.838967363
175.8,2.026010083
175.81,1.149532753
175.82,1.131537767
175.83,0.230348226
175.84,1.917268314
175.85,1.671194388
175.86,0.862124663
175.87,1.034580683
175.88,0.854209822
175.89,0.617173327
175.9,0.618240644
175.91,0.622212544
175.92,0.5296892
175.93,0.324770082
175.94,0.26115213
175.95,0.206907446
175.96,0.173879592
175.97,0.242334713
175.98,0.42463167
175.99,0.613612008
176,0.845752163
176.01,1.041106063
176.02,1.220201473
176.03,1.405485919
176.04,1.482519679
176.05,1.415924153
176.06,1.22180088
176.07,0.970201426
176.08,0.808202395
176.09,0.64072746
176.1,0.555602623
176.11,0.657684715
176.12,0.793829522
176.13,0.729688246
176.14,0.529343019
176.15,1.840388599
176.16,2.413863929
176.17,0.741874022
176.18,0.997175523
176.19,0.423325392
176.2,1.337916531
176.21,1.432345888
176.22,1.003455781
176.23,1.09481839
176.24,1.160737053
176.25,1.008157109
176.26,0.836535463
176.27,0.849852908
176.28,0.691396347
176.29,0.564242955
176.3,0.482507824
176.31,0.35260602
176.32,0.241589671
176.33,0.187990708
176.34,0.284761782
176.35,0.454140631
176.36,0.667724767
176.37,0.906441553
176.38,1.094072462
176.39,1.206215671
176.4,1.287742705
176.41,1.205047556
176.42,1.092285916
176.43,1.019230279
176.44,0.91810262
176.45,0.765281779
176.46,0.725178451
176.47,0.782920771
176.48,0.935301785
176.49,1.039868979
176.5,1.068652905
176.51,0.76102217
176.52,0.61224707
176.53,3.572467866
176.54,2.759495159
176.55,0.698458953
176.56,0.500518702
176.57,0.512532688
176.58,1.184927491
176.59,1.41583362
176.6,0.937119932
176.61,0.830482644
176.62,0.783831747
176.63,0.557644932
176.64,0.458359292
176.65,0.548133764
176.66,0.575387619
176.67,0.450061341
176.68,0.308530307
176.69,0.197525455
176.7,0.208274664
176.71,0.33524629
176.72,0.550682127
176.73,0.765845195
176.74,0.971507958
176.75,1.236731475
176.76,1.32641048
176.77,1.424175388
176.78,1.423797854
176.79,1.350907664
176.8,1.141578399
176.81,0.951763784
176.82,0.826832309
176.83,0.770410744
176.84,0.790231772
176.85,0.834527843
176.86,0.902549577
176.87,0.93295064
176.88,0.646100119
176.89,0.884042906
176.9,2.756453127
176.91,2.403961966
176.92,0.489220787
176.93,0.875108118
176.94,0.809141636
176.95,1.739647354
176.96,1.546975725
176.97,0.89433659
176.98,0.991618944
176.99,1.014895319
177,0.896435778
177.01,0.789827681
177.02,0.708404165
177.03,0.617720107
177.04,0.474731746
177.05,0.352981518
177.06,0.251922454
177.07,0.17514774
177.08,0.182734276
177.09,0.330480035
177.1,0.52824808
177.11,0.750870179
177.12,0.944421558
177.13,1.097881856
177.14,1.208699436
177.15,1.214569215
177.16,1.112994072
177.17,0.989256733
177.18,0.90697862
177.19,0.885400659
177.2,0.860652772
177.21,0.814965579
177.22,0.812769397
177.23,0.902045612
177.24,1.002659042
177.25,0.9993476
177.26,0.540755127
177.27,1.509984229
177.28,3.670882364
177.29,2.05514086
177.3,0.791511903
177.31,0.228573259
177.32,0.61655764
177.33,1.368658616
177.34,1.30888679
177.35,0.895219272
177.36,0.913654797
177.37,0.767423898
177.38,0.589573363
177.39,0.514688421
177.4,0.486240717
177.41,0.470153259
177.42,0.399030298
177.43,0.323905154
177.44,0.211337435
177.45,0.108625929
177.46,0.135997641
177.47,0.328786987
177.48,0.604385763
177.49,0.888145954
177.5,1.156535586
177.51,1.373837987
177.52,1.505621774
177.53,1.555938058
177.54,1.468936207
177.55,1.255055194
177.56,1.091492913
177.57,0.906272528
177.58,0.722887473
177.59,0.596954932
177.6,0.655086822
177.61,0.80957174
177.62,0.869192288
177.63,0.711809969
177.64,0.465927255
177.65,3.367744779
177.66,2.8262912
177.67,0.549499162
177.68,1.501216186
177.69,0.567041145
177.7,1.815408661
177.71,1.761286812
177.72,0.753384654
177.73,0.748607811
177.74,0.958040891
177.75,1.004220566
177.76,0.849874046
177.77,0.746348603
177.78,0.649540005
177.79,0.581056419
177.8,0.50201027
177.81,0.403370473
177.82,0.265751345
177.83,0.209960803
177.84,0.316813676
177.85,0.543594861
177.86,0.723040238
177.87,0.898412208
177.88,1.064516672
177.89,1.204262729
177.9,1.267937511
177.91,1.213354315
177.92,1.117487176
177.93,0.960911813
177.94,0.839908
177.95,0.735130352
177.96,0.747645441
177.97,0.772518376
177.98,0.845089229
177.99,0.952274354
178,0.963227555
178.01,0.58686737
178.02,1.831350486
178.03,3.057085893
178.04,2.064965188
178.05,0.44573039
178.06,0.428052479
178.07,0.879968504
178.08,1.109427043
178.09,0.935326719
178.1,0.852078152
178.11,0.890914654
178.12,0.680656129
178.13,0.470452135
178.14,0.464784221
178.15,0.499718805
178.16,0.481523979
178.17,0.36929123
178.18,0.221676392
178.19,0.169168247
178.2,0.279933285
178.21,0.34673697
178.22,0.59614591
178.23,0.856453455
178.24,1.056646321
178.25,1.240568964
178.26,1.377203951
178.27,1.476234558
178.28,1.532291179
178.29,1.41478078
178.3,1.214848542
178.31,1.015250414
178.32,0.836060034
178.33,0.586763622
178.34,0.524262837
178.35,0.766871721
178.36,0.966836552
178.37,0.908218437
178.38,0.2166013
178.39,1.706166435
178.4,2.247810701
178.41,1.852621563
178.42,1.373810866
178.43,0.82499838
178.44,0.809844926
178.45,2.152732106
178.46,1.511317178
178.47,0.780558566
178.48,0.83521922
178.49,0.95120128
178.5,0.919045451
178.51,0.879022945
178.52,0.776653217
178.53,0.628593566
178.54,0.509962584
178.55,0.376653024
178.56,0.248865596
178.57,0.140274215
178.58,0.118069941
178.59,0.253408604
178.6,0.356061488
178.61,0.524066275
178.62,0.759782604
178.63,1.03688661
178.64,1.196383533
178.65,1.411418078
178.66,1.628597693
178.67,1.530597141
178.68,1.183989207
178.69,0.732125123
178.7,0.666259318
178.71,0.606879475
178.72,0.677270325
178.73,1.38888206
178.74,1.225795718
178.75,1.186775358
178.76,0.942948176
178.77,0.542579302
178.78,3.086174968
178.79,3.054870651
178.8,1.070903167
178.81,0.701317206
178.82,0.555859714
178.83,1.459161784
178.84,1.129001354
178.85,0.746463958
178.86,0.821956511
178.87,0.767129575
178.88,0.546093262
178.89,0.475539721
178.9,0.534483767
178.91,0.539678587
178.92,0.428005449
178.93,0.3232011
178.94,0.222526077
178.95,0.190038611
178.96,0.261718219
178.97,0.43639196
178.98,0.701125326
178.99,0.93593543
179,1.154541314
179.01,1.291205271
179.02,1.411278903
179.03,1.374770143
179.04,1.378699689
179.05,1.363996002
179.06,1.178471256
179.07,0.912368752
179.08,0.616398259
179.09,0.334170131
179.1,0.599579834
179.11,0.892292536
179.12,0.817426357
179.13,0.935928511
179.14,2.378467915
179.15,2.010554991
179.16,1.04226194
179.17,0.771734157
179.18,0.495121248
179.19,1.140636222
179.2,1.526676763
179.21,1.062311595
179.22,0.873715363
179.23,0.932290473
179.24,0.871924709
179.25,0.745329945
179.26,0.648915951
179.27,0.592712851
179.28,0.54268999
179.29,0.433813388
179.3,0.261026106
179.31,0.149895632
179.32,0.248518511
179.33,0.377724793
179.34,0.482273491
179.35,0.636576452
179.36,0.849514305
179.37,1.10243375
179.38,1.231824477
179.39,1.337293767
179.4,1.175876321
179.41,0.997699537
179.42,0.912931166
179.43,0.797151999
179.44,0.74070312
179.45,0.763482295
179.46,0.78968936
179.47,0.829769584
179.48,0.930923241
179.49,0.912551231
179.5,0.30316549
179.51,2.059871722
179.52,2.99801523
179.53,1.576281269
179.54,1.180812734
179.55,0.685971179
179.56,1.008041579
179.57,1.628384533
179.58,1.177452169
179.59,0.855320455
179.6,1.014123713
179.61,0.891821417
179.62,0.551280661
179.63,0.46600376
179.64,0.463405309
179.65,0.458357756
179.66,0.372344149
179.67,0.252481337
179.68,0.13409245
179.69,0.111227414
179.7,0.265923675
179.71,0.484117764
179.72,0.721231393
179.73,0.914228839
179.74,1.119959672
179.75,1.268779473
179.76,1.373845206
179.77,1.35862383
179.78,1.291401101
179.79,1.159723205
179.8,0.931489709
179.81,0.74919413
179.82,0.685025196
179.83,0.745319642
179.84,0.847993716
179.85,0.805192097
179.86,0.805498727
179.87,0.403962141
179.88,1.865195752
179.89,2.809925071
179.9,1.58443834
179.91,0.760164255
179.92,0.631464306
179.93,1.284861213
179.94,2.16629288
179.95,1.067841121
179.96,0.774614116
179.97,0.999402617
179.98,0.795333664
179.99,0.710273759
180,0.625962688
180.01,0.502034486
180.02,0.48162934
180.03,0.411716425
180.04,0.322125911
180.05,0.210179808
180.06,0.139258335
180.07,0.175048143
180.08,0.420608887
180.09,0.638364643
180.1,0.920358115
180.11,1.158034439
180.12,1.320148414
180.13,1.32028269
180.14,1.24020395
180.15,0.991380012
180.16,0.782295462
180.17,0.708009849
180.18,0.826041226
180.19,0.949516766
180.2,1.04444583
180.21,1.100649463
180.22,1.129204713
180.23,1.112458178
180.24,0.811314719
180.25,3.177120965
180.26,2.81616351
180.27,1.121901215
180.28,0.623458006
180.29,0.405727092
180.3,1.496060016
180.31,1.61260558
180.32,0.867959395
180.33,0.885898242
180.34,0.850787753
180.35,0.534683531
180.36,0.390828278
180.37,0.452046414
180.38,0.427875671
180.39,0.339708765
180.4,0.25956634
180.41,0.138619299
180.42,0.207089569
180.43,0.410213502
180.44,0.591835124
180.45,0.805958861
180.46,1.016925855
180.47,1.199422533
180.48,1.327104353
180.49,1.409499073
180.5,1.427754615
180.51,1.344044572
180.52,1.097433552
180.53,0.86404352
180.54,0.696824936
180.55,0.632623156
180.56,0.758586238
180.57,0.927939888
180.58,0.981845984
180.59,0.824328258
180.6,0.919713977
180.61,2.642684564
180.62,2.468740067
180.63,0.428571364
180.64,0.774532015
180.65,0.553361046
180.66,1.90808859
180.67,1.450247342
180.68,0.73558978
180.69,1.026149778
180.7,0.930099662
180.71,0.673959793
180.72,0.622295398
180.73,0.593572243
180.74,0.552593701
180.75,0.480355048
180.76,0.330624771
180.77,0.167290557
180.78,0.108090424
180.79,0.200492943
180.8,0.380397536
180.81,0.625289606
180.82,0.884726812
180.83,1.133144074
180.84,1.302631275
180.85,1.357954804
180.86,1.235499016
180.87,1.009929847
180.88,0.852554527
180.89,0.724649566
180.9,0.630175361
180.91,0.649021268
180.92,0.8332649
180.93,1.095012109
180.94,1.211518973
180.95,1.156520525
180.96,0.794179914
180.97,1.203051999
180.98,3.761896354
180.99,2.268328366
181,1.373934823
181.01,0.654112223
181.02,0.508896793
181.03,1.812219662
181.04,1.431899665
181.05,0.874526491
181.06,0.949367061
181.07,0.781484752
181.08,0.492098662
181.09,0.452429494
181.1,0.503130453
181.11,0.395287742
181.12,0.272083255
181.13,0.186629002
181.14,0.138095018
181.15,0.166533566
181.16,0.404774251
181.17,0.659937734
181.18,0.875549193
181.19,1.117406173
181.2,1.290896902
181.21,1.382562913
181.22,1.421680986
181.23,1.342221799
181.24,1.159631462
181.25,0.919236374
181.26,0.683587938
181.27,0.533558046
181.28,0.575887173
181.29,0.774258325
181.3,0.903808816
181.31,0.85531888
181.32,0.51726515
181.33,1.090499384
181.34,3.215298639
181.35,2.015858274
181.36,0.289044433
181.37,1.007429484
181.38,0.86084221
181.39,1.973921071
181.4,1.100750144
181.41,0.770403478
181.42,0.970129349
181.43,0.950476181
181.44,0.747193662
181.45,0.62138502
181.46,0.608803712
181.47,0.586096995
181.48,0.49942016
181.49,0.435513924
181.5,0.259022718
181.51,0.150063454
181.52,0.165104169
181.53,0.325955407
181.54,0.521127151
181.55,0.755985591
181.56,0.922731639
181.57,1.127665177
181.58,1.248387489
181.59,1.341386182
181.6,1.280677501
181.61,1.040091358
181.62,0.800198581
181.63,0.651178203
181.64,0.66104674
181.65,0.784203868
181.66,0.887714157
181.67,0.975175948
181.68,1.011521482
181.69,0.831135528
181.7,0.931142062
181.71,3.010656668
181.72,2.21452809
181.73,0.715602146
181.74,0.555379133
181.75,0.728345467
181.76,1.473285052
181.77,1.261228406
181.78,1.039117375
181.79,1.074831132
181.8,0.805067243
181.81,0.530811565
181.82,0.454827899
181.83,0.498086073
181.84,0.447686434
181.85,0.317550859
181.86,0.235516251
181.87,0.170611036
181.88,0.247910948
181.89,0.360340482
181.9,0.561082426
181.91,0.805171119
181.92,0.983412904
181.93,1.152137481
181.94,1.293276427
181.95,1.408857583
181.96,1.478200242
181.97,1.37072231
181.98,1.166314405
181.99,0.898561172
182,0.659277045
182.01,0.537571161
182.02,0.637638109
182.03,0.812773052
182.04,0.908935282
182.05,0.931237574
182.06,0.49836947
182.07,1.927685392
182.08,3.146134552
182.09,1.987062477
182.1,0.762424393
182.11,0.593917995
182.12,1.072708974
182.13,1.985869351
182.14,1.264720158
182.15,0.770937054
182.16,0.934561827
182.17,0.84629721
182.18,0.626435434
182.19,0.633179302
182.2,0.64596438
182.21,0.548509252
182.22,0.437535353
182.23,0.292691674
182.24,0.163594457
182.25,0.057223206
182.26,0.154132916
182.27,0.376213466
182.28,0.607346247
182.29,0.810811251
182.3,1.006380439
182.31,1.142499469
182.32,1.267574842
182.33,1.372155767
182.34,1.198771187
182.35,1.029834355
182.36,0.843774349
182.37,0.769796984
182.38,0.722450846
182.39,0.767295694
182.4,0.855668971
182.41,1.005604559
182.42,1.120248157
182.43,1.040180792
182.44,0.660477033
182.45,1.834898718
182.46,3.46664057
182.47,2.371766172
182.48,1.355083714
182.49,0.533614099
182.5,0.866353061
182.51,1.695575262
182.52,1.301427057
182.53,0.948624134
182.54,0.941804929
182.55,0.72680236
182.56,0.528324629
182.57,0.507296828
182.58,0.565900073
182.59,0.519873567
182.6,0.405725403
182.61,0.276681493
182.62,0.142193049
182.63,0.081199288
182.64,0.303936979
182.65,0.485013557
182.66,0.69652628
182.67,0.875446596
182.68,1.132564849
182.69,1.325687647
182.7,1.422726873
182.71,1.442967777
182.72,1.448352922
182.73,1.306890576
182.74,1.029801113
182.75,0.678800643
182.76,0.456404174
182.77,0.525635433
182.78,0.722712253
182.79,0.885778206
182.8,0.990350904
182.81,0.885599915
182.82,0.504699123
182.83,1.55768281
182.84,3.614877302
182.85,2.272027792
182.86,1.0503082
182.87,1.113325488
182.88,1.15223012
182.89,2.13152042
182.9,1.395156707
182.91,0.949773096
182.92,0.826093889
182.93,0.807859996
182.94,0.840855191
182.95,0.83262449
182.96,0.689140065
182.97,0.571099478
182.98,0.490191836
182.99,0.379938412
183,0.249432007
183.01,0.181601904
183.02,0.273613759
183.03,0.459271066
183.04,0.63343004
183.05,0.849334706
183.06,1.054407457
183.07,1.188456762
183.08,1.251291747
183.09,1.238974506
183.1,1.203689217
183.11,1.098341166
183.12,0.969093508
183.13,0.9101353
183.14,0.840513786
183.15,0.79302325
183.16,0.8439124
183.17,0.928791918
183.18,1.01841886
183.19,0.687787495
183.2,0.693242873
183.21,3.408827918
183.22,1.515452285
183.23,0.697690181
183.24,0.90023238
183.25,0.6423222
183.26,1.234304189
183.27,1.579120069
183.28,1.478186197
183.29,1.117684893
183.3,0.770498815
183.31,0.665697353
183.32,0.619226016
183.33,0.510777992
183.34,0.431393319
183.35,0.337065079
183.36,0.182655619
183.37,0.05541728
183.38,0.172287001
183.39,0.362463378
183.4,0.508604745
183.41,0.69105334
183.42,0.886108845
183.43,1.069556066
183.44,1.171494862
183.45,1.192269635
183.46,1.212993046
183.47,1.22229543
183.48,1.21126086
183.49,1.10031286
183.5,0.937841681
183.51,0.772043138
183.52,0.665877254
183.53,0.727714853
183.54,0.902310425
183.55,1.053133903
183.56,1.004369866
183.57,0.749959446
183.58,1.099921859
183.59,3.570695584
183.6,2.136142245
183.61,0.458146098
183.62,0.692755738
183.63,0.809490863
183.64,1.844436121
183.65,1.552191167
183.66,1.267787478
183.67,1.166269575
183.68,0.923461743
183.69,0.792789592
183.7,0.834893874
183.71,0.820847089
183.72,0.633825025
183.73,0.452295048
183.74,0.323020723
183.75,0.243434196
183.76,0.250467477
183.77,0.303300884
183.78,0.442507669
183.79,0.643723001
183.8,0.875905411
183.81,1.064786439
183.82,1.220091426
183.83,1.267911569
183.84,1.180174359
183.85,1.062616179
183.86,0.937119577
183.87,0.886565782
183.88,0.788361823
183.89,0.806969994
183.9,0.869727866
183.91,0.976593536
183.92,1.049506244
183.93,1.028207985
183.94,0.72563325
183.95,0.689050244
183.96,3.01014287
183.97,1.957912244
183.98,0.797059428
183.99,0.531841075
184,0.590744946
184.01,1.312022892
184.02,1.473150965
184.03,1.274908924
184.04,1.060339191
184.05,0.827520126
184.06,0.78767105
184.07,0.684216407
184.08,0.560228648
184.09,0.382230069
184.1,0.294769583
184.11,0.259207827
184.12,0.210532507
184.13,0.252211088
184.14,0.386663439
184.15,0.531937599
184.16,0.752909262
184.17,0.949169503
184.18,1.104037127
184.19,1.207081765
184.2,1.321570041
184.21,1.40833772
184.22,1.445204629
184.23,1.321576171
184.24,1.045972799
184.25,0.805407533
184.26,0.661709163
184.27,0.649450268
184.28,0.693409615
184.29,0.822691701
184.3,0.863872555
184.31,0.854841607
184.32,2.375950916
184.33,3.319114497
184.34,0.844125113
184.35,1.048769211
184.36,0.437912126
184.37,1.54086773
184.38,1.901966762
184.39,0.948676542
184.4,0.879042153
184.41,0.976581914
184.42,0.886604208
184.43,0.86057603
184.44,0.785036557
184.45,0.678634857
184.46,0.562535578
184.47,0.398144809
184.48,0.28372642
184.49,0.182187151
184.5,0.152825507
184.51,0.313971335
184.52,0.511855769
184.53,0.77716245
184.54,1.092618579
184.55,1.287778764
184.56,1.377892983
184.57,1.392993326
184.58,1.235934372
184.59,0.968206607
184.6,0.794739973
184.61,0.730958307
184.62,0.760453511
184.63,0.850252372
184.64,0.987844106
184.65,1.085885353
184.66,1.102052153
184.67,0.946576708
184.68,0.354966192
184.69,2.042905596
184.7,2.961331917
184.71,1.439356478
184.72,0.96787006
184.73,0.409316156
184.74,0.958532041
184.75,1.33047415
184.76,1.086391969
184.77,1.055759687
184.78,1.028432454
184.79,0.770223363
184.8,0.596964254
184.81,0.57900781
184.82,0.540373896
184.83,0.423374028
184.84,0.353756556
184.85,0.260464743
184.86,0.213281829
184.87,0.197035306
184.88,0.350244753
184.89,0.560212864
184.9,0.83606951
184.91,1.075883949
184.92,1.253532688
184.93,1.350148726
184.94,1.446225275
184.95,1.501864418
184.96,1.466810998
184.97,1.340830278
184.98,1.013653237
184.99,0.687479432
185,0.515242589
185.01,0.538242558
185.02,0.754350946
185.03,0.899579036
185.04,0.893046767
185.05,0.909142075
185.06,1.070449091
185.07,3.198241579
185.08,2.57245637
185.09,0.883237373
185.1,0.929854339
185.11,0.751723584
185.12,1.429331813
185.13,1.355143264
185.14,1.237319047
185.15,1.106109074
185.16,0.845239535
185.17,0.797755082
185.18,0.851655398
185.19,0.746357463
185.2,0.656285233
185.21,0.524613068
185.22,0.315561609
185.23,0.190087505
185.24,0.248115218
185.25,0.417094527
185.26,0.617547836
185.27,0.850388238
185.28,1.127643675
185.29,1.353199254
185.3,1.473076383
185.31,1.411176483
185.32,1.169990918
185.33,0.933836474
185.34,0.819925966
185.35,0.800892805
185.36,0.773585293
185.37,0.784646232
185.38,0.859043374
185.39,0.974885672
185.4,1.040646996
185.41,1.047820692
185.42,0.68526368
185.43,1.520602312
185.44,3.02881675
185.45,1.876607479
185.46,1.294653305
185.47,0.575724748
185.48,0.806443708
185.49,1.604972194
185.5,1.060206555
185.51,0.903571165
185.52,0.982551585
185.53,0.713553464
185.54,0.539741425
185.55,0.570015916
185.56,0.535317052
185.57,0.42482501
185.58,0.328063579
185.59,0.323359899
185.6,0.274201054
185.61,0.285736014
185.62,0.450773591
185.63,0.598611934
185.64,0.740241494
185.65,0.973082624
185.66,1.137513438
185.67,1.279512413
185.68,1.374332289
185.69,1.376054509
185.7,1.272417445
185.71,1.065522453
185.72,0.854670665
185.73,0.718637201
185.74,0.651863784
185.75,0.691906576
185.76,0.826532788
185.77,0.904708445
185.78,0.747211253
185.79,1.149923211
185.8,2.56375943
185.81,2.517288895
185.82,0.445538823
185.83,1.024948912
185.84,0.766115224
185.85,1.993678165
185.86,1.456452244
185.87,1.049030158
185.88,1.2536811
185.89,0.958805109
185.9,0.77345794
185.91,0.809143229
185.92,0.70322071
185.93,0.594221739
185.94,0.535489579
185.95,0.442537498
185.96,0.25178674
185.97,0.195258769
185.98,0.2376237
185.99,0.354330981
186,0.539965039
186.01,0.741076045
186.02,0.958892518
186.03,1.154957424
186.04,1.297523196
186.05,1.329961128
186.06,1.167114242
186.07,1.068076185
186.08,0.954314549
186.09,0.881107001
186.1,0.871931032
186.11,0.820084843
186.12,0.779664595
186.13,0.846222889
186.14,0.979848085
186.15,1.062840512
186.16,0.909143339
186.17,0.680654314
186.18,2.098871319
186.19,3.546303631
186.2,1.173416262
186.21,1.046926591
186.22,0.579928955
186.23,1.287419885
186.24,1.932001341
186.25,1.238737502
186.26,1.008244217
186.27,0.940628206
186.28,0.650945727
186.29,0.531101205
186.3,0.548404983
186.31,0.586810005
186.32,0.563986512
186.33,0.513003669
186.34,0.380665995
186.35,0.229890368
186.36,0.2725826
186.37,0.531652243
186.38,0.751102
186.39,0.969772722
186.4,1.11046182
186.41,1.215235583
186.42,1.276036592
186.43,1.344676772
186.44,1.352273969
186.45,1.260582331
186.46,1.099364063
186.47,0.879696052
186.48,0.770641829
186.49,0.710386645
186.5,0.644407275
186.51,0.720037744
186.52,0.812670062
186.53,0.795545847
186.54,0.662499237
186.55,2.292841363
186.56,2.628974733
186.57,0.591761589
186.58,0.547203252
186.59,0.335882365
186.6,1.411970418
186.61,1.459417464
186.62,1.13945498
186.63,1.220545497
186.64,1.005109645
186.65,0.742067688
186.66,0.711055892
186.67,0.689328987
186.68,0.609320126
186.69,0.524214783
186.7,0.425578529
186.71,0.253713865
186.72,0.140874346
186.73,0.192218697
186.74,0.344389829
186.75,0.565981917
186.76,0.830506465
186.77,1.063253801
186.78,1.217836696
186.79,1.263009342
186.8,1.129267627
186.81,0.908715124
186.82,0.741946022
186.83,0.674228724
186.84,0.742756845
186.85,0.88413318
186.86,1.034778796
186.87,1.152977731
186.88,1.227694102
186.89,1.232730045
186.9,1.062974114
186.91,0.52201379
186.92,2.182394821
186.93,3.128611802
186.94,2.018452723
186.95,1.18309918
186.96,0.576126889
186.97,0.79184273
186.98,1.547029492
186.99,1.455819082
187,1.132215164
187.01,1.011512205
187.02,0.731057378
187.03,0.588670715
187.04,0.590948631
187.05,0.584258582
187.06,0.513467183
187.07,0.380551814
187.08,0.237326693
187.09,0.136832124
187.1,0.031606534
187.11,0.211172239
187.12,0.488216965
187.13,0.816258933
187.14,1.108492967
187.15,1.28183451
187.16,1.405454547
187.17,1.495790984
187.18,1.605250572
187.19,1.530641423
187.2,1.275853359
187.21,0.899430081
187.22,0.568210008
187.23,0.356094207
187.24,0.48037201
187.25,0.752009358
187.26,0.948089199
187.27,0.909170598
187.28,0.428472461
187.29,2.560404888
187.3,3.506492438
187.31,0.444798117
187.32,1.383991692
187.33,0.762811645
187.34,1.442277266
187.35,1.829399068
187.36,1.003749682
187.37,1.005021575
187.38,0.9823962
187.39,0.937996038
187.4,0.931737779
187.41,0.825023304
187.42,0.717623235
187.43,0.619810362
187.44,0.535683804
187.45,0.395426399
187.46,0.237874697
187.47,0.193657153
187.48,0.349716194
187.49,0.555820218
187.5,0.766644485
187.51,0.921854146
187.52,1.074063367
187.53,1.182325409
187.54,1.263922091
187.55,1.258245885
187.56,1.239624356
187.57,1.05801711
187.58,0.769844555
187.59,0.663835931
187.6,0.650176562
187.61,0.705657191
187.62,0.812080019
187.63,0.87465985
187.64,0.855023334
187.65,0.464933291
187.66,1.307829806
187.67,2.235643771
187.68,1.469270724
187.69,0.250917818
187.7,0.428392998
187.71,0.691333242
187.72,1.359039701
187.73,1.38647843
187.74,1.109844033
187.75,1.010152648
187.76,0.877442063
187.77,0.720383159
187.78,0.646141797
187.79,0.656476047
187.8,0.524685488
187.81,0.357354
187.82,0.251910098
187.83,0.237742853
187.84,0.190270573
187.85,0.309345993
187.86,0.524524149
187.87,0.738895008
187.88,0.912018438
187.89,1.085427986
187.9,1.253230924
187.91,1.386082493
187.92,1.398914553
187.93,1.322160575
187.94,1.200433615
187.95,1.069648273
187.96,0.869470546
187.97,0.648515414
187.98,0.579463389
187.99,0.697266469
188,0.899021717
188.01,1.060348062
188.02,0.911827837
188.03,0.500388384
188.04,1.734961137
188.05,2.826972101
188.06,1.188360378
188.07,0.681020331
188.08,0.712151719
188.09,1.30771779
188.1,1.78182797
188.11,1.266709742
188.12,1.023296505
188.13,0.925992448
188.14,0.738614049
188.15,0.637918481
188.16,0.585104472
188.17,0.589217419
188.18,0.502777625
188.19,0.328633964
188.2,0.185886361
188.21,0.115428948
188.22,0.146565258
188.23,0.312526152
188.24,0.551067539
188.25,0.775180828
188.26,1.02047389
188.27,1.179626541
188.28,1.264497482
188.29,1.274102162
188.3,1.179865863
188.31,0.935273011
188.32,0.688567263
188.33,0.697786322
188.34,0.756743319
188.35,0.842799623
188.36,0.995234478
188.37,1.08471543
188.38,1.131308506
188.39,0.968181555
188.4,0.33558516
188.41,2.18899121
188.42,3.31732922
188.43,1.210985625
188.44,0.174671427
188.45,0.533359935
188.46,1.463056236
188.47,1.385362043
188.48,0.976600075
188.49,0.984555173
188.5,0.725195695
188.51,0.509079559
188.52,0.522132723
188.53,0.558440114
188.54,0.499322833
188.55,0.416037851
188.56,0.283730121
188.57,0.203829923
188.58,0.186921703
188.59,0.323185411
188.6,0.547886273
188.61,0.798981429
188.62,0.99065718
188.63,1.255822077
188.64,1.404113359
188.65,1.362636758
188.66,1.349841773
188.67,1.408503192
188.68,1.369636341
188.69,1.21537383
188.7,0.927656898
188.71,0.648788687
188.72,0.567298675
188.73,0.630814535
188.74,0.745079994
188.75,0.799079184
188.76,0.576826297
188.77,0.750863853
188.78,2.471164418
188.79,2.548062838
188.8,0.678103131
188.81,0.962328588
188.82,0.944117125
188.83,1.775949361
188.84,1.144252682
188.85,0.925250625
188.86,1.104926849
188.87,1.029604643
188.88,0.885556433
188.89,0.806836876
188.9,0.731004176
188.91,0.58748094
188.92,0.503580858
188.93,0.402706083
188.94,0.273072283
188.95,0.178047582
188.96,0.142576901
188.97,0.290510782
188.98,0.495132089
188.99,0.740980608
189,0.979990869
189.01,1.172267071
189.02,1.331006905
189.03,1.240144109
189.04,1.167557823
189.05,1.090971215
189.06,1.052652335
189.07,0.948775288
189.08,0.778023489
189.09,0.671382753
189.1,0.729740144
189.11,0.857745963
189.12,0.985372268
189.13,0.94178796
189.14,0.868541061
189.15,2.788566352
189.16,1.859952048
189.17,0.693418536
189.18,0.596662186
189.19,0.663027543
189.2,1.070559569
189.21,1.391464528
189.22,1.137290437
189.23,1.011878788
189.24,0.922183255
189.25,0.69646693
189.26,0.555701482
189.27,0.603857556
189.28,0.611901068
189.29,0.482795833
189.3,0.261293294
189.31,0.198690974
189.32,0.262132197
189.33,0.315174381
189.34,0.514273541
189.35,0.731417549
189.36,0.876302667
189.37,1.116166375
189.38,1.37499632
189.39,1.534965539
189.4,1.646031313
189.41,1.507491998
189.42,1.180128168
189.43,0.882888816
189.44,0.563582081
189.45,0.356580131
189.46,0.48129564
189.47,0.725856083
189.48,0.95981643
189.49,1.083849174
189.5,0.930283393
189.51,0.814804769
189.52,2.130359007
189.53,2.361560639
189.54,0.731441294
189.55,0.429679317
189.56,0.992529567
189.57,1.455163221
189.58,1.207548448
189.59,1.22612343
189.6,1.23503789
189.61,0.950199356
189.62,0.839056922
189.63,0.799440389
189.64,0.680174603
189.65,0.587627948
189.66,0.529493489
189.67,0.392676024
189.68,0.243057743
189.69,0.162303118
189.7,0.188552257
189.71,0.342082676
189.72,0.552483497
189.73,0.762040892
189.74,0.996190472
189.75,1.206792353
189.76,1.286599272
189.77,1.265143033
189.78,1.173241849
189.79,1.02854159
189.8,0.896395057
189.81,0.74397717
189.82,0.64338505
189.83,0.643863884
189.84,0.739538619
189.85,0.838710226
189.86,0.945335967
189.87,0.887983032
189.88,0.320224114
189.89,1.880416455
189.9,3.185905976
189.91,1.12443314
189.92,0.183685629
189.93,0.535324957
189.94,1.127974892
189.95,1.209495173
189.96,0.954489636
189.97,0.837994778
189.98,0.800718766
189.99,0.672085543
190,0.493973121
190.01,0.477569205
190.02,0.53719519
190.03,0.459456388
190.04,0.300252496
190.05,0.172678242
190.06,0.224396308
190.07,0.293296073
190.08,0.562984582
190.09,0.83554388
190.1,1.079043247
190.11,1.283724832
190.12,1.38143792
190.13,1.381097311
190.14,1.372663897
190.15,1.343469815
190.16,1.25795621
190.17,1.094518566
190.18,0.843921174
190.19,0.610856474
190.2,0.597796045
190.21,0.783115384
190.22,0.797566235
190.23,0.652618528
190.24,0.274961392
190.25,1.57341555
190.26,2.718323494
190.27,1.128955502
190.28,0.632878091
190.29,0.843139661
190.3,1.318173744
190.31,1.942733723
190.32,1.043861921
190.33,0.88637382
190.34,1.105821876
190.35,0.920771585
190.36,0.850580992
190.37,0.776367131
190.38,0.660931561
190.39,0.530096962
190.4,0.448964867
190.41,0.355512991
190.42,0.213162551
190.43,0.158564842
190.44,0.11307451
190.45,0.288597708
190.46,0.569988324
190.47,0.909269923
190.48,1.165749995
190.49,1.344727463
190.5,1.410038521
190.51,1.302453875
190.52,1.044296418
190.53,0.850982231
190.54,0.724395122
190.55,0.716788988
190.56,0.84110537
190.57,1.002444363
190.58,1.135326252
190.59,1.159910264
190.6,1.027536391
190.61,0.496589875
190.62,2.056248838
190.63,2.927465103
190.64,1.756421882
190.65,1.222714552
190.66,0.886596039
190.67,0.848288898
190.68,1.614390805
190.69,1.195256677
190.7,0.818190219
190.71,0.993592171
190.72,0.852566986
190.73,0.529930972
190.74,0.397149498
190.75,0.432116733
190.76,0.435895131
190.77,0.368718834
190.78,0.303828702
190.79,0.194658375
190.8,0.108029121
190.81,0.214070083
190.82,0.399231865
190.83,0.579844886
190.84,0.814475912
190.85,1.078897428
190.86,1.340075844
190.87,1.477586987
190.88,1.529235495
190.89,1.593619007
190.9,1.48243985
190.91,1.13528932
190.92,0.543569279
190.93,0.3326784
190.94,0.6054481
190.95,0.670351127
190.96,0.669548853
190.97,0.496829711
190.98,1.417874685
190.99,2.535282838
191,1.267938742
191.01,0.836632226
191.02,0.45157758
191.03,1.219005067
191.04,1.751918314
191.05,0.999894012
191.06,0.945083981
191.07,1.02962644
191.08,0.955663264
191.09,0.724756304
191.1,0.712252468
191.11,0.631692162
191.12,0.535521441
191.13,0.452488276
191.14,0.378631916
191.15,0.273070335
191.16,0.249446097
191.17,0.411226972
191.18,0.614295053
191.19,0.796893371
191.2,0.985862807
191.21,1.118448533
191.22,1.16072834
191.23,1.153594879
191.24,1.101032311
191.25,0.969139385
191.26,0.936034622
191.27,0.918051498
191.28,0.856610725
191.29,0.877174109
191.3,0.957261168
191.31,1.042999859
191.32,1.098274517
191.33,1.031296107
191.34,0.553431562
191.35,1.612554973
191.36,3.770216102
191.37,1.83747375
191.38,0.439297678
191.39,0.441955247
191.4,0.987394775
191.41,1.396106461
191.42,1.1521705
191.43,0.890958331
191.44,0.792161751
191.45,0.674395612
191.46,0.567969795
191.47,0.574972353
191.48,0.603336451
191.49,0.549566591
191.5,0.3954495
191.51,0.280947796
191.52,0.20753786
191.53,0.197187817
191.54,0.245336895
191.55,0.405410583
191.56,0.632503696
191.57,0.925190104
191.58,1.16543679
191.59,1.339040442
191.6,1.435568891
191.61,1.443304148
191.62,1.378795658
191.63,1.228799919
191.64,0.978979373
191.65,0.831160928
191.66,0.731324697
191.67,0.654273022
191.68,0.707304978
191.69,0.799099211
191.7,0.909957336
191.71,0.931902925
191.72,0.592752493
191.73,1.308105715
191.74,2.663166205
191.75,1.971740548
191.76,0.804184348
191.77,0.848070268
191.78,1.221149238
191.79,1.77557285
191.8,1.394883835
191.81,0.972689522
191.82,0.904777931
191.83,0.784194059
191.84,0.751630509
191.85,0.821119921
191.86,0.736520202
191.87,0.601661876
191.88,0.495399407
191.89,0.384288691
191.9,0.285009024
191.91,0.19626547
191.92,0.157571021
191.93,0.299862792
191.94,0.566891228
191.95,0.872617189
191.96,1.091775072
191.97,1.247783111
191.98,1.372632947
191.99,1.330584973
192,1.130687149
192.01,0.88953062
192.02,0.766191251
192.03,0.747218227
192.04,0.756426737
192.05,0.828460854
192.06,0.944502293
192.07,1.065920784
192.08,1.078984037
192.09,0.909053795
192.1,0.309639566
192.11,2.267666538
192.12,2.935679392
192.13,1.451424563
192.14,0.649655926
192.15,0.109178585
192.16,0.876063888
192.17,1.693217272
192.18,1.262899921
192.19,0.987642599
192.2,0.925358667
192.21,0.685946037
192.22,0.532771001
192.23,0.570340324
192.24,0.521993874
192.25,0.438178644
192.26,0.325431756
192.27,0.243014111
192.28,0.11440505
192.29,0.251187628
192.3,0.526959673
192.31,0.789886118
192.32,0.978796601
192.33,1.112743787
192.34,1.24548951
192.35,1.471989725
192.36,1.570104884
192.37,1.543011977
192.38,1.282011441
192.39,1.048063266
192.4,0.827566236
192.41,0.652912123
192.42,0.559025425
192.43,0.663976855
192.44,0.82453614
192.45,0.911133637
192.46,0.894993564
192.47,0.729916237
192.48,1.692614085
192.49,3.812023952
192.5,1.866233158
192.51,1.156645562
192.52,0.575674388
192.53,0.822706368
192.54,1.63695853
192.55,1.39001646
192.56,1.188444175
192.57,1.085324234
192.58,0.898431559
192.59,0.826283869
192.6,0.71007339
192.61,0.582083523
192.62,0.540174682
192.63,0.485813401
192.64,0.370238506
192.65,0.227322577
192.66,0.210764059
192.67,0.384167521
192.68,0.664114823
192.69,0.916011908
192.7,1.089235943
192.71,1.191058097
192.72,1.203180271
192.73,1.205155451
192.74,1.161457857
192.75,1.082007563
192.76,0.956405436
192.77,0.884698154
192.78,0.846728541
192.79,0.856529468
192.8,0.933604556
192.81,1.016927785
192.82,1.047752341
192.83,0.990204468
192.84,0.548351447
192.85,2.479538909
192.86,3.398089448
192.87,1.659527945
192.88,0.512894282
192.89,0.172232374
192.9,1.401012837
192.91,1.536180699
192.92,1.014247287
192.93,1.035323394
192.94,0.931470247
192.95,0.683354504
192.96,0.641773806
192.97,0.613098732
192.98,0.53721051
192.99,0.42358897
193,0.302849098
193.01,0.204654656
193.02,0.12904194
193.03,0.237868946
193.04,0.455281507
193.05,0.753639394
193.06,0.964033195
193.07,1.181081248
193.08,1.328017971
193.09,1.381498124
193.1,1.481464239
193.11,1.411539214
193.12,1.306350924
193.13,1.107122927
193.14,0.883917915
193.15,0.667797007
193.16,0.511668603
193.17,0.594834914
193.18,0.816216246
193.19,1.041556471
193.2,1.024476901
193.21,0.779374718
193.22,1.105412715
193.23,2.960069508
193.24,2.297623937
193.25,0.709696078
193.26,0.543202012
193.27,0.750895041
193.28,2.004927287
193.29,1.464998698
193.3,1.058104631
193.31,1.201094192
193.32,0.949063797
193.33,0.742650673
193.34,0.740092166
193.35,0.801430424
193.36,0.707409151
193.37,0.581125825
193.38,0.410290716
193.39,0.210322072
193.4,0.140795836
193.41,0.181113697
193.42,0.361261205
193.43,0.629545279
193.44,0.90300023
193.45,1.152642777
193.46,1.296797615
193.47,1.32150006
193.48,1.359473295
193.49,1.173320783
193.5,0.897701609
193.51,0.830328118
193.52,0.856150973
193.53,0.841707635
193.54,0.881757753
193.55,0.95828428
193.56,0.994003364
193.57,1.010275292
193.58,0.830683201
193.59,0.686371418
193.6,2.904005214
193.61,2.2346291
193.62,0.625988683
193.63,0.128481913
193.64,0.939313762
193.65,1.574089546
193.66,1.255103038
193.67,1.152799902
193.68,1.242740351
193.69,0.877406993
193.7,0.656956682
193.71,0.628811571
193.72,0.587117235
193.73,0.48502242
193.74,0.396411903
193.75,0.297720771
193.76,0.19073024
193.77,0.301335361
193.78,0.470492048
193.79,0.66702193
193.8,0.896904767
193.81,1.026932874
193.82,1.15082868
193.83,1.237962598
193.84,1.329722634
193.85,1.400677345
193.86,1.363434301
193.87,1.21980061
193.88,1.016228246
193.89,0.901940291
193.9,0.786199066
193.91,0.721042429
193.92,0.735538337
193.93,0.851871794
193.94,0.904191842
193.95,0.818415346
193.96,0.68833714
193.97,2.575221324
193.98,2.427148181
193.99,0.878830549
194,0.755174853
194.01,0.598877208
194.02,1.515958578
194.03,1.685489273
194.04,1.132419738
194.05,0.984737796
194.06,0.841129543
194.07,0.898444502
194.08,0.80734384
194.09,0.67342573
194.1,0.587898297
194.11,0.505240249
194.12,0.370071406
194.13,0.228358326
194.14,0.15720591
194.15,0.152903198
194.16,0.326721184
194.17,0.595399196
194.18,0.853402856
194.19,1.067657292
194.2,1.180455365
194.21,1.228427084
194.22,1.191771178
194.23,1.09896341
194.24,0.989668777
194.25,0.915329225
194.26,0.904986451
194.27,0.809023374
194.28,0.758233234
194.29,0.864050119
194.3,1.010050613
194.31,1.103595257
194.32,1.075402659
194.33,0.784312127
194.34,1.108797037
194.35,3.08697913
194.36,2.361953886
194.37,1.218299469
194.38,0.282857945
194.39,0.861153755
194.4,1.530729444
194.41,1.334477141
194.42,1.273694449
194.43,1.146821278
194.44,0.794923546
194.45,0.623786918
194.46,0.659394444
194.47,0.641546785
194.48,0.519421467
194.49,0.366381156
194.5,0.240256728
194.51,0.136320866
194.52,0.050028279
194.53,0.336186319
194.54,0.716355037
194.55,0.90436542
194.56,1.216297683
194.57,1.320467954
194.58,1.352340885
194.59,1.369000335
194.6,1.431978543
194.61,1.430146693
194.62,1.261769918
194.63,1.057212182
194.64,0.830473611
194.65,0.653128125
194.66,0.603833417
194.67,0.760624942
194.68,0.976318157
194.69,1.109585417
194.7,1.021139641
194.71,0.634789488
194.72,2.339751835
194.73,3.584467497
194.74,1.137943138
194.75,0.722231218
194.76,0.53428568
194.77,1.892323931
194.78,1.724251492
194.79,1.019815874
194.8,1.054585178
194.81,1.082234034
194.82,0.902887663
194.83,0.780382157
194.84,0.779389743
194.85,0.68788836
194.86,0.604501686
194.87,0.489894005
194.88,0.265213843
194.89,0.120222266
194.9,0.231898608
194.91,0.47170372
194.92,0.70784381
194.93,0.99083455
194.94,1.143581429
194.95,1.245634493
194.96,1.249951162
194.97,1.200414076
194.98,0.981169833
194.99,0.855519183
195,0.854429835
195.01,0.789885071
195.02,0.760279873
195.03,0.874024405
195.04,0.996076747
195.05,1.159716211
195.06,1.193754083
195.07,1.022378526
195.08,0.529119977
195.09,1.434574178
195.1,3.87014815
195.11,2.249179378
195.12,0.553460601
195.13,0.501413845
195.14,0.918012485
195.15,1.479223934
195.16,1.38709138
195.17,1.116681231
195.18,0.810600785
195.19,0.541716617
195.2,0.507832994
195.21,0.556568955
195.22,0.592490021
195.23,0.499003711
195.24,0.360273903
195.25,0.142286276
195.26,0.163895247
195.27,0.500962175
195.28,0.814523644
195.29,0.98457309
195.3,1.121732456
195.31,1.335093256
195.32,1.469336962
195.33,1.488626688
195.34,1.436658146
195.35,1.230910788
195.36,1.002625419
195.37,0.834443847
195.38,0.699392741
195.39,0.636313958
195.4,0.7462388
195.41,0.868792594
195.42,0.981191305
195.43,0.961812936
195.44,0.552207711
195.45,1.720942346
195.46,2.854169505
195.47,1.829918342
195.48,0.936289715
195.49,0.811721689
195.5,1.171390612
195.51,1.949916279
195.52,1.296931314
195.53,1.056067211
195.54,1.100994177
195.55,0.798380285
195.56,0.695582649
195.57,0.613530967
195.58,0.565135142
195.59,0.491970044
195.6,0.376804929
195.61,0.280513619
195.62,0.160290215
195.63,0.07257571
195.64,0.342719183
195.65,0.648971498
195.66,0.938656319
195.67,1.123925288
195.68,1.192948053
195.69,1.243979768
195.7,1.258621035
195.71,1.04520513
195.72,0.803817759
195.73,0.756274039
195.74,0.785807871
195.75,0.912189303
195.76,1.027627912
195.77,1.069698188
195.78,1.156879708
195.79,1.151945216
195.8,1.042951465
195.81,0.621333396
195.82,2.125255768
195.83,3.631350042
195.84,1.918655119
195.85,0.760775099
195.86,0.304575828
195.87,1.113733108
195.88,1.603970794
195.89,1.247039016
195.9,1.180643398
195.91,1.037733877
195.92,0.703247671
195.93,0.639864044
195.94,0.644612754
195.95,0.601246865
195.96,0.519682828
195.97,0.391901732
195.98,0.262042424
195.99,0.076607416
196,0.225370172
196.01,0.502301605
196.02,0.73348921
196.03,0.980664574
196.04,1.156665888
196.05,1.234504106
196.06,1.367452232
196.07,1.489003017
196.08,1.567380524
196.09,1.443070247
196.1,1.173549101
196.11,0.867927157
196.12,0.624515037
196.13,0.597151759
196.14,0.768425716
196.15,0.876740744
196.16,1.045024462
196.17,1.052923575
196.18,0.761913074
196.19,1.090387663
196.2,3.012982135
196.21,2.621528222
196.22,0.893441852
196.23,0.788370497
196.24,0.848074712
196.25,1.662720095
196.26,1.352616617
196.27,1.002246362
196.28,1.033385088
196.29,0.898314334
196.3,0.806707673
196.31,0.781869501
196.32,0.668409628
196.33,0.538254348
196.34,0.443477476
196.35,0.304160707
196.36,0.140309681
196.37,0.129322625
196.38,0.269437717
196.39,0.49826544
196.4,0.805960573
196.41,1.037563544
196.42,1.227794387
196.43,1.366541013
196.44,1.370497403
196.45,1.258144133
196.46,1.056677878
196.47,0.903684698
196.48,0.854051178
196.49,0.772775098
196.5,0.763583762
196.51,0.906586616
196.52,1.037754494
196.53,1.160301227
196.54,1.22220321
196.55,1.007463394
196.56,0.285801727
196.57,2.550502658
196.58,3.607683547
196.59,1.551062739
196.6,0.284667024
196.61,0.178745101
196.62,1.173067897
196.63,1.580887202
196.64,1.125709939
196.65,1.056503625
196.66,0.92960599
196.67,0.623058307
196.68,0.539413004
196.69,0.598367887
196.7,0.604119132
196.71,0.546504921
196.72,0.428060216
196.73,0.245164534
196.74,0.188456334
196.75,0.418816187
196.76,0.622073257
196.77,0.841755869
196.78,1.039000851
196.79,1.196816571
196.8,1.351924951
196.81,1.437252579
196.82,1.471007953
196.83,1.450352723
196.84,1.187628832
196.85,0.947712025
196.86,0.772787319
196.87,0.610110928
196.88,0.639265172
196.89,0.83976313
196.9,1.027018464
196.91,1.077554045
196.92,0.774796006
196.93,1.232214116
196.94,3.173030592
196.95,2.298972484
196.96,0.54838014
196.97,1.101294363
196.98,0.873460303
196.99,1.941847184
197,1.261304078
197.01,0.931836151
197.02,1.156955109
197.03,0.826366229
197.04,0.711209944
197.05,0.687358947
197.06,0.625444733
197.07,0.537494388
197.08,0.448581044
197.09,0.367760179
197.1,0.284883555
197.11,0.208543722
197.12,0.257888564
197.13,0.409561372
197.14,0.684191937
197.15,0.943345167
197.16,1.1680572
197.17,1.295137793
197.18,1.344524463
197.19,1.292648102
197.2,1.039427742
197.21,0.82751256
197.22,0.819308287
197.23,0.689241819
197.24,0.618957754
197.25,0.735663633
197.26,0.939715378
197.27,1.119654392
197.28,1.198342049
197.29,1.081137462
197.3,0.620398554
197.31,2.513260093
197.32,3.164511001
197.33,1.686671576
197.34,1.001258091
197.35,0.21748011
197.36,1.367119626
197.37,1.412459206
197.38,1.121766111
197.39,1.123571209
197.4,0.884713957
197.41,0.524950194
197.42,0.444110102
197.43,0.541270554
197.44,0.58076977
197.45,0.515838147
197.46,0.397603891
197.47,0.284313891
197.48,0.179383204
197.49,0.123530466
197.5,0.364160549
197.51,0.649579997
197.52,0.943949776
197.53,1.191005028
197.54,1.382499201
197.55,1.497746071
197.56,1.481151308
197.57,1.394280181
197.58,1.238824545
197.59,1.014263593
197.6,0.750477431
197.61,0.551661001
197.62,0.601059346
197.63,0.810091576
197.64,0.978676763
197.65,1.030124752
197.66,0.918894264
197.67,0.532986331
197.68,1.810110696
197.69,3.753424689
197.7,1.741003025
197.71,0.898053628
197.72,1.233736996
197.73,1.22533369
197.74,2.142620125
197.75,1.128946545
197.76,0.8232666
197.77,1.008096533
197.78,0.98143373
197.79,0.89742038
197.8,0.830696205
197.81,0.665470366
197.82,0.56446274
197.83,0.480799801
197.84,0.366556206
197.85,0.238769224
197.86,0.190708622
197.87,0.37064356
197.88,0.608508001
197.89,0.884656486
197.9,1.086320504
197.91,1.192344404
197.92,1.217516855
197.93,1.178476501
197.94,1.07653452
197.95,0.948076628
197.96,0.898209501
197.97,0.8110171
197.98,0.737800155
197.99,0.784057666
198,0.943910093
198.01,1.110839012
198.02,1.229556584
198.03,1.18082886
198.04,0.921154513
198.05,0.896357711
198.06,2.942412766
198.07,2.71370341
198.08,1.166005799
198.09,0.777249688
198.1,0.544813395
198.11,1.255231603
198.12,1.277310595
198.13,0.951914552
198.14,1.000819702
198.15,0.831277835
198.16,0.587422692
198.17,0.548476064
198.18,0.511998913
198.19,0.535318933
198.2,0.482343849
198.21,0.363685628
198.22,0.24775251
198.23,0.17374509
198.24,0.208971765
198.25,0.406641317
198.26,0.75194475
198.27,1.068361117
198.28,1.289751651
198.29,1.494976353
198.3,1.523656673
198.31,1.462822358
198.32,1.318301395
198.33,1.027194715
198.34,0.72157254
198.35,0.467506394
198.36,0.349738917
198.37,0.650271167
198.38,0.995381685
198.39,1.24171671
198.4,1.254375895
198.41,0.851002241
198.42,0.763735665
198.43,3.657665543
198.44,2.303372694
198.45,0.561893168
198.46,1.171636159
198.47,0.74366781
198.48,2.165068911
198.49,1.411170671
198.5,0.88120638
198.51,1.119107721
198.52,1.100121302
198.53,0.94888317
198.54,0.879585404
198.55,0.738464023
198.56,0.660006882
198.57,0.548084499
198.58,0.4238898
198.59,0.295511107
198.6,0.184932747
198.61,0.161875821
198.62,0.293481604
198.63,0.519455585
198.64,0.742216251
198.65,0.929571226
198.66,1.103404236
198.67,1.280321357
198.68,1.432572984
198.69,1.30846211
198.7,1.100281669
198.71,0.91432986
198.72,0.785843268
198.73,0.669576089
198.74,0.692125897
198.75,0.841765302
198.76,1.04652856
198.77,1.203975966
198.78,1.275407988
198.79,1.174454568
198.8,0.61147186
198.81,2.086828732
198.82,4.080459242
198.83,1.40827203
198.84,0.616591692
198.85,0.531906394
198.86,1.17169797
198.87,1.71363165
198.88,1.218082737
198.89,1.011685951
198.9,0.919397747
198.91,0.677560667
198.92,0.60408948
198.93,0.629339239
198.94,0.635050503
198.95,0.592215783
198.96,0.47284616
198.97,0.235445147
198.98,0.159836313
198.99,0.249094942
199,0.430760743
199.01,0.716238472
199.02,1.0132051
199.03,1.184971654
199.04,1.297027941
199.05,1.396244702
199.06,1.476559562
199.07,1.37561805
199.08,1.283523272
199.09,1.16309286
199.1,1.025763492
199.11,0.893842974
199.12,0.760213851
199.13,0.621592139
199.14,0.633589128
199.15,0.845777518
199.16,0.982067481
199.17,0.923983494
199.18,0.670436335
199.19,1.960098817
199.2,3.372995154
199.21,1.666915445
199.22,0.798396647
199.23,1.002395143
199.24,1.236047203
199.25,2.071265974
199.26,1.406029137
199.27,0.850774723
199.28,0.912172726
199.29,0.7863604
199.3,0.769094711
199.31,0.722779196
199.32,0.642445514
199.33,0.585474989
199.34,0.459549522
199.35,0.326639992
199.36,0.230967028
199.37,0.177049509
199.38,0.264950867
199.39,0.440664147
199.4,0.649959758
199.41,0.907673244
199.42,1.140449526
199.43,1.312397979
199.44,1.327832802
199.45,1.23366125
199.46,1.053748933
199.47,0.874671177
199.48,0.785765116
199.49,0.689811011
199.5,0.686879069
199.51,0.798510454
199.52,0.927826511
199.53,1.022313041
199.54,1.035273827
199.55,0.878503155
199.56,0.704907279
199.57,2.896642933
199.58,2.144034839
199.59,1.335408097
199.6,0.903181755
199.61,0.555595825
199.62,1.171268109
199.63,1.499637551
199.64,1.046922133
199.65,1.070312775
199.66,0.980112276
199.67,0.688312832
199.68,0.563267122
199.69,0.520992575
199.7,0.525067015
199.71,0.452053903
199.72,0.343430612
199.73,0.227559788
199.74,0.125252263
199.75,0.134304496
199.76,0.264680003
199.77,0.476276795
199.78,0.707728916
199.79,0.96275609
199.8,1.186743465
199.81,1.273857465
199.82,1.42878912
199.83,1.501584819
199.84,1.510411331
199.85,1.335865167
199.86,1.087851277
199.87,0.820462645
199.88,0.51901429
199.89,0.389001396
199.9,0.580629881
199.91,0.877248273
199.92,0.964358444
199.93,0.733656852
199.94,0.979643517
199.95,3.964112104
199.96,2.091256074
199.97,0.668187586
199.98,0.849748783
199.99,0.884725245
200,2.019521467
200.01,1.194768858
200.02,0.676205778
200.03,0.946679354
200.04,1.062420583
200.05,0.932260688
200.06,0.80414996
200.07,0.654349851
200.08,0.596860998
200.09,0.578695478
200.1,0.496711233
200.11,0.296916436
200.12,0.179948588
200.13,0.277257279
200.14,0.454950605
200.15,0.648284826
200.16,0.836407076
200.17,0.989674026
200.18,1.111590466
200.19,1.202751613
200.2,1.286132262
200.21,1.299993445
200.22,1.120760025
200.23,0.933432924
200.24,0.855178766
200.25,0.671506926
200.26,0.667086668
200.27,0.795025958
200.28,0.970334398
200.29,1.07686277
200.3,1.07738604
200.31,0.563591461
200.32,2.248262002
200.33,3.236229521
200.34,2.042042572
200.35,0.335165876
200.36,0.386161907
200.37,0.914130857
200.38,1.267230865
200.39,1.06418804
200.4,1.037215785
200.41,0.934702351
200.42,0.794345431
200.43,0.704725976
200.44,0.659400044
200.45,0.634573185
200.46,0.586438887
200.47,0.447157829
200.48,0.315610244
200.49,0.193966402
200.5,0.142426043
200.51,0.168396839
200.52,0.3229181
200.53,0.566405706
200.54,0.849518115
200.55,1.109492265
200.56,1.27154068
200.57,1.364059114
200.58,1.379508996
200.59,1.419188266
200.6,1.292460246
200.61,1.071527948
200.62,0.873401289
200.63,0.767890224
200.64,0.675079894
200.65,0.683388153
200.66,0.896231596
200.67,0.954961729
200.68,0.846534284
200.69,0.245733027
200.7,2.194330345
200.71,2.380022356
200.72,1.079707299
200.73,0.626938799
200.74,0.754464563
200.75,1.355122713
200.76,1.935872502
200.77,0.973255536
200.78,0.811136825
200.79,1.065151316
200.8,0.881090702
200.81,0.80530918
200.82,0.720622303
200.83,0.648019186
200.84,0.585274347
200.85,0.488294745
200.86,0.378167831
200.87,0.226151342
200.88,0.19386437
200.89,0.268063504
200.9,0.429445936
200.91,0.649931882
200.92,0.874268523
200.93,1.109228935
200.94,1.234849352
200.95,1.267191211
200.96,1.330088638
200.97,1.220958966
200.98,0.975135096
200.99,0.840705475
201,0.793352044
201.01,0.788696027
201.02,0.811355519
201.03,0.89570827
201.04,0.947828032
201.05,1.027123444
201.06,1.017675
201.07,0.527123932
201.08,1.560734615
201.09,3.730345745
201.1,1.73862594
201.11,0.358966666
201.12,0.226360987
201.13,1.183752407
201.14,1.723539521
201.15,1.215880103
201.16,0.985163157
201.17,0.926051762
201.18,0.647098958
201.19,0.556570215
201.2,0.657972454
201.21,0.612662979
201.22,0.503958222
201.23,0.398776476
201.24,0.258369733
201.25,0.108677911
201.26,0.232812835
201.27,0.40434577
201.28,0.582125768
201.29,0.800402011
201.3,1.104435865
201.31,1.237998429
201.32,1.288882668
201.33,1.337127557
201.34,1.395436742
201.35,1.397991715
201.36,1.259478291
201.37,0.915111233
201.38,0.601853223
201.39,0.474715432
201.4,0.551258213
201.41,0.749220362
201.42,0.988101831
201.43,1.055027473
201.44,0.873168797
201.45,0.650028618
201.46,2.352813328
201.47,3.286596894
201.48,0.751806305
201.49,0.784596933
201.5,0.875517294
201.51,1.62568551
201.52,1.451162787
201.53,1.089154514
201.54,1.021598892
201.55,0.888497068
201.56,0.795363402
201.57,0.716861331
201.58,0.729729225
201.59,0.651508252
201.6,0.499295422
201.61,0.320091285
201.62,0.162561861
201.63,0.160983548
201.64,0.265461829
201.65,0.403897079
201.66,0.624522457
201.67,0.908398561
201.68,1.099748625
201.69,1.230117288
201.7,1.263604823
201.71,1.197034391
201.72,1.112283948
201.73,0.992414372
201.74,0.89983075
201.75,0.841740428
201.76,0.802412103
201.77,0.841137191
201.78,0.923901871
201.79,0.99409357
201.8,0.908977894
201.81,0.517635178
201.82,1.938911659
201.83,2.50777844
201.84,1.228174221
201.85,0.702703602
201.86,0.669006705
201.87,0.887256701
201.88,1.644137923
201.89,1.366063224
201.9,1.037813745
201.91,0.957062245
201.92,0.788701492
201.93,0.680387111
201.94,0.689271829
201.95,0.581662501
201.96,0.423728671
201.97,0.314043185
201.98,0.23536165
201.99,0.15397264
202,0.135242937
202.01,0.276987883
202.02,0.499852584
202.03,0.80035257
202.04,1.063988388
202.05,1.171333613
202.06,1.275454993
202.07,1.329554614
202.08,1.318517837
202.09,1.301080911
202.1,1.172770924
202.11,1.016204661
202.12,0.864634418
202.13,0.690955115
202.14,0.567035783
202.15,0.672379229
202.16,0.841427468
202.17,1.081427682
202.18,1.103776534
202.19,0.747710788
202.2,1.193167432
202.21,3.572656992
202.22,1.912447682
202.23,0.423899664
202.24,0.424752604
202.25,1.16961881
202.26,1.839327266
202.27,1.168464337
202.28,0.8929221
202.29,1.058339692
202.3,0.990381183
202.31,0.801713678
202.32,0.684165926
202.33,0.640652454
202.34,0.598755193
202.35,0.486063574
202.36,0.325112134
202.37,0.175836609
202.38,0.144541141
202.39,0.238891246
202.4,0.400119891
202.41,0.653363837
202.42,0.911339641
202.43,1.127054646
202.44,1.229421053
202.45,1.317253637
202.46,1.330291653
202.47,1.209811497
202.48,0.9025825
202.49,0.698503165
202.5,0.606187987
202.51,0.761748556
202.52,1.014600892
202.53,1.161489103
202.54,1.086082893
202.55,1.052813631
202.56,0.743057885
202.57,0.849237438
202.58,4.030419378
202.59,2.362704074
202.6,0.485161097
202.61,0.753660801
202.62,0.742415298
202.63,1.411010688
202.64,1.165669991
202.65,0.951107834
202.66,1.021723598
202.67,0.900090108
202.68,0.556997765
202.69,0.388587989
202.7,0.437381563
202.71,0.515789622
202.72,0.44873408
202.73,0.316169054
202.74,0.203463129
202.75,0.168605875
202.76,0.342059565
202.77,0.572110469
202.78,0.778722106
202.79,0.984450416
202.8,1.158573479
202.81,1.328931949
202.82,1.39315485
202.83,1.405049128
202.84,1.351847795
202.85,1.132335726
202.86,0.925942958
202.87,0.771808597
202.88,0.680492835
202.89,0.663946125
202.9,0.738916403
202.91,0.894012459
202.92,1.018433364
202.93,0.793920928
202.94,0.797858997
202.95,3.093916531
202.96,2.330698343
202.97,0.643757112
202.98,0.872977029
202.99,0.943706002
203,2.013562562
203.01,1.481860898
203.02,0.841947397
203.03,0.861428445
203.04,0.968150715
203.05,0.95537611
203.06,0.947363803
203.07,0.869127819
203.08,0.694974481
203.09,0.511955185
203.1,0.403117954
203.11,0.317992231
203.12,0.260348629
203.13,0.297985438
203.14,0.392007385
203.15,0.550809424
203.16,0.779310819
203.17,0.986142284
203.18,1.112221449
203.19,1.154542986
203.2,1.078418218
203.21,1.082680323
203.22,1.185266447
203.23,1.132829083
203.24,0.963077828
203.25,0.824380483
203.26,0.820768307
203.27,0.928444874
203.28,1.102713285
203.29,1.204229712
203.3,1.163588318
203.31,0.894325362
203.32,0.368792624
203.33,4.170360522
203.34,3.563166544
203.35,1.224332859
203.36,0.58743231
203.37,0.483714974
203.38,1.539043807
203.39,1.435511617
203.4,1.053208076
203.41,0.967473681
203.42,0.772087115
203.43,0.588583716
203.44,0.525855325
203.45,0.50855413
203.46,0.51127284
203.47,0.426626906
203.48,0.299756145
203.49,0.222824657
203.5,0.166985527
203.51,0.223369193
203.52,0.422974619
203.53,0.729160481
203.54,0.99567766
203.55,1.183175935
203.56,1.360539961
203.57,1.477275207
203.58,1.407192451
203.59,1.252560064
203.6,1.117957675
203.61,0.914642486
203.62,0.738125767
203.63,0.706943391
203.64,0.770818706
203.65,0.907175913
203.66,1.034347531
203.67,1.016364552
203.68,0.766738845
203.69,0.536004719
203.7,2.852147682
203.71,2.133100624
203.72,0.98365017
203.73,0.408453625
203.74,1.172382731
203.75,1.116421282
203.76,2.095927452
203.77,1.226857996
203.78,0.943499549
203.79,1.064063911
203.8,0.898289344
203.81,0.706696557
203.82,0.656543118
203.83,0.527556389
203.84,0.417681557
203.85,0.353008081
203.86,0.311144468
203.87,0.225034133
203.88,0.203562152
203.89,0.289735871
203.9,0.450389933
203.91,0.644920946
203.92,0.907421376
203.93,1.181899824
203.94,1.290164778
203.95,1.23097862
203.96,1.039725376
203.97,0.847624935
203.98,0.793660571
203.99,0.884222039
204,0.97226102
204.01,1.047503257
204.02,1.072850976
204.03,1.044025833
204.04,0.943274841
204.05,0.498565935
204.06,1.42162103
204.07,3.094962898
204.08,1.978886934
204.09,1.045958331
204.1,0.733190511
204.11,0.870326228
204.12,1.367734627
204.13,1.095924748
204.14,0.903266163
204.15,1.021537955
204.16,0.924346166
204.17,0.622234185
204.18,0.470511005
204.19,0.44003277
204.2,0.426442709
204.21,0.333111749
204.22,0.295598053
204.23,0.292927265
204.24,0.218000794
204.25,0.182272817
204.26,0.336657237
204.27,0.613888164
204.28,0.861384091
204.29,1.090037953
204.3,1.317617369
204.31,1.407571873
204.32,1.382662597
204.33,1.218898951
204.34,0.969604971
204.35,0.822485845
204.36,0.787906539
204.37,0.85130594
204.38,0.912925142
204.39,0.975843956
204.4,0.977470253
204.41,0.745543687
204.42,0.896473822
204.43,2.31346027
204.44,2.131088858
204.45,1.679043141
204.46,0.872908555
204.47,0.542511259
204.48,1.135754926
204.49,2.058617745
204.5,1.416907525
204.51,1.151104672
204.52,1.057959868
204.53,0.856307939
204.54,0.59089713
204.55,0.430029813
204.56,0.417023289
204.57,0.384111814
204.58,0.320292645
204.59,0.231118506
204.6,0.048849316
204.61,0.248383615
204.62,0.560006457
204.63,0.83590979
204.64,1.02177289
204.65,1.104154027
204.66,1.156329195
204.67,1.083870127
204.68,0.977842317
204.69,0.753289212
204.7,0.713816005
204.71,0.827573056
204.72,0.971516798
204.73,1.122300826
204.74,1.187427726
204.75,1.154287263
204.76,1.086794899
204.77,0.925971393
204.78,0.557042433
204.79,0.623470528
204.8,3.175518486
204.81,3.146691867
204.82,1.591658972
204.83,0.845206344
204.84,0.560285909
204.85,1.826884923
204.86,2.095368491
204.87,1.130875485
204.88,0.785405598
204.89,0.62241344
204.9,0.542521269
204.91,0.434061679
204.92,0.416601926
204.93,0.404682005
204.94,0.333718467
204.95,0.333803416
204.96,0.415900872
204.97,0.54166656
204.98,0.685308652
204.99,0.797100705
205,0.921446487
205.01,1.040724686
205.02,1.214635921
205.03,1.380965919
205.04,1.417982435
205.05,1.369507382
205.06,1.254058178
205.07,1.073661037
205.08,0.801272689
205.09,0.608784171
205.1,0.560397649
205.11,0.71355059
205.12,0.802475467
205.13,0.693035461
205.14,0.884762953
205.15,2.174072484
205.16,2.243466122
205.17,1.770559118
205.18,0.486992905
205.19,0.72348771
205.2,1.363712364
205.21,1.601755588
205.22,1.0325592
205.23,1.064120653
205.24,1.175401096
205.25,0.828858079
205.26,0.697564362
205.27,0.670361966
205.28,0.592558415
205.29,0.526952373
205.3,0.419244757
205.31,0.286107791
205.32,0.119375281
205.33,0.062316462
205.34,0.297608404
205.35,0.624381725
205.36,0.9230724
205.37,1.147154035
205.38,1.294729691
205.39,1.323675062
205.4,1.209545383
205.41,1.079640072
205.42,0.944642697
205.43,0.817415952
205.44,0.755267785
205.45,0.826720267
205.46,0.930117262
205.47,0.998625953
205.48,1.040645773
205.49,1.029818719
205.5,0.586752556
205.51,1.661145324
205.52,3.438518151
205.53,2.191625056
205.54,0.813498778
205.55,0.369898896
205.56,1.1472595
205.57,1.461199325
205.58,1.072912961
205.59,1.032339406
205.6,1.049850985
205.61,0.738880217
205.62,0.540631497
205.63,0.629250987
205.64,0.646616231
205.65,0.541619182
205.66,0.421165915
205.67,0.31550445
205.68,0.209661534
205.69,0.24717079
205.7,0.36832929
205.71,0.55671722
205.72,0.806132117
205.73,1.028362879
205.74,1.207278349
205.75,1.355478055
205.76,1.500521815
205.77,1.517234459
205.78,1.380601006
205.79,1.138840131
205.8,0.885400069
205.81,0.652388719
205.82,0.517279883
205.83,0.584771145
205.84,0.788684569
205.85,0.956459885
205.86,0.961394748
205.87,0.705489139
205.88,0.642232462
205.89,2.198927554
205.9,2.320684434
205.91,1.152465189
205.92,0.189790318
205.93,1.03459608
205.94,1.847972893
205.95,1.306786736
205.96,0.87921526
205.97,1.200902691
205.98,1.124215334
205.99,0.827893249
206,0.673152626
206.01,0.580349183
206.02,0.517047674
206.03,0.384491212
206.04,0.27030046
206.05,0.160262128
206.06,0.143706352
206.07,0.236651752
206.08,0.34796278
206.09,0.570842554
206.1,0.829710342
206.11,1.023745384
206.12,1.161462106
206.13,1.243855562
206.14,1.270745911
206.15,1.118876854
206.16,0.917997871
206.17,0.835807511
206.18,0.844214046
206.19,0.881667919
206.2,0.958684056
206.21,1.038633261
206.22,1.11539788
206.23,1.122643961
206.24,0.968166376
206.25,0.566376176
206.26,1.381952001
206.27,3.790798686
206.28,2.812203519
206.29,1.372957194
206.3,0.791593756
206.31,1.016433578
206.32,1.496533246
206.33,1.42211695
206.34,1.179342537
206.35,1.005013091
206.36,0.732078675
206.37,0.615071765
206.38,0.593738002
206.39,0.540874889
206.4,0.463549846
206.41,0.401995202
206.42,0.332719992
206.43,0.224875619
206.44,0.23315233
206.45,0.379769581
206.46,0.623624472
206.47,0.826297716
206.48,1.009751747
206.49,1.221810311
206.5,1.434223301
206.51,1.536672664
206.52,1.532367003
206.53,1.313805382
206.54,1.026519079
206.55,0.737003024
206.56,0.550500906
206.57,0.614105825
206.58,0.762857656
206.59,0.992225401
206.6,1.051530153
206.61,0.84935961
206.62,0.559870955
206.63,2.811842217
206.64,2.291530937
206.65,1.180749414
206.66,0.532212436
206.67,0.492856621
206.68,1.706389506
206.69,1.947079438
206.7,0.890511699
206.71,0.985986386
206.72,1.270795853
206.73,0.955047012
206.74,0.699450267
206.75,0.694248006
206.76,0.674315266
206.77,0.549019132
206.78,0.440215221
206.79,0.308076479
206.8,0.217212267
206.81,0.223965984
206.82,0.329615125
206.83,0.504709293
206.84,0.700150262
206.85,0.850877525
206.86,0.957004851
206.87,1.185286199
206.88,1.261446202
206.89,1.271538269
206.9,1.252153078
206.91,1.025936488
206.92,0.765625945
206.93,0.766314573
206.94,0.865862876
206.95,1.030660933
206.96,1.233748313
206.97,1.339505903
206.98,1.297186268
206.99,1.070253367
207,0.802705447
207.01,0.344335494
207.02,3.6661109
207.03,4.722058823
207.04,1.466711713
207.05,0.977277665
207.06,0.410766721
207.07,1.834288291
207.08,1.988640395
207.09,1.100816147
207.1,0.697844913
207.11,0.580765388
207.12,0.396797676
207.13,0.315912365
207.14,0.451531041
207.15,0.635318821
207.16,0.546981754
207.17,0.260795758
207.18,0.251796995
207.19,0.495672891
207.2,0.848242568
207.21,1.051175708
207.22,1.19079531
207.23,1.31805111
207.24,1.351721929
207.25,1.301899962
207.26,1.280395482
207.27,1.243337803
207.28,0.98788031
207.29,0.731949447
207.3,0.659297612
207.31,0.821977602
207.32,1.001287421
207.33,1.101138995
207.34,1.15061486
207.35,1.104306429
207.36,0.790522863
207.37,0.236001359
207.38,2.256956268
207.39,5.375614625
207.4,2.003880208
207.41,1.506469975
207.42,0.982674917
207.43,1.528455808
207.44,2.590637598
207.45,1.332598772
207.46,0.393989944
207.47,0.681808256
207.48,0.853361941
207.49,0.7155899
207.5,0.630183468
207.51,0.644991797
207.52,0.573827352
207.53,0.430987003
207.54,0.256439447
207.55,0.192911552
207.56,0.320691776
207.57,0.522557551
207.58,0.74880915
207.59,0.895959863
207.6,1.03755193
207.61,1.158808023
207.62,1.229666714
207.63,1.24633969
207.64,1.124262921
207.65,0.850861157
207.66,0.641438552
207.67,0.599255432
207.68,0.700709981
207.69,0.852798095
207.7,1.021849791
207.71,1.157472919
207.72,1.195472426
207.73,0.974859283
207.74,0.366745764
207.75,3.31424884
207.76,2.674141304
207.77,1.187262798
207.78,0.835976856
207.79,0.696122184
207.8,1.576962859
207.81,1.467339415
207.82,1.053563255
207.83,1.251598747
207.84,1.044540452
207.85,0.758219377
207.86,0.656207142
207.87,0.630400151
207.88,0.541314616
207.89,0.406392407
207.9,0.259590941
207.91,0.168337253
207.92,0.295687257
207.93,0.488323091
207.94,0.727377941
207.95,0.888384829
207.96,1.020046947
207.97,1.167133856
207.98,1.221828969
207.99,1.302383635
208,1.35268486
208.01,1.319701991
208.02,1.076630256
208.03,0.81922665
208.04,0.672185871
208.05,0.66702321
208.06,0.823736553
208.07,1.006692352
208.08,1.099143232
208.09,1.093131336
208.1,0.986984881
208.11,0.692985427
208.12,2.2410499
208.13,3.546797576
208.14,1.410973008
208.15,0.963884481
208.16,0.618336285
208.17,1.832146252
208.18,1.615275681
208.19,0.844483504
208.2,0.978329795
208.21,1.025482626
208.22,0.790101787
208.23,0.692439848
208.24,0.61290478
208.25,0.584132944
208.26,0.518240007
208.27,0.405460182
208.28,0.235205134
208.29,0.107351033
208.3,0.109790687
208.31,0.217344491
208.32,0.396621432
208.33,0.592506316
208.34,0.860215035
208.35,1.077798657
208.36,1.187076117
208.37,1.312398918
208.38,1.38087541
208.39,1.314302626
208.4,1.034907489
208.41,0.673551174
208.42,0.630524
208.43,0.801509565
208.44,0.952970482
208.45,1.078723094
208.46,1.154225123
208.47,1.058826323
208.48,0.551712195
208.49,1.883130359
208.5,3.448927928
208.51,1.721360955
208.52,0.722608695
208.53,0.367556508
208.54,1.136228279
208.55,1.46840746
208.56,1.088984717
208.57,1.163124993
208.58,1.04096403
208.59,0.684409835
208.6,0.594197056
208.61,0.623039628
208.62,0.625258627
208.63,0.574033378
208.64,0.436319527
208.65,0.2557147
208.66,0.06566889
208.67,0.201358295
208.68,0.368237542
208.69,0.588184161
208.7,0.931899089
208.71,1.151497325
208.72,1.330958052
208.73,1.426678254
208.74,1.445533711
208.75,1.418781745
208.76,1.271834072
208.77,1.048663295
208.78,0.766828025
208.79,0.470381378
208.8,0.434112376
208.81,0.688753833
208.82,0.923245057
208.83,1.029136463
208.84,0.935359673
208.85,0.505915593
208.86,1.267421742
208.87,3.848056884
208.88,1.604220512
208.89,1.004559569
208.9,1.037358208
208.91,1.286130769
208.92,1.677770309
208.93,1.4332611
208.94,1.012383973
208.95,0.999554696
208.96,1.133501945
208.97,1.034568366
208.98,0.796438544
208.99,0.650343776
209,0.536050991
209.01,0.409603133
209.02,0.252415002
209.03,0.112048348
209.04,0.103583876
209.05,0.166422723
209.06,0.274648286
209.07,0.494188312
209.08,0.76131646
209.09,0.962720992
209.1,1.111958914
209.11,1.185626326
209.12,1.084213698
209.13,1.035815854
209.14,1.004236578
209.15,0.874911838
209.16,0.785312527
209.17,0.712215551
209.18,0.766890871
209.19,0.943863628
209.2,1.121655924
209.21,1.098912297
209.22,0.882537304
209.23,0.149730822
209.24,1.778024477
209.25,2.222365814
209.26,1.749652605
209.27,0.950891199
209.28,0.39479177
209.29,1.12630644
209.3,1.325795567
209.31,1.166997392
209.32,1.188947459
209.33,1.01380451
209.34,0.688105991
209.35,0.623248804
209.36,0.657802848
209.37,0.554082519
209.38,0.417179768
209.39,0.352573178
209.4,0.289956799
209.41,0.190095987
209.42,0.120844017
209.43,0.279840525
209.44,0.464361936
209.45,0.680669142
209.46,0.918206608
209.47,1.178411958
209.48,1.351574962
209.49,1.417625965
209.5,1.424647201
209.51,1.345546068
209.52,1.098923239
209.53,0.906994267
209.54,0.740133502
209.55,0.59531357
209.56,0.651396015
209.57,0.873795954
209.58,0.997957733
209.59,0.826250997
209.6,0.441420319
209.61,2.644266315
209.62,2.900181173
209.63,0.294198186
209.64,1.122777643
209.65,0.682142315
209.66,1.60116034
209.67,1.624365714
209.68,0.967756028
209.69,1.099839521
209.7,1.254247348
209.71,0.994871877
209.72,0.848856888
209.73,0.756448182
209.74,0.632264909
209.75,0.507088394
209.76,0.423926516
209.77,0.279542737
209.78,0.14360735
209.79,0.206174774
209.8,0.312282403
209.81,0.450415223
209.82,0.635309731
209.83,0.872424787
209.84,1.052109942
209.85,1.192084574
209.86,1.26948711
209.87,1.260624156
209.88,1.181854064
209.89,1.03276206
209.9,0.884452869
209.91,0.750952814
209.92,0.666764646
209.93,0.718271545
209.94,0.921258893
209.95,1.121595095
209.96,1.014007944
209.97,0.304383699
209.98,2.467091818
209.99,3.128659406
210,1.427584797
210.01,0.649936984
210.02,0.151322976
210.03,1.035217906
210.04,1.477841432
210.05,1.193339657
210.06,1.107354526
210.07,0.906011446
210.08,0.665194563
210.09,0.55995671
210.1,0.506079863
210.11,0.383430732
210.12,0.293863874
210.13,0.22215335
210.14,0.124805705
210.15,0.202958145
210.16,0.370235548
210.17,0.547162569
210.18,0.783387082
210.19,0.992119451
210.2,1.174309453
210.21,1.323575593
210.22,1.360346842
210.23,1.296521106
210.24,1.191218851
210.25,1.033648166
210.26,0.823566617
210.27,0.623406185
210.28,0.619981222
210.29,0.802701661
210.3,0.990513868
210.31,1.067609899
210.32,0.950318823
210.33,0.526505115
210.34,1.827010301
210.35,3.146449029
210.36,1.503890553
210.37,0.980456483
210.38,0.441402675
210.39,1.676384772
210.4,1.684392526
210.41,0.90613099
210.42,1.087399722
210.43,1.283436831
210.44,1.069340886
210.45,0.787317882
210.46,0.612083473
210.47,0.466241927
210.48,0.403395744
210.49,0.3457917
210.5,0.28279799
210.51,0.209037199
210.52,0.202225437
210.53,0.272743559
210.54,0.364869894
210.55,0.532233041
210.56,0.761107437
210.57,0.957354128
210.58,1.128214776
210.59,1.245572361
210.6,1.330863308
210.61,1.152205153
210.62,1.008238146
210.63,0.867549695
210.64,0.807139036
210.65,0.798034258
210.66,0.825360053
210.67,0.914090469
210.68,0.988904255
210.69,0.991171791
210.7,0.683014301
210.71,1.009569581
210.72,3.534768368
210.73,2.008514399
210.74,0.763151572
210.75,0.786613571
210.76,0.672567339
210.77,1.615426005
210.78,1.151814663
210.79,0.969880459
210.8,1.004245679
210.81,0.748789109
210.82,0.616076445
210.83,0.533322137
210.84,0.478135943
210.85,0.41240971
210.86,0.388543061
210.87,0.332550934
210.88,0.233182042
210.89,0.168907778
210.9,0.385539063
210.91,0.542312404
210.92,0.760840359
210.93,0.919951779
210.94,1.069268037
210.95,1.214525937
210.96,1.344232685
210.97,1.426760689
210.98,1.400376092
210.99,1.26317442
211,1.078847435
211.01,0.813083715
211.02,0.603882179
211.03,0.492065969
211.04,0.600899527
211.05,0.796166684
211.06,0.94684266
211.07,0.878319409
211.08,0.509576238
211.09,2.565830635
211.1,3.060679417
211.11,0.900699316
211.12,1.063927619
211.13,0.272544593
211.14,1.331083392
211.15,1.900245042
211.16,0.852257424
211.17,0.778405726
211.18,1.024221744
211.19,0.927215783
211.2,0.852536248
211.21,0.804086358
211.22,0.628592714
211.23,0.517482519
211.24,0.437018436
211.25,0.308301291
211.26,0.188231234
211.27,0.110802649
211.28,0.169589683
211.29,0.275853312
211.3,0.393058656
211.31,0.528035812
211.32,0.721227336
211.33,0.98121927
211.34,1.160536025
211.35,1.262233286
211.36,1.268189649
211.37,1.189846185
211.38,1.05353229
211.39,0.941576057
211.4,0.792543401
211.41,0.649734896
211.42,0.618302725
211.43,0.760732634
211.44,0.952247771
211.45,1.071334424
211.46,0.977133623
211.47,0.416618901
211.48,2.14152078
211.49,2.587512772
211.5,1.596914802
211.51,1.10307971
211.52,0.501588622
211.53,0.924015837
211.54,1.360649852
211.55,1.181948147
211.56,1.009515818
211.57,1.024486182
211.58,0.900381137
211.59,0.768956077
211.6,0.634909423
211.61,0.560504725
211.62,0.534708369
211.63,0.450700613
211.64,0.328597971
211.65,0.236928623
211.66,0.155356668
211.67,0.081818102
211.68,0.177634622
211.69,0.363669048
211.7,0.554052506
211.71,0.791110815
211.72,1.021831934
211.73,1.206855605
211.74,1.477399341
211.75,1.55805613
211.76,1.465833699
211.77,1.24935382
211.78,1.013437627
211.79,0.885363633
211.8,0.679906531
211.81,0.550973551
211.82,0.590389533
211.83,0.771630963
211.84,0.907775793
211.85,0.862643731
211.86,0.413664551
211.87,1.765589081
211.88,3.564512957
211.89,1.247114065
211.9,0.919257903
211.91,0.65786169
211.92,0.823738112
211.93,1.752509344
211.94,1.183916645
211.95,0.628035608
211.96,0.782767874
211.97,0.931790256
211.98,0.865383525
211.99,0.863259102
212,0.765882885
212.01,0.630458099
212.02,0.572273186
212.03,0.486349968
212.04,0.350417325
212.05,0.232219753
212.06,0.1653066
212.07,0.206433253
212.08,0.350334294
212.09,0.523146415
212.1,0.728630461
212.11,0.978280132
212.12,1.216111453
212.13,1.322236171
212.14,1.321350566
212.15,1.19059162
212.16,0.967375431
212.17,0.783444274
212.18,0.696621648
212.19,0.694671221
212.2,0.767874363
212.21,0.832757908
212.22,0.901039761
212.23,0.848159563
212.24,0.417842808
212.25,1.138153686
212.26,2.269378797
212.27,1.514923944
212.28,0.423647479
212.29,0.474692875
212.3,0.662487287
212.31,1.360359721
212.32,1.186020733
212.33,0.842352707
212.34,0.935799088
212.35,0.90108219
212.36,0.692807356
212.37,0.548199607
212.38,0.464112221
212.39,0.400833381
212.4,0.276150821
212.41,0.189849002
212.42,0.195414596
212.43,0.19269706
212.44,0.142436212
212.45,0.291722279
212.46,0.576074545
212.47,0.827695812
212.48,1.028479301
212.49,1.177549463
212.5,1.232068474
212.51,1.274333466
212.52,1.233692822
212.53,1.103135929
212.54,0.943297938
212.55,0.819870551
212.56,0.788998228
212.57,0.821664187
212.58,0.90980306
212.59,0.981815621
212.6,0.951949097
212.61,0.566491527
212.62,0.844087126
212.63,2.825664272
212.64,2.159104664
212.65,0.621951501
212.66,0.943467519
212.67,0.57928603
212.68,1.389655194
212.69,1.78232361
212.7,0.856844053
212.71,0.722955573
212.72,1.141316609
212.73,1.010042019
212.74,0.844719798
212.75,0.802077391
212.76,0.691632307
212.77,0.564971203
212.78,0.434183704
212.79,0.34589908
212.8,0.277094122
212.81,0.185852966
212.82,0.083671579
212.83,0.195595857
212.84,0.365125725
212.85,0.525497183
212.86,0.694569278
212.87,0.898550252
212.88,1.056556124
212.89,1.193047083
212.9,1.302062865
212.91,1.322387804
212.92,1.130378285
212.93,0.918578063
212.94,0.778667023
212.95,0.756033045
212.96,0.823671449
212.97,0.847112368
212.98,0.791986254
212.99,0.569304233
213,0.300794447
213.01,1.990941097
213.02,2.051745917
213.03,0.789868126
213.04,0.786973372
213.05,0.35126744
213.06,1.139488519
213.07,1.490742176
213.08,0.990545374
213.09,0.850259743
213.1,1.03461209
213.11,0.974753203
213.12,0.729758324
213.13,0.611202096
213.14,0.540714831
213.15,0.485650832
213.16,0.440256395
213.17,0.365444013
213.18,0.289285707
213.19,0.189210355
213.2,0.187991753
213.21,0.301399461
213.22,0.443578436
213.23,0.646228098
213.24,0.922293352
213.25,1.155717846
213.26,1.366337196
213.27,1.465108433
213.28,1.421786645
213.29,1.209085064
213.3,0.953898548
213.31,0.74382532
213.32,0.627463904
213.33,0.652700319
213.34,0.789460597
213.35,0.935931476
213.36,0.937269428
213.37,0.621256384
213.38,0.842107308
213.39,2.597088356
213.4,2.134387659
213.41,0.72792582
213.42,0.930856334
213.43,0.833509342
213.44,1.562790937
213.45,1.357475922
213.46,0.652042465
213.47,0.943344402
213.48,1.130321656
213.49,0.905244664
213.5,0.703967022
213.51,0.652330185
213.52,0.600072443
213.53,0.522426081
213.54,0.405259178
213.55,0.238309235
213.56,0.141959436
213.57,0.15038146
213.58,0.251928963
213.59,0.392500019
213.6,0.553737274
213.61,0.748324308
213.62,0.991424219
213.63,1.184477422
213.64,1.24147284
213.65,1.22067852
213.66,1.113841578
213.67,1.026493974
213.68,1.014976264
213.69,0.997504975
213.7,0.962554455
213.71,0.958815914
213.72,1.003270176
213.73,1.040769971
213.74,0.941916506
213.75,0.527285999
213.76,1.83888405
213.77,3.368367011
213.78,1.788731906
213.79,1.298332712
213.8,1.221540306
213.81,0.574563764
213.82,1.508908639
213.83,1.291814761
213.84,0.848747556
213.85,0.849600967
213.86,0.818675212
213.87,0.634728065
213.88,0.45671621
213.89,0.410777811
213.9,0.474739093
213.91,0.440645397
213.92,0.32051618
213.93,0.233411647
213.94,0.155432086
213.95,0.044784204
213.96,0.268168816
213.97,0.509113258
213.98,0.71769886
213.99,0.925689951
214,1.218900343
214.01,1.434139817
214.02,1.597910847
214.03,1.590790313
214.04,1.474064657
214.05,1.211436426
214.06,0.863745216
214.07,0.577202475
214.08,0.493071117
214.09,0.64839576
214.1,0.867923676
214.11,0.965593753
214.12,0.865480468
214.13,0.258471685
214.14,2.685558684
214.15,4.105928986
214.16,1.141942955
214.17,1.540578614
214.18,0.686380827
214.19,1.613665078
214.2,2.259426236
214.21,1.005648248
214.22,0.50017315
214.23,0.83427454
214.24,0.921979094
214.25,1.019897479
214.26,0.947857976
214.27,0.705766403
214.28,0.610045694
214.29,0.580970535
214.3,0.452727296
214.31,0.270805215
214.32,0.252609759
214.33,0.449335894
214.34,0.680112086
214.35,0.794466857
214.36,0.944978796
214.37,1.155781621
214.38,1.279046902
214.39,1.40120618
214.4,1.368023262
214.41,0.956716381
214.42,0.630462626
214.43,0.557726992
214.44,0.696555445
214.45,0.846619326
214.46,0.962563604
214.47,1.06946622
214.48,1.135995587
214.49,1.100762783
214.5,0.793528633
214.51,0.598419912
214.52,2.134992097
214.53,2.949916592
214.54,1.146681979
214.55,0.932550319
214.56,0.866017422
214.57,1.606901019
214.58,1.1900204
214.59,0.893304609
214.6,0.804616572
214.61,0.827444162
214.62,0.636031468
214.63,0.499595136
214.64,0.511926577
214.65,0.468781925
214.66,0.434608705
214.67,0.368161607
214.68,0.249144325
214.69,0.144880742
214.7,0.245571573
214.71,0.444097871
214.72,0.626897363
214.73,0.817597208
214.74,1.044616405
214.75,1.280307492
214.76,1.385642902
214.77,1.442766226
214.78,1.406062508
214.79,1.220569066
214.8,0.955006201
214.81,0.622523273
214.82,0.454777709
214.83,0.521767246
214.84,0.818037444
214.85,1.041730974
214.86,0.962302159
214.87,0.436142095
214.88,2.251462351
214.89,2.140235506
214.9,0.9994753
214.91,0.713954545
214.92,0.365046579
214.93,1.101976915
214.94,1.903816153
214.95,0.941035346
214.96,0.797195525
214.97,1.007944184
214.98,1.026378799
214.99,0.9186943
215,0.775381149
215.01,0.594904784
215.02,0.525758104
215.03,0.483310304
215.04,0.388306959
215.05,0.236362278
215.06,0.136750488
215.07,0.196989853
215.08,0.367809606
215.09,0.555393929
215.1,0.767329263
215.11,0.975940266
215.12,1.095106689
215.13,1.2843352
215.14,1.384625708
215.15,1.326938535
215.16,1.060766014
215.17,0.818097873
215.18,0.671551629
215.19,0.712145581
215.2,0.939909792
215.21,1.044054596
215.22,0.982575018
215.23,0.921261802
215.24,0.543605123
215.25,1.541696779
215.26,2.743098752
215.27,1.515714373
215.28,0.399013367
215.29,0.778095648
215.3,1.09844423
215.31,1.560483892
215.32,1.158629807
215.33,0.951004909
215.34,0.864171342
215.35,0.73132215
215.36,0.617867451
215.37,0.576575047
215.38,0.500842691
215.39,0.432488025
215.4,0.378908424
215.41,0.317481837
215.42,0.151335243
215.43,0.144138388
215.44,0.436381869
215.45,0.711999102
215.46,0.914546928
215.47,1.13646845
215.48,1.338459755
215.49,1.481149214
215.5,1.559301198
215.51,1.574274534
215.52,1.40576102
215.53,1.104131426
215.54,0.794591865
215.55,0.514538439
215.56,0.445812199
215.57,0.70969696
215.58,0.960744116
215.59,1.001960276
215.6,0.702490491
215.61,1.136179813
215.62,3.547103199
215.63,2.09163125
215.64,0.691125226
215.65,1.326689396
215.66,0.709336509
215.67,2.261800114
215.68,1.794873885
215.69,0.629524016
215.7,0.667415187
215.71,1.023350725
215.72,0.946500932
215.73,0.729257061
215.74,0.574764377
215.75,0.501243813
215.76,0.442455648
215.77,0.339519253
215.78,0.220866997
215.79,0.152661703
215.8,0.249915206
215.81,0.436949299
215.82,0.633538953
215.83,0.817986134
215.84,0.989736145
215.85,1.185853856
215.86,1.272739761
215.87,1.172992874
215.88,0.969914096
215.89,0.769004538
215.9,0.672237097
215.91,0.693820688
215.92,0.839083386
215.93,0.946200891
215.94,0.980332328
215.95,1.044756746
215.96,1.097700575
215.97,0.895420136
215.98,0.297196949
215.99,2.755153674
216,2.746615126
216.01,1.462641689
216.02,1.059270948
216.03,0.508656479
216.04,1.329367127
216.05,1.338859524
216.06,1.03739582
216.07,0.965766511
216.08,0.928272291
216.09,0.704595043
216.1,0.525752193
216.11,0.473545137
216.12,0.537097728
216.13,0.455721061
216.14,0.315624639
216.15,0.226194418
216.16,0.114262651
216.17,0.087210801
216.18,0.366836429
216.19,0.721675392
216.2,0.931643815
216.21,1.115421651
216.22,1.287911429
216.23,1.434916352
216.24,1.526254337
216.25,1.509347023
216.26,1.393850493
216.27,1.141430986
216.28,0.80612026
216.29,0.44167487
216.3,0.328490826
216.31,0.661622249
216.32,1.018997252
216.33,1.151043742
216.34,0.95274945
216.35,0.522630265
216.36,3.047718013
216.37,3.163653192
216.38,1.116245416
216.39,1.029020264
216.4,0.870618357
216.41,1.736397229
216.42,1.848488956
216.43,0.833916764
216.44,0.71898049
216.45,0.868147095
216.46,0.770051104
216.47,0.68344564
216.48,0.611079962
216.49,0.525402757
216.5,0.416958696
216.51,0.315561297
216.52,0.26400533
216.53,0.205457294
216.54,0.156402026
216.55,0.282209692
216.56,0.478798119
216.57,0.703833589
216.58,0.956677364
216.59,1.158334008
216.6,1.333940304
216.61,1.42945458
216.62,1.344996569
216.63,0.984023502
216.64,0.72375485
216.65,0.664312898
216.66,0.774246111
216.67,0.959957088
216.68,1.071215823
216.69,1.138901899
216.7,1.115742756
216.71,0.766608668
216.72,1.243281271
216.73,2.746250201
216.74,2.297419972
216.75,1.671407847
216.76,1.171793227
216.77,0.795579504
216.78,1.589316531
216.79,1.250118997
216.8,0.844338872
216.81,0.910299942
216.82,0.93964236
216.83,0.717272657
216.84,0.482820355
216.85,0.454532197
216.86,0.392601712
216.87,0.256664648
216.88,0.184678708
216.89,0.21477575
216.9,0.237032697
216.91,0.319952846
216.92,0.528992769
216.93,0.745251914
216.94,0.930143064
216.95,1.067104508
216.96,1.265379614
216.97,1.379707514
216.98,1.390856127
216.99,1.304054144
217,1.10611803
217.01,0.905595913
217.02,0.728233686
217.03,0.583148384
217.04,0.677620608
217.05,0.996899668
217.06,1.115299423
217.07,1.044582035
217.08,0.598061694
217.09,1.56222613
217.1,3.337942262
217.11,2.23576864
217.12,0.843847886
217.13,0.723142839
217.14,1.152985716
217.15,1.79008097
217.16,0.991748834
217.17,0.918500234
217.18,1.289175105
217.19,1.080700518
217.2,0.771338186
217.21,0.721824065
217.22,0.682029571
217.23,0.553650418
217.24,0.436751415
217.25,0.345784605
217.26,0.23845558
217.27,0.196891391
217.28,0.247132096
217.29,0.432038159
217.3,0.658373497
217.31,0.829031411
217.32,1.067075221
217.33,1.267718616
217.34,1.379650523
217.35,1.406857828
217.36,1.302525857
217.37,0.908837201
217.38,0.646672655
217.39,0.709848463
217.4,0.883642409
217.41,1.049950104
217.42,1.137605949
217.43,1.164491202
217.44,1.100692398
217.45,0.824183984
217.46,0.870664289
217.47,3.556128009
217.48,2.180351093
217.49,0.579219229
217.5,0.99635526
217.51,0.762743385
217.52,1.601629715
217.53,1.465814159
217.54,0.816314735
217.55,0.874286709
217.56,0.98216706
217.57,0.778806242
217.58,0.536867983
217.59,0.578607554
217.6,0.583353487
217.61,0.457646502
217.62,0.340998112
217.63,0.250314015
217.64,0.13744379
217.65,0.16958864
217.66,0.362095226
217.67,0.617956328
217.68,0.876887661
217.69,1.061796707
217.7,1.21886103
217.71,1.332221964
217.72,1.398135084
217.73,1.372325301
217.74,1.254034642
217.75,1.047028166
217.76,0.873467913
217.77,0.745819584
217.78,0.684612788
217.79,0.764033879
217.8,0.922861825
217.81,1.064478985
217.82,1.077477475
217.83,0.897298051
217.84,0.294579462
217.85,2.292178229
217.86,3.413986012
217.87,1.717598301
217.88,0.543111903
217.89,1.164971993
217.9,1.359525395
217.91,2.408605693
217.92,1.517630878
217.93,0.525342982
217.94,0.888144301
217.95,1.180740998
217.96,0.841781792
217.97,0.73154541
217.98,0.634509863
217.99,0.607418687
218,0.493045337
218.01,0.347783398
218.02,0.233053492
218.03,0.158021696
218.04,0.149954502
218.05,0.246329624
218.06,0.370245394
218.07,0.566500728
218.08,0.821021724
218.09,1.044533703
218.1,1.138250027
218.11,1.208983449
218.12,1.221849583
218.13,1.232816462
218.14,1.00892527
218.15,0.702898269
218.16,0.661930679
218.17,0.820590003
218.18,0.956832722
218.19,1.050760598
218.2,1.104763442
218.21,1.014099245
218.22,0.598205823
218.23,0.911798239
218.24,3.188407086
218.25,2.163499005
218.26,1.031144479
218.27,0.541496816
218.28,0.72553209
218.29,1.451551652
218.3,1.105133877
218.31,0.936604296
218.32,0.943896843
218.33,0.874321802
218.34,0.668471806
218.35,0.519691556
218.36,0.495034412
218.37,0.445219916
218.38,0.398325173
218.39,0.349245273
218.4,0.281878898
218.41,0.154790161
218.42,0.183208288
218.43,0.331483358
218.44,0.548342937
218.45,0.756158388
218.46,1.116285848
218.47,1.284577004
218.48,1.380385508
218.49,1.475306743
218.5,1.496842494
218.51,1.364868638
218.52,1.015532429
218.53,0.763585535
218.54,0.693392191
218.55,0.774248715
218.56,0.861162938
218.57,0.92365131
218.58,0.953878545
218.59,0.863235469
218.6,0.517391326
218.61,1.134327981
218.62,4.390109348
218.63,1.788593252
218.64,1.142095929
218.65,1.229116346
218.66,1.114358261
218.67,2.135921688
218.68,1.647066383
218.69,0.762362603
218.7,0.946984355
218.71,1.031155011
218.72,0.780622293
218.73,0.697258729
218.74,0.716700593
218.75,0.668217708
218.76,0.504158899
218.77,0.387193192
218.78,0.298324845
218.79,0.182751552
218.8,0.233023235
218.81,0.342409975
218.82,0.492364873
218.83,0.724582442
218.84,0.971360935
218.85,1.164927823
218.86,1.312784355
218.87,1.336143045
218.88,1.211294002
218.89,0.980436397
218.9,0.713723651
218.91,0.605940567
218.92,0.681351578
218.93,0.895988032
218.94,1.075484324
218.95,1.14774651
218.96,1.127279301
218.97,0.888770309
218.98,0.367702664
218.99,2.841061852
219,2.117310705
219.01,0.848875765
219.02,0.58677754
219.03,1.425501003
219.04,0.907036381
219.05,1.819029697
219.06,1.201908349
219.07,0.706178679
219.08,1.048804855
219.09,0.958698438
219.1,0.692813062
219.11,0.613510556
219.12,0.529441262
219.13,0.441219227
219.14,0.327666373
219.15,0.222769409
219.16,0.201299056
219.17,0.155919986
219.18,0.139990629
219.19,0.264809542
219.2,0.584194594
219.21,0.837707279
219.22,0.992036622
219.23,1.204909648
219.24,1.365447731
219.25,1.467444744
219.26,1.477646422
219.27,1.35028487
219.28,1.156256394
219.29,0.948536971
219.3,0.758825375
219.31,0.680350125
219.32,0.761120638
219.33,0.934603499
219.34,0.983176379
219.35,0.802886372
219.36,0.273147971
219.37,2.611017797
219.38,2.865331435
219.39,1.018224156
219.4,0.972817813
219.41,0.583735674
219.42,1.559421684
219.43,1.496556856
219.44,0.844004502
219.45,0.853867874
219.46,1.067748264
219.47,0.942813149
219.48,0.798292596
219.49,0.797050597
219.5,0.685843465
219.51,0.608074548
219.52,0.571090554
219.53,0.42963055
219.54,0.216914201
219.55,0.118778602
219.56,0.311108925
219.57,0.609701699
219.58,0.850205199
219.59,0.990643952
219.6,1.06802989
219.61,1.208555477
219.62,1.171216881
219.63,0.973157252
219.64,0.838455928
219.65,0.829573563
219.66,0.851802807
219.67,0.852813529
219.68,0.887887082
219.69,0.962323563
219.7,1.060503799
219.71,1.190338717
219.72,1.127979383
219.73,0.834996242
219.74,0.180813425
219.75,2.970987658
219.76,3.348470232
219.77,1.277760831
219.78,0.470660616
219.79,0.514357118
219.8,1.099385795
219.81,1.501473374
219.82,1.207998806
219.83,0.969716311
219.84,0.742525985
219.85,0.57915387
219.86,0.528114954
219.87,0.530558235
219.88,0.499309572
219.89,0.466555366
219.9,0.38781519
219.91,0.268532834
219.92,0.117322115
219.93,0.204132376
219.94,0.399554471
219.95,0.617260703
219.96,0.831122316
219.97,1.02199463
219.98,1.285452387
219.99,1.378843137
220,1.405977918
220.01,1.390577288
220.02,1.326697803
220.03,1.163523714
220.04,0.904318376
220.05,0.710317465
220.06,0.655469329
220.07,0.755455102
220.08,0.942503799
220.09,1.025397933
220.1,0.82328042
220.11,0.427702941
220.12,2.416339458
220.13,2.762773166
220.14,1.147526551
220.15,0.795983892
220.16,0.38136385
220.17,1.375069715
220.18,1.817534692
220.19,1.003858979
220.2,0.796464479
220.21,1.042656624
220.22,1.004915533
220.23,0.821775203
220.24,0.719174849
220.25,0.644141657
220.26,0.606554551
220.27,0.524027932
220.28,0.35512774
220.29,0.27640995
220.3,0.208757245
220.31,0.310960033
220.32,0.487716497
220.33,0.682415769
220.34,0.87508831
220.35,1.050427489
220.36,1.209889188
220.37,1.274935515
220.38,1.231598657
220.39,1.021005408
220.4,0.851711453
220.41,0.780529437
220.42,0.75410516
220.43,0.769676083
220.44,0.842282087
220.45,0.959935397
220.46,1.05377179
220.47,1.08209663
220.48,0.884121886
220.49,0.172908829
220.5,2.476239058
220.51,2.841511456
220.52,1.455591752
220.53,0.824597119
220.54,0.620269615
220.55,1.043868153
220.56,1.498465577
220.57,1.220702692
220.58,0.93571356
220.59,0.74645397
220.6,0.612013883
220.61,0.545266363
220.62,0.513511165
220.63,0.464163982
220.64,0.406998877
220.65,0.306297561
220.66,0.183219686
220.67,0.069685461
220.68,0.142106789
220.69,0.374450425
220.7,0.583035927
220.71,0.786703941
220.72,0.961336908
220.73,1.155032844
220.74,1.350553139
220.75,1.538304768
220.76,1.571228427
220.77,1.378347581
220.78,1.070949808
220.79,0.739916002
220.8,0.541146095
220.81,0.576051508
220.82,0.789541005
220.83,0.972180131
220.84,1.032554325
220.85,0.788652497
220.86,0.945118353
220.87,2.841172431
220.88,2.110867273
220.89,0.643470717
220.9,0.735778169
220.91,0.476816346
220.92,1.722403331
220.93,1.491806852
220.94,0.756394513
220.95,0.807079204
220.96,1.005654405
220.97,0.794064617
220.98,0.684887411
220.99,0.634914558
221,0.600700253
221.01,0.565972391
221.02,0.449868646
221.03,0.266959019
221.04,0.16901835
221.05,0.186444973
221.06,0.337637013
221.07,0.477450185
221.08,0.652495009
221.09,0.863719636
221.1,1.07191156
221.11,1.158691995
221.12,1.173890341
221.13,1.204108733
221.14,1.061160916
221.15,0.805171004
221.16,0.725064237
221.17,0.780049904
221.18,0.853314549
221.19,0.957700318
221.2,1.024667618
221.21,1.03153646
221.22,0.895324593
221.23,0.226960941
221.24,2.368627688
221.25,2.571169203
221.26,1.091573383
221.27,0.630648305
221.28,0.900988188
221.29,1.099488966
221.3,1.723516047
221.31,1.052657915
221.32,0.820262728
221.33,0.981690666
221.34,0.921552303
221.35,0.707828142
221.36,0.498485229
221.37,0.399794378
221.38,0.375645855
221.39,0.351704921
221.4,0.26193948
221.41,0.148022939
221.42,0.068767962
221.43,0.160388436
221.44,0.315147997
221.45,0.598709421
221.46,0.910031033
221.47,1.107414029
221.48,1.2397699
221.49,1.448211446
221.5,1.523942738
221.51,1.436753722
221.52,1.226741498
221.53,0.934248865
221.54,0.712344388
221.55,0.565423303
221.56,0.664288924
221.57,0.911915673
221.58,1.012380551
221.59,0.900780547
221.6,0.252811941
221.61,1.892063855
221.62,3.161050653
221.63,1.649187575
221.64,0.485816503
221.65,0.962974679
221.66,0.835061091
221.67,2.203321933
221.68,1.159983592
221.69,0.703112069
221.7,1.159793072
221.71,1.138885566
221.72,0.811033522
221.73,0.674747438
221.74,0.625050803
221.75,0.566738926
221.76,0.481401096
221.77,0.355642146
221.78,0.176174754
221.79,0.117296305
221.8,0.248678172
221.81,0.418110217
221.82,0.596162691
221.83,0.784715929
221.84,0.993180608
221.85,1.120378787
221.86,1.229825295
221.87,1.343481681
221.88,1.287066358
221.89,1.022583703
221.9,0.705649981
221.91,0.538124923
221.92,0.700668504
221.93,0.890143108
221.94,1.042374813
221.95,1.126557726
221.96,1.079472074
221.97,0.652681103
221.98,1.254236405
221.99,3.800519489
222,1.584568077
222.01,0.620540954
222.02,0.381051317
222.03,0.734889052
222.04,1.535288122
222.05,1.176663589
222.06,0.847512072
222.07,0.828949115
222.08,0.768643132
222.09,0.606974208
222.1,0.537674945
222.11,0.539727959
222.12,0.497685093
222.13,0.419239716
222.14,0.266272276
222.15,0.111799048
222.16,0.131502356
222.17,0.255650929
222.18,0.464775591
222.19,0.648597292
222.2,0.848668186
222.21,1.081402493
222.22,1.326020736
222.23,1.530549444
222.24,1.611940087
222.25,1.535453361
222.26,1.257409789
222.27,0.820821771
222.28,0.467773102
222.29,0.402254002
222.3,0.591186593
222.31,0.927611027
222.32,1.116262614
222.33,1.128900352
222.34,0.758117364
222.35,0.937343919
222.36,2.531524381
222.37,2.475426212
222.38,1.073111104
222.39,0.650606526
222.4,0.643123394
222.41,1.475516138
222.42,1.770391241
222.43,0.891297957
222.44,0.641124172
222.45,0.768655101
222.46,0.851311041
222.47,0.852213689
222.48,0.750743946
222.49,0.677685689
222.5,0.576328737
222.51,0.409605178
222.52,0.262946789
222.53,0.240417445
222.54,0.214219042
222.55,0.286500401
222.56,0.46419555
222.57,0.627091308
222.58,0.77272024
222.59,0.886207084
222.6,0.96115273
222.61,1.016154381
222.62,0.946340129
222.63,0.824519493
222.64,0.734839363
222.65,0.874035797
222.66,1.025451001
222.67,1.070730922
222.68,1.10821535
222.69,1.16996608
222.7,1.202522218
222.71,0.983447884
222.72,0.229118532
222.73,2.517961022
222.74,2.567726682
222.75,1.823960789
222.76,0.879973262
222.77,0.602961036
222.78,1.063442129
222.79,1.286004771
222.8,1.04833351
222.81,0.99179318
222.82,0.972820689
222.83,0.758920949
222.84,0.475250374
222.85,0.361256088
222.86,0.39703296
222.87,0.412118591
222.88,0.377203832
222.89,0.260000943
222.9,0.059894214
222.91,0.183811994
222.92,0.323331819
222.93,0.479119685
222.94,0.69750381
222.95,0.946063581
222.96,1.13074792
222.97,1.273024959
222.98,1.326119579
222.99,1.466235838
223,1.620797145
223.01,1.577372152
223.02,1.138802392
223.03,0.698943809
223.04,0.555581706
223.05,0.678975539
223.06,0.764419467
223.07,0.768917459
223.08,0.638628701
223.09,0.164808602
223.1,2.348534366
223.11,5.119924634
223.12,1.934832428
223.13,1.719933356
223.14,1.681895803
223.15,1.230673218
223.16,2.497126723
223.17,1.70628065
223.18,0.89770284
223.19,0.72694319
223.2,0.80433674
223.21,0.734010552
223.22,0.564405423
223.23,0.583468713
223.24,0.481963263
223.25,0.364083953
223.26,0.298631409
223.27,0.328603862
223.28,0.511164467
223.29,0.644631853
223.3,0.732076936
223.31,0.835594396
223.32,0.974368294
223.33,1.087020871
223.34,1.15419183
223.35,1.191541112
223.36,1.175747443
223.37,1.099695236
223.38,0.919169912
223.39,0.797161268
223.4,0.791842331
223.41,0.818963516
223.42,0.911659385
223.43,1.02019288
223.44,1.066336863
223.45,1.026898845
223.46,0.72218959
223.47,2.082545758
223.48,3.286610803
223.49,2.255183431
223.5,1.739782552
223.51,1.126297258
223.52,0.730049356
223.53,1.959186015
223.54,1.217456134
223.55,0.84561762
223.56,1.118857727
223.57,0.884037616
223.58,0.610435717
223.59,0.497698261
223.6,0.516123437
223.61,0.498617639
223.62,0.40158464
223.63,0.311996894
223.64,0.256078696
223.65,0.204054661
223.66,0.225131058
223.67,0.301270321
223.68,0.418766313
223.69,0.64237045
223.7,0.874424172
223.71,1.128720838
223.72,1.329166964
223.73,1.395526172
223.74,1.299147131
223.75,1.152413171
223.76,1.038013193
223.77,0.928045063
223.78,0.813139198
223.79,0.755779964
223.8,0.797873651
223.81,0.894032899
223.82,0.939183203
223.83,0.891345307
223.84,0.6240058
223.85,0.860927774
223.86,3.760789806
223.87,2.459251799
223.88,0.234997485
223.89,1.173814189
223.9,0.450060206
223.91,1.571721821
223.92,1.721048382
223.93,0.881029316
223.94,0.802200693
223.95,0.832618051
223.96,0.837009275
223.97,0.756329508
223.98,0.719412521
223.99,0.634611615
224,0.524109214
224.01,0.450738186
224.02,0.366402796
224.03,0.271122382
224.04,0.180955686
224.05,0.259981355
224.06,0.443522848
224.07,0.662963761
224.08,0.846149488
224.09,1.00001373
224.1,1.129969971
224.11,1.214889408
224.12,1.215921767
224.13,1.135951771
224.14,1.089830363
224.15,0.985944785
224.16,0.903596306
224.17,0.810108483
224.18,0.782775097
224.19,0.84080603
224.2,0.939400648
224.21,1.007252713
224.22,0.99400654
224.23,0.843906381
224.24,0.487439688
224.25,2.432065828
224.26,3.615010102
224.27,1.437793128
224.28,0.551191237
224.29,0.36036958
224.3,1.33003291
224.31,1.62324974
224.32,1.091205316
224.33,1.034581647
224.34,0.945007148
224.35,0.669523883
224.36,0.536900347
224.37,0.611364495
224.38,0.585556981
224.39,0.474511896
224.4,0.358051133
224.41,0.282296271
224.42,0.21053133
224.43,0.175446198
224.44,0.293400159
224.45,0.531901589
224.46,0.774824012
224.47,0.970604598
224.48,1.140026912
224.49,1.296015571
224.5,1.409992365
224.51,1.402923465
224.52,1.291944233
224.53,1.091939672
224.54,0.894801319
224.55,0.757239331
224.56,0.629831969
224.57,0.633098613
224.58,0.758865671
224.59,0.858788213
224.6,0.753813385
224.61,0.291959966
224.62,2.315897429
224.63,2.272384871
224.64,1.225254584
224.65,0.433375527
224.66,0.935459904
224.67,0.997271344
224.68,1.741694201
224.69,1.144928941
224.7,0.684462925
224.71,0.984613873
224.72,0.991960415
224.73,0.780796586
224.74,0.734110268
224.75,0.731692423
224.76,0.645985242
224.77,0.518714674
224.78,0.375158067
224.79,0.263431379
224.8,0.169588382
224.81,0.183699199
224.82,0.318790039
224.83,0.441185886
224.84,0.589218081
224.85,0.758515586
224.86,0.946314944
224.87,1.098906424
224.88,1.200050553
224.89,1.24331493
224.9,1.149721208
224.91,1.00086301
224.92,0.905706478
224.93,0.847927295
224.94,0.83713416
224.95,0.88101492
224.96,0.949518956
224.97,0.980018503
224.98,0.915182825
224.99,0.587573925
225,0.823091422
225.01,3.449303236
225.02,2.216787647
225.03,0.987018046
225.04,0.60490326
225.05,0.364237831
225.06,1.42388382
225.07,1.40114434
225.08,0.893279232
225.09,0.928046179
225.1,0.938270433
225.11,0.731962086
225.12,0.512927919
225.13,0.5168405
225.14,0.61695072
225.15,0.583285112
225.16,0.4543133
225.17,0.363493205
225.18,0.259604933
225.19,0.289889422
225.2,0.352272547
225.21,0.525792679
225.22,0.781445244
225.23,0.982563253
225.24,1.117646578
225.25,1.217320196
225.26,1.296541346
225.27,1.333694882
225.28,1.28366337
225.29,1.094689084
225.3,0.8279815
225.31,0.639027885
225.32,0.646355679
225.33,0.772163041
225.34,0.888857123
225.35,0.957865051
225.36,0.919786089
225.37,0.628474846
225.38,1.012225191
225.39,3.468685525
225.4,2.311293252
225.41,0.713042608
225.42,1.287564371
225.43,0.661824478
225.44,1.579064815
225.45,1.72119249
225.46,0.83208751
225.47,0.716869677
225.48,0.93208233
225.49,0.875741573
225.5,0.760607477
225.51,0.64015351
225.52,0.558597752
225.53,0.537499496
225.54,0.457816594
225.55,0.27800007
225.56,0.147756831
225.57,0.12275594
225.58,0.272502572
225.59,0.47679892
225.6,0.668361143
225.61,0.866561077
225.62,1.116766195
225.63,1.269860544
225.64,1.314473848
225.65,1.258683331
225.66,1.037506964
225.67,0.817999973
225.68,0.774321523
225.69,0.797910474
225.7,0.806509429
225.71,0.87117427
225.72,0.933574617
225.73,0.896080113
225.74,0.651044477
225.75,0.295799183
225.76,2.528559373
225.77,2.675249591
225.78,1.057645754
225.79,0.357712975
225.8,0.165569715
225.81,1.039357674
225.82,1.65850272
225.83,1.101923271
225.84,0.929261869
225.85,0.923486229
225.86,0.786156777
225.87,0.588891207
225.88,0.530786137
225.89,0.492138293
225.9,0.422661287
225.91,0.335752461
225.92,0.216690317
225.93,0.085395412
225.94,0.094744191
225.95,0.263778913
225.96,0.492163543
225.97,0.717054215
225.98,0.978523086
225.99,1.164519475
226,1.332167142
226.01,1.447880905
226.02,1.446924128
226.03,1.314378263
226.04,1.053462196
226.05,0.808783571
226.06,0.663472695
226.07,0.644371522
226.08,0.739625998
226.09,0.907269134
226.1,0.933681558
226.11,0.600323037
226.12,0.700384855
226.13,2.287708978
226.14,2.174639286
226.15,0.973739786
226.16,0.720343871
226.17,0.621056437
226.18,1.460228925
226.19,1.975612301
226.2,0.967755247
226.21,0.773738922
226.22,0.999953613
226.23,0.942856159
226.24,0.74203188
226.25,0.575212086
226.26,0.437053757
226.27,0.369713011
226.28,0.325508243
226.29,0.240325619
226.3,0.184469713
226.31,0.22896179
226.32,0.350771524
226.33,0.494297728
226.34,0.652869887
226.35,0.834942599
226.36,1.007629004
226.37,1.140820355
226.38,1.188647934
226.39,1.159293858
226.4,1.007438617
226.41,0.833266385
226.42,0.752500127
226.43,0.750801439
226.44,0.791198414
226.45,0.860282213
226.46,0.975666615
226.47,1.077622008
226.48,1.07060846
226.49,0.747991003
226.5,0.591438474
226.51,2.676571077
226.52,2.232948533
226.53,1.076917212
226.54,0.841892854
226.55,0.747507123
226.56,1.304768046
226.57,1.162377051
226.58,1.192304469
226.59,1.068476542
226.6,0.824058065
226.61,0.629500781
226.62,0.534359296
226.63,0.503638178
226.64,0.518431093
226.65,0.477173478
226.66,0.330514131
226.67,0.231955966
226.68,0.15913853
226.69,0.214242726
226.7,0.34009247
226.71,0.495761254
226.72,0.753984007
226.73,0.98928588
226.74,1.229600221
226.75,1.453267558
226.76,1.592531442
226.77,1.60064881
226.78,1.413992615
226.79,1.007627676
226.8,0.580156164
226.81,0.43008153
226.82,0.526734909
226.83,0.743289273
226.84,0.865193758
226.85,0.802107879
226.86,0.390779758
226.87,1.357597697
226.88,2.680316377
226.89,1.44955135
226.9,1.081138596
226.91,0.790750198
226.92,1.742635429
226.93,1.758962824
226.94,1.364203401
226.95,0.89296291
226.96,1.106449463
226.97,1.111324787
226.98,0.829408056
226.99,0.765216565
227,0.715144568
227.01,0.598463126
227.02,0.498492614
227.03,0.414727593
227.04,0.306755356
227.05,0.300131956
227.06,0.334178171
227.07,0.37741521
227.08,0.495382537
227.09,0.718228178
227.1,0.954982371
227.11,1.151081947
227.12,1.324272067
227.13,1.333741776
227.14,1.166462929
227.15,0.904090483
227.16,0.765201097
227.17,0.812354275
227.18,0.876613202
227.19,0.922499455
227.2,0.969656914
227.21,0.982934974
227.22,0.801627405
227.23,0.323640447
227.24,1.822531429
227.25,2.190755002
227.26,0.953013013
227.27,0.39012726
227.28,0.971388771
227.29,0.931958813
227.3,1.693231013
227.31,1.333461342
227.32,0.779114914
227.33,0.810847934
227.34,0.902278192
227.35,0.79838209
227.36,0.658037299
227.37,0.532551214
227.38,0.452672211
227.39,0.339067973
227.4,0.217471238
227.41,0.19182835
227.42,0.183345397
227.43,0.232525017
227.44,0.380885602
227.45,0.631252361
227.46,0.85321729
227.47,1.070356146
227.48,1.354205042
227.49,1.492424383
227.5,1.538482748
227.51,1.501747101
227.52,1.290834682
227.53,0.985446351
227.54,0.765166685
227.55,0.646384125
227.56,0.662302179
227.57,0.735283638
227.58,0.822956299
227.59,0.79361522
227.6,0.500182267
227.61,1.71220237
227.62,2.228414954
227.63,1.201139767
227.64,0.801421038
227.65,0.781999195
227.66,1.432761272
227.67,1.965467959
227.68,1.231106004
227.69,0.758778113
227.7,1.119608888
227.71,0.968559127
227.72,0.827894749
227.73,0.743053745
227.74,0.638564281
227.75,0.588112201
227.76,0.467726876
227.77,0.31358206
227.78,0.206382376
227.79,0.174863636
227.8,0.175944946
227.81,0.284875692
227.82,0.448403923
227.83,0.645051188
227.84,0.950631892
227.85,1.200067991
227.86,1.301632537
227.87,1.324741013
227.88,1.238426201
227.89,1.047480496
227.9,0.830981736
227.91,0.730350597
227.92,0.735805577
227.93,0.821565435
227.94,0.920286651
227.95,1.01077957
227.96,1.078547535
227.97,1.02971435
227.98,0.492029179
227.99,1.718710471
228,2.993939265
228.01,1.883265392
228.02,1.060412805
228.03,0.951344976
228.04,0.412194249
228.05,1.594503305
228.06,1.26136895
228.07,0.877657197
228.08,0.949223309
228.09,0.963691621
228.1,0.696012454
228.11,0.519519202
228.12,0.542143526
228.13,0.550764276
228.14,0.499247668
228.15,0.336141698
228.16,0.19776442
228.17,0.142030638
228.18,0.125243641
228.19,0.239112417
228.2,0.52779081
228.21,0.751004324
228.22,0.953262579
228.23,1.190335534
228.24,1.431064532
228.25,1.566716536
228.26,1.6836359
228.27,1.656208007
228.28,1.32287797
228.29,0.780852061
228.3,0.46399039
228.31,0.459592169
228.32,0.660856142
228.33,0.886786957
228.34,1.023175395
228.35,0.996843529
228.36,0.706330552
228.37,0.58530168
228.38,3.791339242
228.39,2.677699293
228.4,0.678160269
228.41,0.921192871
228.42,0.986663141
228.43,1.876012582
228.44,1.478879316
228.45,0.75239815
228.46,0.80216145
228.47,0.90319657
228.48,0.759020969
228.49,0.701315743
228.5,0.677466265
228.51,0.625435401
228.52,0.561493294
228.53,0.438476893
228.54,0.323449218
228.55,0.20585726
228.56,0.231645666
228.57,0.369053532
228.58,0.564069817
228.59,0.783555128
228.6,0.943142246
228.61,1.225368159
228.62,1.432828241
228.63,1.42700349
228.64,1.279655144
228.65,1.059059496
228.66,0.821513791
228.67,0.688751684
228.68,0.685317529
228.69,0.752288795
228.7,0.865025581
228.71,1.007600725
228.72,1.085564798
228.73,0.971767711
228.74,0.359065941
228.75,2.312795158
228.76,2.708377566
228.77,1.254767119
228.78,0.596157028
228.79,0.659831916
228.8,0.989763451
228.81,1.526279711
228.82,1.035338759
228.83,0.964216662
228.84,0.945243835
228.85,0.655593844
228.86,0.510855412
228.87,0.50451312
228.88,0.48343252
228.89,0.366222023
228.9,0.236389896
228.91,0.163350367
228.92,0.113633464
228.93,0.068211107
228.94,0.157999039
228.95,0.291566927
228.96,0.504039536
228.97,0.758805554
228.98,0.976247951
228.99,1.160502643
229,1.400076343
229.01,1.538663816
229.02,1.477555217
229.03,1.204740014
229.04,0.935862753
229.05,0.741154616
229.06,0.647560632
229.07,0.733762852
229.08,0.89622708
229.09,0.976072041
229.1,0.89453116
229.11,0.487565413
229.12,1.075604052
229.13,2.878440814
229.14,2.087341413
229.15,0.368309057
229.16,0.689289345
229.17,0.463584998
229.18,1.437967243
229.19,1.563456312
229.2,1.03578969
229.21,0.96152543
229.22,0.853274582
229.23,0.719436386
229.24,0.63431638
229.25,0.594457548
229.26,0.562202895
229.27,0.466074385
229.28,0.367787579
229.29,0.252732068
229.3,0.165295716
229.31,0.142077252
229.32,0.285882996
229.33,0.495763534
229.34,0.643573525
229.35,0.82089881
229.36,1.011683073
229.37,1.152729742
229.38,1.216515901
229.39,1.228007563
229.4,1.14860167
229.41,0.99661627
229.42,0.878445
229.43,0.812254316
229.44,0.809280343
229.45,0.853055176
229.46,0.945442591
229.47,0.989477507
229.48,0.884219758
229.49,0.463920849
229.5,1.628233098
229.51,3.498268223
229.52,1.913395793
229.53,0.729324687
229.54,0.198519497
229.55,0.83101537
229.56,1.419081873
229.57,1.204435913
229.58,0.841596481
229.59,0.738392808
229.6,0.585160911
229.61,0.473111809
229.62,0.575768744
229.63,0.627347511
229.64,0.491487577
229.65,0.347399491
229.66,0.241229573
229.67,0.171239019
229.68,0.310831697
229.69,0.527042039
229.7,0.730076454
229.71,1.044640956
229.72,1.249950037
229.73,1.334971997
229.74,1.381710269
229.75,1.379685111
229.76,1.305676323
229.77,1.133666017
229.78,0.978969237
229.79,0.863138287
229.8,0.77517285
229.81,0.720909935
229.82,0.735735452
229.83,0.845457003
229.84,0.959374209
229.85,0.936244917
229.86,0.57412829
229.87,1.802080099
229.88,3.684806916
229.89,1.827542853
229.9,0.744955099
229.91,0.655104756
229.92,0.936434296
229.93,1.742061363
229.94,1.227618219
229.95,0.99815691
229.96,1.001719214
229.97,0.759441304
229.98,0.706704207
229.99,0.744091883
230,0.681291757
230.01,0.529179418
230.02,0.401649486
230.03,0.292766943
230.04,0.157599238
230.05,0.117864532
230.06,0.238348787
230.07,0.421957035
230.08,0.627075473
230.09,0.812250837
230.1,1.000906337
230.11,1.130941829
230.12,1.208640058
230.13,1.195279349
230.14,1.099052096
230.15,0.968527786
230.16,0.873962103
230.17,0.799493004
230.18,0.728262478
230.19,0.762685821
230.2,0.891335279
230.21,0.983576625
230.22,0.993425449
230.23,0.923557537
230.24,0.379056702
230.25,3.22247212
230.26,3.160669406
230.27,2.188653939
230.28,1.007889362
230.29,0.315491268
230.3,1.042251598
230.31,1.412121687
230.32,1.088120405
230.33,0.978245522
230.34,0.937070516
230.35,0.592937126
230.36,0.399755708
230.37,0.42938051
230.38,0.44377104
230.39,0.411038563
230.4,0.371950969
230.41,0.302773827
230.42,0.213299976
230.43,0.157568747
230.44,0.219701099
230.45,0.349090621
230.46,0.527570899
230.47,0.729548923
230.48,0.972293072
230.49,1.151461774
230.5,1.471487813
230.51,1.583278887
230.52,1.55702611
230.53,1.344554214
230.54,1.051812407
230.55,0.790291031
230.56,0.595417894
230.57,0.456453493
230.58,0.518409355
230.59,0.729447324
230.6,0.804284737
230.61,0.598429156
230.62,1.399650188
230.63,3.772615105
230.64,2.305539576
230.65,0.498618258
230.66,1.118227984
230.67,0.734681864
230.68,1.522398115
230.69,1.543027582
230.7,1.006005125
230.71,0.80939858
230.72,0.755333372
230.73,0.615410448
230.74,0.6181208
230.75,0.677292162
230.76,0.628143985
230.77,0.539901655
230.78,0.420741432
230.79,0.268016423
230.8,0.182627508
230.81,0.238111207
230.82,0.428278649
230.83,0.627714899
230.84,0.844321679
230.85,1.025844371
230.86,1.154702051
230.87,1.238906549
230.88,1.224152963
230.89,1.129714665
230.9,0.972862573
230.91,0.850399029
230.92,0.786777897
230.93,0.770909034
230.94,0.790533951
230.95,0.87194854
230.96,0.947800258
230.97,0.940570876
230.98,0.755320201
230.99,0.906546045
231,3.512606615
231.01,2.582859779
231.02,0.969078722
231.03,0.702262781
231.04,0.643212453
231.05,1.207644192
231.06,1.516207005
231.07,0.857617078
231.08,0.706820229
231.09,0.648942582
231.1,0.574300936
231.11,0.518915197
231.12,0.501779262
231.13,0.463914049
231.14,0.34564803
231.15,0.230674006
231.16,0.146273193
231.17,0.161137017
231.18,0.20787195
231.19,0.243107551
231.2,0.452643703
231.21,0.694280492
231.22,0.980192216
231.23,1.16438789
231.24,1.250344666
231.25,1.384854629
231.26,1.386189431
231.27,1.263092022
231.28,1.086465499
231.29,0.911961078
231.3,0.809319866
231.31,0.751329298
231.32,0.755650853
231.33,0.857978398
231.34,0.920221856
231.35,0.879552398
231.36,0.435336226
231.37,1.58996427
231.38,2.480471994
231.39,1.845308922
231.4,1.128407526
231.41,0.799338299
231.42,0.533236313
231.43,1.763059739
231.44,1.88990742
231.45,0.847163495
231.46,0.991155012
231.47,1.069244762
231.48,0.810416158
231.49,0.753037707
231.5,0.657083287
231.51,0.541194196
231.52,0.436300003
231.53,0.375407266
231.54,0.293042871
231.55,0.213540332
231.56,0.157180327
231.57,0.123475603
231.58,0.231244264
231.59,0.411535931
231.6,0.706344301
231.61,0.868579728
231.62,1.055999727
231.63,1.252461402
231.64,1.313249356
231.65,1.252736061
231.66,1.111631692
231.67,0.884441313
231.68,0.720015845
231.69,0.716879985
231.7,0.912879108
231.71,1.076043315
231.72,1.178033448
231.73,1.156839953
231.74,0.952751944
231.75,0.360110033
231.76,2.503662167
231.77,3.468829046
231.78,1.277254575
231.79,0.360737833
231.8,0.39606088
231.81,0.836026621
231.82,1.424608625
231.83,1.027266566
231.84,0.677449431
231.85,0.764942244
231.86,0.72080446
231.87,0.493020871
231.88,0.3381041
231.89,0.341888923
231.9,0.423770104
231.91,0.433166454
231.92,0.353871857
231.93,0.216467044
231.94,0.136867748
231.95,0.180333982
231.96,0.404430732
231.97,0.683334687
231.98,0.943811329
231.99,1.139998628
232,1.335498923
232.01,1.420967819
232.02,1.437762014
232.03,1.411797264
232.04,1.270325869
232.05,1.04592964
232.06,0.849554586
232.07,0.651305537
232.08,0.552369269
232.09,0.583882995
232.1,0.713098193
232.11,0.785947652
232.12,0.600964151
232.13,1.366822256
232.14,2.906201156
232.15,1.457692066
232.16,0.794440322
232.17,1.235070082
232.18,0.817549294
232.19,1.520263664
232.2,1.510393463
232.21,0.823939664
232.22,0.943455089
232.23,1.06454934
232.24,0.762173894
232.25,0.732867509
232.26,0.712156472
232.27,0.626003041
232.28,0.521462335
232.29,0.440574537
232.3,0.376103544
232.31,0.283523426
232.32,0.239250589
232.33,0.262064662
232.34,0.385821341
232.35,0.549646491
232.36,0.823079855
232.37,1.127988861
232.38,1.31410738
232.39,1.381696244
232.4,1.274741993
232.41,0.983019762
232.42,0.796775776
232.43,0.765237417
232.44,0.763385673
232.45,0.846848283
232.46,0.971823814
232.47,1.084420734
232.48,1.106139303
232.49,0.945593538
232.5,0.319951897
232.51,2.193732092
232.52,2.779437674
232.53,1.728505525
232.54,0.796030755
232.55,0.194668792
232.56,0.692041273
232.57,1.428145269
232.58,0.992029967
232.59,0.704233452
232.6,0.908589202
232.61,0.823102944
232.62,0.628987216
232.63,0.46730382
232.64,0.444663902
232.65,0.455277875
232.66,0.373531457
232.67,0.253157776
232.68,0.148278425
232.69,0.158151166
232.7,0.20551268
232.71,0.349514406
232.72,0.514363924
232.73,0.874914524
232.74,1.146477056
232.75,1.247541896
232.76,1.384223274
232.77,1.493005511
232.78,1.444804945
232.79,1.245685465
232.8,0.991262678
232.81,0.789926492
232.82,0.702094407
232.83,0.696964375
232.84,0.771469137
232.85,0.824730211
232.86,0.719016052
232.87,0.374083993
232.88,1.178502493
232.89,3.444726803
232.9,2.271801609
232.91,1.070737977
232.92,0.63037872
232.93,1.027813072
232.94,1.993015147
232.95,0.994482534
232.96,0.595589491
232.97,0.984452163
232.98,1.227271614
232.99,1.078235401
233,0.874466465
233.01,0.673206978
233.02,0.605515837
233.03,0.572646168
233.04,0.438280446
233.05,0.26905461
233.06,0.138491294
233.07,0.095697912
233.08,0.349121088
233.09,0.602118762
233.1,0.821090559
233.11,1.025207695
233.12,1.198998038
233.13,1.301341248
233.14,1.302894665
233.15,1.135028339
233.16,0.918460789
233.17,0.774316846
233.18,0.711006102
233.19,0.698973183
233.2,0.754775286
233.21,0.899167106
233.22,1.055589541
233.23,1.124230973
233.24,1.054014536
233.25,0.624988484
233.26,1.384421779
233.27,2.962481779
233.28,2.306810461
233.29,1.163718642
233.3,1.000901747
233.31,0.668514734
233.32,1.50924841
233.33,1.062382427
233.34,0.860174577
233.35,0.907701142
233.36,0.793417169
233.37,0.639839306
233.38,0.588379986
233.39,0.556171553
233.4,0.479617766
233.41,0.352251087
233.42,0.21277866
233.43,0.112598819
233.44,0.038825128
233.45,0.184256202
233.46,0.358945913
233.47,0.592648031
233.48,0.858240853
233.49,1.136020364
233.5,1.281779503
233.51,1.407950014
233.52,1.429254743
233.53,1.349036206
233.54,1.15011283
233.55,0.982778521
233.56,0.862099332
233.57,0.821116366
233.58,0.813943884
233.59,0.867092257
233.6,0.921526804
233.61,0.913623897
233.62,0.661978876
233.63,0.464725964
233.64,2.034149457
233.65,3.552431751
233.66,1.026994665
233.67,1.139321346
233.68,0.933563821
233.69,1.486531656
233.7,2.053245875
233.71,1.046242285
233.72,0.541470613
233.73,1.004799365
233.74,1.034139604
233.75,0.86038262
233.76,0.655167232
233.77,0.598999121
233.78,0.581929222
233.79,0.427440986
233.8,0.262000733
233.81,0.134423477
233.82,0.083722288
233.83,0.198883796
233.84,0.348558869
233.85,0.512857011
233.86,0.657587464
233.87,0.813773651
233.88,1.040968962
233.89,1.219154474
233.9,1.38639774
233.91,1.400529824
233.92,1.203187592
233.93,0.825286742
233.94,0.594588277
233.95,0.626570543
233.96,0.851432992
233.97,0.936705518
233.98,1.009132409
233.99,0.940080608
234,0.407888772
234.01,1.765210362
234.02,3.231805689
234.03,1.76533988
234.04,0.935830898
234.05,0.366053937
234.06,0.736371005
234.07,1.343293809
234.08,1.128545876
234.09,0.866361388
234.1,0.784932231
234.11,0.770876456
234.12,0.580318537
234.13,0.493061785
234.14,0.523497328
234.15,0.491562601
234.16,0.338694273
234.17,0.237619042
234.18,0.162584085
234.19,0.053590266
234.2,0.113455633
234.21,0.330588642
234.22,0.496883301
234.23,0.848307624
234.24,1.076520615
234.25,1.22819691
234.26,1.395627806
234.27,1.488310825
234.28,1.464128511
234.29,1.323109684
234.3,1.138861365
234.31,0.954979955
234.32,0.769445268
234.33,0.58173007
234.34,0.429100514
234.35,0.502740718
234.36,0.690853669
234.37,0.665376251
234.38,0.337692133
234.39,1.614165002
234.4,2.032664003
234.41,0.907685686
234.42,0.641872953
234.43,0.495018059
234.44,1.133878496
234.45,1.48582136
234.46,1.232364577
234.47,1.124519154
234.48,1.051639296
234.49,0.80231084
234.5,0.691665687
234.51,0.734248729
234.52,0.649020294
234.53,0.49637801
234.54,0.373764643
234.55,0.261653905
234.56,0.177895043
234.57,0.165201371
234.58,0.231861168
234.59,0.369879721
234.6,0.632039986
234.61,0.927168849
234.62,1.169249304
234.63,1.283086689
234.64,1.222365936
234.65,1.11442599
234.66,0.961320419
234.67,0.887427222
234.68,0.874110465
234.69,0.864663269
234.7,0.902415136
234.71,0.990223883
234.72,1.084063633
234.73,1.119332772
234.74,0.969529526
234.75,0.383431766
234.76,1.83112206
234.77,3.067190621
234.78,1.914252416
234.79,0.589106691
234.8,0.24818542
234.81,1.171211183
234.82,1.568198225
234.83,1.173821617
234.84,0.956695974
234.85,0.867638167
234.86,0.70811195
234.87,0.583580972
234.88,0.509453855
234.89,0.543996008
234.9,0.443466189
234.91,0.338893588
234.92,0.324390531
234.93,0.285024176
234.94,0.231370946
234.95,0.280382401
234.96,0.424424296
234.97,0.714704911
234.98,0.974869759
234.99,1.161509438
235,1.26321311
235.01,1.313472846
235.02,1.32386494
235.03,1.312553559
235.04,1.203846121
235.05,1.056792576
235.06,0.872586719
235.07,0.660985722
235.08,0.606398313
235.09,0.719202246
235.1,0.869436087
235.11,0.915425288
235.12,0.843696594
235.13,0.404200937
235.14,2.127635162
235.15,3.841220477
235.16,1.288049507
235.17,1.070926504
235.18,0.413728801
235.19,1.180099598
235.2,1.658908855
235.21,1.055200937
235.22,1.01424536
235.23,0.902701698
235.24,0.830038227
235.25,0.877604825
235.26,0.874921025
235.27,0.679032778
235.28,0.51450302
235.29,0.425962386
235.3,0.348718979
235.31,0.207895084
235.32,0.19569004
235.33,0.378793873
235.34,0.642081921
235.35,0.888146625
235.36,1.097866216
235.37,1.223896511
235.38,1.259653142
235.39,1.213680568
235.4,1.075328654
235.41,0.968693834
235.42,0.871067673
235.43,0.798114359
235.44,0.812450397
235.45,0.897999806
235.46,1.014133611
235.47,1.062643078
235.48,0.990640424
235.49,0.691325093
235.5,1.195682157
235.51,3.711199333
235.52,1.813418445
235.53,1.005120425
235.54,0.911658492
235.55,0.432968392
235.56,1.354018204
235.57,1.598573216
235.58,0.948013543
235.59,0.900228172
235.6,0.839048307
235.61,0.594187736
235.62,0.509927429
235.63,0.541694049
235.64,0.504506122
235.65,0.320046928
235.66,0.205150604
235.67,0.153175892
235.68,0.164410076
235.69,0.370639586
235.7,0.577324518
235.71,0.76968835
235.72,0.940104305
235.73,1.078533847
235.74,1.23249016
235.75,1.398794475
235.76,1.45357456
235.77,1.357470104
235.78,1.080414456
235.79,0.838198287
235.8,0.678774076
235.81,0.554746966
235.82,0.612999985
235.83,0.732222144
235.84,0.733921644
235.85,0.207269247
235.86,1.699005667
235.87,2.085965178
235.88,1.194048244
235.89,0.571732259
235.9,0.59517372
235.91,0.734794585
235.92,1.626041852
235.93,1.144449564
235.94,0.90525833
235.95,1.043037391
235.96,0.958239966
235.97,0.859950381
235.98,0.807916284
235.99,0.658954949
236,0.525472354
236.01,0.445399276
236.02,0.345788017
236.03,0.211074769
236.04,0.14011462
236.05,0.258751044
236.06,0.447029744
236.07,0.692105998
236.08,0.920886826
236.09,1.095377388
236.1,1.175318167
236.11,1.265329809
236.12,1.323601382
236.13,1.194840504
236.14,0.887218282
236.15,0.609897993
236.16,0.558314901
236.17,0.750591885
236.18,0.91429195
236.19,1.02968088
236.2,1.080085114
236.21,0.889840634
236.22,0.514076415
236.23,2.941794984
236.24,2.663963443
236.25,0.938230847
236.26,0.908529534
236.27,0.407540633
236.28,1.432771324
236.29,1.380660801
236.3,0.925831718
236.31,0.990561488
236.32,1.100466408
236.33,0.834893426
236.34,0.618521353
236.35,0.561477673
236.36,0.600238182
236.37,0.543338472
236.38,0.417208258
236.39,0.23422544
236.4,0.171642446
236.41,0.269607068
236.42,0.421975321
236.43,0.675054164
236.44,0.857246018
236.45,1.051963036
236.46,1.245483542
236.47,1.393149166
236.48,1.511937956
236.49,1.549099829
236.5,1.433037322
236.51,1.127551007
236.52,0.801955936
236.53,0.560925009
236.54,0.518430371
236.55,0.71196466
236.56,1.000969943
236.57,1.116245431
236.58,1.040095907
236.59,0.517728188
236.6,1.452081983
236.61,3.739167237
236.62,2.256109099
236.63,0.559222154
236.64,1.020745317
236.65,0.854967656
236.66,1.864315367
236.67,1.501286207
236.68,0.793089553
236.69,0.78085299
236.7,0.846009521
236.71,0.74780771
236.72,0.69560526
236.73,0.597667123
236.74,0.499340427
236.75,0.422614786
236.76,0.306210132
236.77,0.172849011
236.78,0.08739568
236.79,0.206467623
236.8,0.398191612
236.81,0.587495409
236.82,0.790671409
236.83,1.033771894
236.84,1.181136506
236.85,1.23092442
236.86,1.188141927
236.87,1.02112299
236.88,0.821803104
236.89,0.731116867
236.9,0.742161571
236.91,0.822201565
236.92,0.931627474
236.93,1.06766921
236.94,1.14718333
236.95,1.076103068
236.96,0.524661217
236.97,1.978639502
236.98,2.838550705
236.99,1.741761795
237,1.242273013
237.01,0.3853723
237.02,1.026972133
237.03,1.252727731
237.04,1.268265262
237.05,1.211652622
237.06,1.145036235
237.07,0.839750441
237.08,0.607955753
237.09,0.566044189
237.1,0.617646329
237.11,0.60078734
237.12,0.453951272
237.13,0.303418197
237.14,0.226618962
237.15,0.126641808
237.16,0.078459491
237.17,0.322582215
237.18,0.541723452
237.19,0.719701081
237.2,0.974530034
237.21,1.223749853
237.22,1.475769711
237.23,1.55975441
237.24,1.650637349
237.25,1.621797645
237.26,1.247073419
237.27,0.725917308
237.28,0.355364892
237.29,0.42098336
237.3,0.750293421
237.31,0.919116736
237.32,0.977609831
237.33,0.986149349
237.34,0.68509723
237.35,1.197913759
237.36,3.133004449
237.37,1.863158838
237.38,0.612900704
237.39,0.636264141
237.4,1.210096934
237.41,1.764014992
237.42,1.205150389
237.43,0.777712012
237.44,0.994453467
237.45,1.047726395
237.46,0.851063688
237.47,0.684779613
237.48,0.574619502
237.49,0.541575808
237.5,0.494434679
237.51,0.420927986
237.52,0.256155108
237.53,0.202723552
237.54,0.416751629
237.55,0.585223713
237.56,0.730209427
237.57,0.868048889
237.58,1.021310113
237.59,1.138584637
237.6,1.172243875
237.61,1.144798201
237.62,1.059917472
237.63,0.959211151
237.64,0.884687481
237.65,0.860597815
237.66,0.899623836
237.67,0.986497839
237.68,1.066580962
237.69,1.159424671
237.7,1.147116555
237.71,0.889930063
237.72,0.426864868
237.73,2.865384365
237.74,2.350928883
237.75,0.864517889
237.76,0.804817297
237.77,0.501748172
237.78,1.398289535
237.79,1.55524172
237.8,0.989974167
237.81,1.025646354
237.82,1.114891452
237.83,1.00421011
237.84,0.813310591
237.85,0.702874055
237.86,0.60238545
237.87,0.453664182
237.88,0.310849138
237.89,0.226739656
237.9,0.182918921
237.91,0.12965114
237.92,0.14389041
237.93,0.324594916
237.94,0.598977103
237.95,0.894436248
237.96,1.182124517
237.97,1.323729374
237.98,1.383170741
237.99,1.392282298
238,1.321093996
238.01,1.131345502
238.02,0.925271985
238.03,0.785977333
238.04,0.772039135
238.05,0.763271057
238.06,0.843612251
238.07,0.983860648
238.08,1.026518685
238.09,0.934262217
238.1,0.174633461
238.11,2.171852205
238.12,2.860587613
238.13,1.437850832
238.14,0.639602552
238.15,0.479303019
238.16,1.22532707
238.17,1.98991475
238.18,0.908165846
238.19,0.795939774
238.2,1.148316584
238.21,0.988081445
238.22,0.76380498
238.23,0.709808361
238.24,0.663428456
238.25,0.596226156
238.26,0.474860432
238.27,0.313966504
238.28,0.161950022
238.29,0.088129338
238.3,0.13582646
238.31,0.293739398
238.32,0.555478086
238.33,0.8326512
238.34,1.078906371
238.35,1.136808143
238.36,1.238726851
238.37,1.278281213
238.38,1.256655188
238.39,1.073527036
238.4,0.783906905
238.41,0.565579796
238.42,0.55583762
238.43,0.791956387
238.44,0.925782007
238.45,0.937043118
238.46,0.776523158
238.47,0.487213732
238.48,2.296079794
238.49,2.013017268
238.5,0.990094665
238.51,0.7171291
238.52,0.451284723
238.53,1.283264905
238.54,1.322404033
238.55,0.85922854
238.56,0.923582513
238.57,0.975245094
238.58,0.804625758
238.59,0.641687945
238.6,0.571420815
238.61,0.500612811
238.62,0.450149394
238.63,0.406923768
238.64,0.323193716
238.65,0.18657751
238.66,0.207124583
238.67,0.366805129
238.68,0.583746666
238.69,0.794693475
238.7,1.011839112
238.71,1.199844295
238.72,1.364094111
238.73,1.420041288
238.74,1.390906952
238.75,1.2691452
238.76,1.123833168
238.77,0.980828824
238.78,0.812419229
238.79,0.68302383
238.8,0.695667124
238.81,0.875241648
238.82,1.05122814
238.83,1.018973098
238.84,0.577255755
238.85,1.62526523
238.86,2.97613289
238.87,2.042526126
238.88,0.508297425
238.89,1.144516055
238.9,0.972257636
238.91,1.914964999
238.92,1.783311796
238.93,0.94022991
238.94,0.722049139
238.95,0.935137662
238.96,0.87279074
238.97,0.732010087
238.98,0.581325912
238.99,0.46884542
239,0.383720726
239.01,0.266179799
239.02,0.177639615
239.03,0.128065065
239.04,0.151065114
239.05,0.260956375
239.06,0.45716076
239.07,0.664882831
239.08,0.917390986
239.09,1.129928128
239.1,1.243279793
239.11,1.247240823
239.12,1.156154589
239.13,0.942360087
239.14,0.781306581
239.15,0.712299347
239.16,0.718389495
239.17,0.787822107
239.18,0.903975548
239.19,1.036447646
239.2,1.092652562
239.21,0.945535536
239.22,0.187176988
239.23,2.430515669
239.24,2.479178852
239.25,1.580453483
239.26,0.944068703
239.27,0.595838441
239.28,0.884555217
239.29,1.432493126
239.3,1.033225296
239.31,1.031737623
239.32,0.996339432
239.33,0.83446071
239.34,0.590489884
239.35,0.529464149
239.36,0.54479964
239.37,0.474688937
239.38,0.380798636
239.39,0.290821691
239.4,0.222315811
239.41,0.048520351
239.42,0.163627483
239.43,0.453767576
239.44,0.766261467
239.45,1.008049312
239.46,1.200046874
239.47,1.375873
239.48,1.456465041
239.49,1.463639532
239.5,1.312543242
239.51,1.04360588
239.52,0.78252456
239.53,0.633317663
239.54,0.63398078
239.55,0.759117378
239.56,0.948570291
239.57,1.044255105
239.58,0.877542694
239.59,0.331468192
239.6,2.840172379
239.61,3.191775235
239.62,0.674864856
239.63,1.140184584
239.64,1.033939731
239.65,1.68006887
239.66,2.024822354
239.67,1.107457694
239.68,0.851028457
239.69,1.183778456
239.7,1.017976429
239.71,0.782600771
239.72,0.62573036
239.73,0.488277425
239.74,0.393830231
239.75,0.379049583
239.76,0.365338462
239.77,0.314575218
239.78,0.229898183
239.79,0.301109067
239.8,0.480820482
239.81,0.617976653
239.82,0.917657679
239.83,1.139735189
239.84,1.279153123
239.85,1.412299354
239.86,1.482325473
239.87,1.334350969
239.88,1.076329405
239.89,0.888989697
239.9,0.735625306
239.91,0.718056725
239.92,0.789949357
239.93,0.895665059
239.94,0.94211042
239.95,0.746768602
239.96,0.328274322
239.97,2.592235875
239.98,2.45298212
239.99,1.158236847
240,0.965946476
240.01,0.877348959
240.02,0.935589263
240.03,1.403999271
240.04,0.664035566
240.05,0.810690425
240.06,1.052519967
240.07,0.821409686
240.08,0.587718908
240.09,0.495968751
240.1,0.466173471
240.11,0.365857683
240.12,0.312391122
240.13,0.306004269
240.14,0.254045612
240.15,0.123087728
240.16,0.157818269
240.17,0.401568247
240.18,0.712856832
240.19,1.103136643
240.2,1.340692949
240.21,1.315725308
240.22,1.254312582
240.23,1.31092737
240.24,1.386805351
240.25,1.230599849
240.26,1.045369101
240.27,0.995330001
240.28,0.946337722
240.29,0.907046707
240.3,0.738601281
240.31,0.181341237
240.32,1.687447624
240.33,2.766935544
240.34,1.685324944
240.35,0.856480573
240.36,1.552239642
240.37,1.244658748
240.38,1.866763991
240.39,1.550552416
240.4,1.063473883
240.41,1.382112289
240.42,1.49960376
240.43,1.091249685
240.44,0.850013614
240.45,0.782856824
240.46,0.621635918
240.47,0.435026185
240.48,0.316838284
240.49,0.232744258
240.5,0.286006239
240.51,0.525527879
240.52,0.727355034
240.53,0.856421432
240.54,1.012026439
240.55,1.122698918
240.56,1.201374414
240.57,1.199263152
240.58,1.121527195
240.59,0.895293577
240.6,0.66154089
240.61,0.587237629
240.62,0.641995681
240.63,0.846924963
240.64,1.02114811
240.65,1.037705525
240.66,0.874189927
240.67,0.542903573
240.68,0.215121223
240.69,1.130348411
240.7,2.07862533
240.71,2.011443943
240.72,0.822629101
240.73,0.549870755
240.74,0.926515442
240.75,1.377470878
240.76,1.220276001
240.77,0.942920154
240.78,0.890074744
240.79,0.953974677
240.8,0.848154524
240.81,0.60893402
240.82,0.374244335
240.83,0.21514198
240.84,0.110665695
240.85,0.204595154
240.86,0.403293491
240.87,0.644398797
240.88,0.878142345
240.89,1.056822871
240.9,1.210108172
240.91,1.302581075
240.92,1.366011428
240.93,1.411174314
240.94,1.383829943
240.95,1.291788417
240.96,1.127258665
240.97,0.972980081
240.98,0.942166034
240.99,0.722568033
241,0.645268286
241.01,0.675854804
241.02,0.62845149
241.03,0.194703498
241.04,1.9606795
241.05,2.635128909
241.06,1.037969184
241.07,0.663538578
241.08,1.156465434
241.09,1.529373823
241.1,1.451425052
241.11,1.434020116
241.12,1.193383595
241.13,0.923072535
241.14,0.76209985
241.15,0.642416788
241.16,0.475823397
241.17,0.320369997
241.18,0.172898595
241.19,0.070304871
241.2,0.098784213
241.21,0.258597979
241.22,0.495478881
241.23,0.694415705
241.24,0.925905117
241.25,1.10892605
241.26,1.187416712
241.27,1.225341932
241.28,1.210127349
241.29,1.085655526
241.3,0.905283747
241.31,0.760348855
241.32,0.712329769
241.33,0.798245368
241.34,0.918370394
241.35,1.008884092
241.36,1.077137181
241.37,0.897745473
241.38,0.880373564
241.39,3.039445708
241.4,2.642009606
241.41,1.276575614
241.42,0.761659069
241.43,0.389579778
241.44,1.729037532
241.45,1.477007697
241.46,1.07685003
241.47,1.148431731
241.48,0.927118355
241.49,0.685020912
241.5,0.666196647
241.51,0.575304948
241.52,0.372903973
241.53,0.176806729
241.54,0.083852846
241.55,0.110442477
241.56,0.289132572
241.57,0.54353554
241.58,0.786800571
241.59,1.031912373
241.6,1.239564358
241.61,1.375725627
241.62,1.425167635
241.63,1.400974335
241.64,1.367547576
241.65,1.297821727
241.66,1.091161629
241.67,0.969881914
241.68,0.845409477
241.69,0.720129491
241.7,0.706533053
241.71,0.767843812
241.72,0.914916177
241.73,0.913621707
241.74,0.805153949
241.75,0.929504637
241.76,2.987518711
241.77,1.859317585
241.78,0.695748764
241.79,0.5982607
241.8,1.924175415
241.81,1.629281804
241.82,1.350354858
241.83,1.36192898
241.84,1.044258389
241.85,0.835408881
241.86,0.790387089
241.87,0.664769845
241.88,0.503169859
241.89,0.436065719
241.9,0.365325167
241.91,0.183869778
241.92,0.159055963
241.93,0.330104301
241.94,0.533758381
241.95,0.785379283
241.96,1.071090629
241.97,1.258728764
241.98,1.334001356
241.99,1.286092849
242,1.205386278
242.01,1.074332397
242.02,0.92181376
242.03,0.811488433
242.04,0.767800398
242.05,0.787215616
242.06,0.828064539
242.07,0.965343024
242.08,1.143572571
242.09,1.269416458
242.1,1.234574676
242.11,1.046225859
242.12,0.646255395
242.13,1.56835544
242.14,4.296294472
242.15,2.496849721
242.16,0.684528701
242.17,0.419433234
242.18,1.280387224
242.19,1.883654162
242.2,1.618793486
242.21,1.293183965
242.22,0.957784014
242.23,0.718309381
242.24,0.655004184
242.25,0.583190521
242.26,0.478418804
242.27,0.374389984
242.28,0.258244301
242.29,0.102251529
242.3,0.123811213
242.31,0.354406647
242.32,0.628714606
242.33,0.926162038
242.34,1.290134847
242.35,1.476635056
242.36,1.585837654
242.37,1.591251052
242.38,1.501815561
242.39,1.273222716
242.4,0.986411539
242.41,0.677620849
242.42,0.429961495
242.43,0.406472621
242.44,0.686130902
242.45,0.965914778
242.46,1.179203641
242.47,1.292160909
242.48,1.186593897
242.49,0.784881503
242.5,1.550601779
242.51,3.122675124
242.52,1.94005417
242.53,0.720601291
242.54,0.565615927
242.55,1.590711792
242.56,1.762793535
242.57,1.328867465
242.58,1.336126734
242.59,1.166674976
242.6,0.870536069
242.61,0.761646195
242.62,0.683140462
242.63,0.490577884
242.64,0.349791454
242.65,0.230568116
242.66,0.101046695
242.67,0.068649875
242.68,0.142668525
242.69,0.394859574
242.7,0.73277972
242.71,1.078665615
242.72,1.287742995
242.73,1.375237867
242.74,1.230099056
242.75,0.987666197
242.76,0.741091776
242.77,0.584960344
242.78,0.559149192
242.79,0.626974661
242.8,0.845385029
242.81,1.119424649
242.82,1.324966309
242.83,1.459597313
242.84,1.31957566
242.85,0.783708294
242.86,1.417530447
242.87,3.664047627
242.88,2.033361645
242.89,0.598032857
242.9,0.657681847
242.91,1.384164843
242.92,1.871903659
242.93,1.464609341
242.94,1.064238499
242.95,1.080118614
242.96,0.867100326
242.97,0.625537509
242.98,0.534493926
242.99,0.506242343
243,0.405258442
243.01,0.250624501
243.02,0.099294103
243.03,0.145503464
243.04,0.466424657
243.05,0.681396758
243.06,0.841802112
243.07,0.999450866
243.08,1.189384781
243.09,1.328020355
243.1,1.349713384
243.11,1.42886806
243.12,1.48170421
243.13,1.464725195
243.14,1.248740532
243.15,0.881718934
243.16,0.577582828
243.17,0.445297033
243.18,0.838970821
243.19,1.215493377
243.2,1.249579846
243.21,1.061106369
243.22,0.764416779
243.23,0.905112046
243.24,4.10413902
243.25,2.754264926
243.26,0.701832372
243.27,0.758228379
243.28,1.432815665
243.29,1.937642487
243.3,1.3348933
243.31,1.134197403
243.32,1.122746491
243.33,1.004323048
243.34,0.841432607
243.35,0.635730345
243.36,0.557576429
243.37,0.564832803
243.38,0.475889555
243.39,0.255828657
243.4,0.046384526
243.41,0.297890662
243.42,0.599610382
243.43,0.878257693
243.44,1.107616814
243.45,1.243928467
243.46,1.296837933
243.47,1.258378876
243.48,1.032574208
243.49,0.836076396
243.5,0.740420372
243.51,0.693889051
243.52,0.64795183
243.53,0.71126224
243.54,0.882303254
243.55,1.053612317
243.56,1.241453507
243.57,1.344586662
243.58,1.123951236
243.59,0.435778649
243.6,2.428670743
243.61,3.1845218
243.62,1.603346069
243.63,1.049651989
243.64,0.569241228
243.65,1.070904705
243.66,1.760144721
243.67,1.448353898
243.68,1.186128722
243.69,1.04762118
243.7,0.691888376
243.71,0.607771324
243.72,0.635621492
243.73,0.517557993
243.74,0.345370675
243.75,0.248379015
243.76,0.145554166
243.77,0.120175313
243.78,0.372989838
243.79,0.6878263
243.8,0.895681707
243.81,1.130190018
243.82,1.273068335
243.83,1.389450629
243.84,1.487207697
243.85,1.519629276
243.86,1.378747448
243.87,1.148881305
243.88,0.923118529
243.89,0.662850042
243.9,0.49579545
243.91,0.598428206
243.92,0.885937817
243.93,1.12212512
243.94,1.220568045
243.95,1.093522496
243.96,0.46087772
243.97,2.047377924
243.98,3.316484003
243.99,1.668348719
244,0.71907756
244.01,0.403017989
244.02,1.775161163
244.03,1.680226324
244.04,1.028170817
244.05,1.143959561
244.06,1.094338619
244.07,0.762185144
244.08,0.672682875
244.09,0.6522233
244.1,0.553585189
244.11,0.425849311
244.12,0.278443719
244.13,0.20151832
244.14,0.120956153
244.15,0.098794664
244.16,0.327413658
244.17,0.532319463
244.18,0.776965723
244.19,1.067009784
244.2,1.309743056
244.21,1.436709565
244.22,1.427396908
244.23,1.214160088
244.24,1.059442093
244.25,0.885725831
244.26,0.611392819
244.27,0.660420232
244.28,0.864084389
244.29,1.062776417
244.3,1.224864164
244.31,1.292711608
244.32,1.241200067
244.33,0.566233994
244.34,2.053739156
244.35,3.703626707
244.36,1.44418942
244.37,0.417749599
244.38,0.459132419
244.39,1.296747385
244.4,1.584814754
244.41,1.14283779
244.42,1.125868325
244.43,0.913802023
244.44,0.693211929
244.45,0.662647183
244.46,0.540415625
244.47,0.425152163
244.48,0.365146598
244.49,0.284612173
244.5,0.147438187
244.51,0.225123351
244.52,0.465218337
244.53,0.70968477
244.54,0.909889669
244.55,1.126271711
244.56,1.307846342
244.57,1.423553621
244.58,1.472566633
244.59,1.466728705
244.6,1.295400161
244.61,1.092436186
244.62,0.935078636
244.63,0.788305469
244.64,0.680798072
244.65,0.667356143
244.66,0.774841338
244.67,0.90773725
244.68,0.912144609
244.69,0.819757061
244.7,2.115954816
244.71,2.853144515
244.72,0.961766335
244.73,0.892258012
244.74,0.608173192
244.75,1.479532616
244.76,1.77775119
244.77,1.384084419
244.78,1.322246689
244.79,1.055961271
244.8,0.822387853
244.81,0.780492839
244.82,0.617710401
244.83,0.471594077
244.84,0.405515525
244.85,0.293180451
244.86,0.158485038
244.87,0.246781299
244.88,0.42091591
244.89,0.631869897
244.9,0.870120305
244.91,1.071404514
244.92,1.185335814
244.93,1.209272435
244.94,1.157051482
244.95,1.082964788
244.96,1.041592164
244.97,1.013225882
244.98,0.961333059
244.99,0.870395889
245,0.817327387
245.01,0.909309573
245.02,1.036857644
245.03,1.100102231
245.04,1.094735751
245.05,0.868009258
245.06,0.736851549
245.07,3.496326351
245.08,1.874710284
245.09,0.553215447
245.1,0.445442204
245.11,0.781251472
245.12,1.613675936
245.13,1.720779128
245.14,1.335916438
245.15,1.012718365
245.16,0.929309078
245.17,0.945040903
245.18,0.85214206
245.19,0.661610697
245.2,0.478311131
245.21,0.357035008
245.22,0.235610188
245.23,0.094670314
245.24,0.214269881
245.25,0.50870946
245.26,0.782379521
245.27,1.000484461
245.28,1.277970697
245.29,1.370286235
245.3,1.449314073
245.31,1.499938551
245.32,1.524642119
245.33,1.413588912
245.34,1.185154452
245.35,0.986109014
245.36,0.81149981
245.37,0.683261346
245.38,0.626817672
245.39,0.690430868
245.4,0.760631948
245.41,0.758429368
245.42,1.17292122
245.43,3.098395854
245.44,2.160072168
245.45,0.40809156
245.46,1.083708808
245.47,0.87757956
245.48,1.952165384
245.49,1.676661953
245.5,1.29862272
245.51,1.177837762
245.52,1.042124519
245.53,0.862751883
245.54,0.57580732
245.55,0.491308737
245.56,0.407712727
245.57,0.322903113
245.58,0.19487472
245.59,0.08212347
245.6,0.187664619
245.61,0.510145724
245.62,0.784555453
245.63,0.99783848
245.64,1.158378465
245.65,1.236458311
245.66,1.22180314
245.67,1.164848564
245.68,1.070126558
245.69,0.972829244
245.7,0.82619711
245.71,0.786446882
245.72,0.834739331
245.73,0.921354351
245.74,0.98393754
245.75,1.049483725
245.76,1.073851407
245.77,1.097634465
245.78,0.607611877
245.79,2.947401707
245.8,3.521276595
245.81,1.559310139
245.82,0.706741801
245.83,0.326668952
245.84,1.195561222
245.85,1.864953827
245.86,1.583413701
245.87,0.970371297
245.88,0.700481818
245.89,0.638099146
245.9,0.580417696
245.91,0.509026724
245.92,0.463141421
245.93,0.42057077
245.94,0.32764032
245.95,0.188948215
245.96,0.128320672
245.97,0.377119151
245.98,0.654324048
245.99,0.949980181
246,1.188446364
246.01,1.338015613
246.02,1.440264069
246.03,1.556303863
246.04,1.613399387
246.05,1.621805483
246.06,1.395078805
246.07,1.030519225
246.08,0.72239181
246.09,0.510257884
246.1,0.396849035
246.11,0.608926429
246.12,0.862840083
246.13,0.920225888
246.14,0.821858176
246.15,0.332356594
246.16,2.227971616
246.17,4.457321954
246.18,1.161964247
246.19,1.172412364
246.2,0.528433391
246.21,1.7311108
246.22,1.552868249
246.23,1.190725212
246.24,1.206325793
246.25,1.023769585
246.26,0.805016365
246.27,0.646808327
246.28,0.517387858
246.29,0.476409906
246.3,0.495411164
246.31,0.425651661
246.32,0.219410076
246.33,0.136023867
246.34,0.324450329
246.35,0.560961203
246.36,0.765048607
246.37,0.983368387
246.38,1.196187668
246.39,1.306142075
246.4,1.281610018
246.41,1.1599138
246.42,0.988904924
246.43,0.795761003
246.44,0.644275982
246.45,0.62249485
246.46,0.754447298
246.47,0.926839954
246.48,1.084027242
246.49,1.213615919
246.5,1.191421626
246.51,0.829526657
246.52,1.201391024
246.53,3.49465142
246.54,2.742802727
246.55,1.097213202
246.56,0.461798421
246.57,0.798596652
246.58,1.451282747
246.59,1.428586046
246.6,1.289107772
246.61,1.075096676
246.62,0.678333419
246.63,0.537802915
246.64,0.521531893
246.65,0.448826681
246.66,0.338107037
246.67,0.276744641
246.68,0.22317603
246.69,0.17817596
246.7,0.253315084
246.71,0.45309121
246.72,0.714732631
246.73,0.940892519
246.74,1.129632623
246.75,1.264051656
246.76,1.325400335
246.77,1.351532146
246.78,1.372985046
246.79,1.224797297
246.8,0.988972955
246.81,0.790673567
246.82,0.651645031
246.83,0.664845744
246.84,0.861855267
246.85,0.994581662
246.86,1.039833851
246.87,0.773432169
246.88,0.823621072
246.89,3.212892936
246.9,2.528074393
246.91,0.742187383
246.92,0.609913982
246.93,0.620768937
246.94,1.988126304
246.95,1.491101298
246.96,0.764427498
246.97,1.109622574
246.98,1.082551547
246.99,0.764770365
247,0.56189473
247.01,0.569044574
247.02,0.527398792
247.03,0.431548088
247.04,0.343570209
247.05,0.203256525
247.06,0.105915695
247.07,0.229740793
247.08,0.389077452
247.09,0.602235563
247.1,0.863950376
247.11,1.068440046
247.12,1.213662549
247.13,1.306369118
247.14,1.374128576
247.15,1.289093149
247.16,0.966933
247.17,0.63742651
247.18,0.49190193
247.19,0.618229433
247.2,0.909309001
247.21,1.110033513
247.22,1.223145089
247.23,1.251636289
247.24,0.937163408
247.25,0.808436832
247.26,3.644956738
247.27,2.278249827
247.28,0.772275917
247.29,0.88834456
247.3,0.668952209
247.31,1.662302062
247.32,1.539029632
247.33,0.984735315
247.34,1.007204611
247.35,0.829834594
247.36,0.652185853
247.37,0.57798039
247.38,0.5547131
247.39,0.515658874
247.4,0.442952944
247.41,0.32957218
247.42,0.211141899
247.43,0.279491998
247.44,0.41801871
247.45,0.562583633
247.46,0.782664006
247.47,0.968154202
247.48,1.150001242
247.49,1.319795001
247.5,1.463492907
247.51,1.537675318
247.52,1.558272545
247.53,1.421060397
247.54,1.07461165
247.55,0.785111916
247.56,0.566462572
247.57,0.510514753
247.58,0.661794046
247.59,0.922513763
247.6,0.984908665
247.61,0.876388028
247.62,0.475833817
247.63,2.570372732
247.64,3.451892442
247.65,1.056304268
247.66,0.898053381
247.67,0.810744068
247.68,1.812557703
247.69,1.781378794
247.7,1.045348347
247.71,0.81845697
247.72,0.895992392
247.73,0.80458265
247.74,0.586623481
247.75,0.564557186
247.76,0.553523511
247.77,0.478019607
247.78,0.295324703
247.79,0.160656935
247.8,0.156169927
247.81,0.3399913
247.82,0.516812265
247.83,0.720993205
247.84,0.957903376
247.85,1.126550894
247.86,1.240039975
247.87,1.250526601
247.88,1.131392358
247.89,0.983807273
247.9,0.911585137
247.91,0.87120845
247.92,0.845525269
247.93,0.897507958
247.94,1.026075253
247.95,1.092439067
247.96,1.118603312
247.97,1.074588601
247.98,0.756841884
247.99,1.4908154
248,2.964610297
248.01,2.464606588
248.02,0.924258912
248.03,1.237457932
248.04,0.455703409
248.05,1.428586219
248.06,1.878813135
248.07,1.002962403
248.08,0.820346169
248.09,0.822879622
248.1,0.72393232
248.11,0.578446151
248.12,0.510086178
248.13,0.370845395
248.14,0.247730656
248.15,0.215174666
248.16,0.155347785
248.17,0.114495621
248.18,0.213431668
248.19,0.434348261
248.2,0.687000535
248.21,0.934671097
248.22,1.074119682
248.23,1.23606173
248.24,1.312155659
248.25,1.407028558
248.26,1.474908926
248.27,1.397033291
248.28,1.165131297
248.29,0.876309031
248.3,0.548624472
248.31,0.485843449
248.32,0.751169192
248.33,0.921738179
248.34,0.890531188
248.35,0.633245759
248.36,0.475716858
248.37,3.740213088
248.38,2.557124576
248.39,0.804579053
248.4,1.623151047
248.41,1.250788481
248.42,2.269994797
248.43,1.472988062
248.44,0.85339072
248.45,1.02604598
248.46,1.076659026
248.47,0.830306058
248.48,0.619830279
248.49,0.532204373
248.5,0.518895166
248.51,0.48431767
248.52,0.366000669
248.53,0.208916134
248.54,0.059852617
248.55,0.169067786
248.56,0.307238447
248.57,0.442584157
248.58,0.710852751
248.59,1.002288099
248.6,1.205572195
248.61,1.326199617
248.62,1.376661537
248.63,1.34218139
248.64,1.165691697
248.65,0.897402472
248.66,0.687525191
248.67,0.5884795
248.68,0.674070937
248.69,0.842923812
248.7,1.014232291
248.71,1.077568605
248.72,0.8166421
248.73,0.437614167
248.74,3.253489864
248.75,2.634687706
248.76,0.695983259
248.77,0.848262666
248.78,0.359019039
248.79,1.5505641
248.8,1.479566762
248.81,0.963161803
248.82,0.920626592
248.83,0.838217192
248.84,0.662122541
248.85,0.563975626
248.86,0.534781958
248.87,0.430763555
248.88,0.352764903
248.89,0.291784036
248.9,0.191336053
248.91,0.093151093
248.92,0.178528166
248.93,0.395760701
248.94,0.636524077
248.95,0.88374345
248.96,1.063715498
248.97,1.228313603
248.98,1.328667835
248.99,1.398352852
249,1.383073748
249.01,1.251357508
249.02,1.011787212
249.03,0.805257101
249.04,0.665978385
249.05,0.643504774
249.06,0.787019377
249.07,0.957863747
249.08,1.023536049
249.09,0.877384295
249.1,0.290071193
249.11,1.405057133
249.12,3.334988904
249.13,1.56482831
249.14,0.564217286
249.15,1.156670596
249.16,1.566259976
249.17,1.948800798
249.18,1.484246715
249.19,0.80763451
249.2,1.019341957
249.21,1.104883018
249.22,0.895901276
249.23,0.813001333
249.24,0.616081873
249.25,0.456249752
249.26,0.35454497
249.27,0.289566653
249.28,0.195873713
249.29,0.124076865
249.3,0.135380489
249.31,0.250687069
249.32,0.452115021
249.33,0.765340963
249.34,1.0361645
249.35,1.160567661
249.36,1.193897542
249.37,1.186502148
249.38,1.083993228
249.39,0.905377355
249.4,0.783629806
249.41,0.755534329
249.42,0.876937604
249.43,1.025585131
249.44,1.072831391
249.45,1.127687717
249.46,1.119870468
249.47,0.81526628
249.48,0.243315282
249.49,2.877147546
249.5,2.632176309
249.51,1.391786383
249.52,0.56725106
249.53,0.557741492
249.54,1.21200016
249.55,1.565056985
249.56,1.208835388
249.57,1.045645709
249.58,0.824285966
249.59,0.611419374
249.6,0.532779184
249.61,0.576588892
249.62,0.516763111
249.63,0.365284799
249.64,0.278511838
249.65,0.164874606
249.66,0.147718412
249.67,0.341225825
249.68,0.636821397
249.69,0.869432849
249.7,1.068411962
249.71,1.186074042
249.72,1.265295337
249.73,1.316089485
249.74,1.411956035
249.75,1.490888832
249.76,1.407182946
249.77,1.044044265
249.78,0.692971261
249.79,0.607502801
249.8,0.831720254
249.81,0.995930976
249.82,0.986009187
249.83,0.797419743
249.84,0.194512346
249.85,2.747575178
249.86,3.392316617
249.87,0.641915618
249.88,1.295417908
249.89,0.789466537
249.9,2.001505237
249.91,1.443083147
249.92,0.734820402
249.93,0.845311131
249.94,1.181109233
249.95,1.102407881
249.96,0.899364286
249.97,0.793137509
249.98,0.670864219
249.99,0.555778252
250,0.410808826
250.01,0.263971942
250.02,0.160792637
250.03,0.149550928
250.04,0.38837266
250.05,0.630568612
250.06,0.826041374
250.07,0.993375179
250.08,1.116833548
250.09,1.130864809
250.1,1.045878918
250.11,0.954295144
250.12,0.953387069
250.13,0.952678295
250.14,0.88810505
250.15,0.874677636
250.16,0.974241857
250.17,1.083719186
250.18,1.209697177
250.19,1.239611671
250.2,1.084326855
250.21,0.603209841
250.22,1.346339554
250.23,3.122938286
250.24,2.111610166
250.25,1.173597575
250.26,0.664086832
250.27,0.787064685
250.28,1.557007498
250.29,1.354123165
250.3,1.001309492
250.31,0.959500307
250.32,0.737971559
250.33,0.580043451
250.34,0.561681284
250.35,0.529986855
250.36,0.405107934
250.37,0.26460166
250.38,0.180102941
250.39,0.084868211
250.4,0.109615638
250.41,0.420815911
250.42,0.742378055
250.43,0.936107655
250.44,1.233469007
250.45,1.29643815
250.46,1.377071309
250.47,1.352624797
250.48,1.287885151
250.49,1.197907122
250.5,1.065005429
250.51,0.872124366
250.52,0.846636795
250.53,0.915792666
250.54,1.032959999
250.55,1.2161036
250.56,1.216784213
250.57,0.706598887
250.58,2.242402615
250.59,3.183006497
250.6,1.842098542
250.61,1.061130155
250.62,0.648737419
250.63,1.514690289
250.64,2.001640033
250.65,1.099129464
250.66,1.261530327
250.67,1.323700616
250.68,0.886074206
250.69,0.6211348
250.7,0.62603815
250.71,0.643388868
250.72,0.530330572
250.73,0.379941399
250.74,0.262332597
250.75,0.170862823
250.76,0.202709708
250.77,0.32028739
250.78,0.547571284
250.79,0.811556685
250.8,1.052173181
250.81,1.231047815
250.82,1.320239326
250.83,1.307693834
250.84,1.152776707
250.85,0.982681874
250.86,0.829595519
250.87,0.827528481
250.88,0.785177193
250.89,0.796115473
250.9,0.890914652
250.91,1.029474008
250.92,1.133351195
250.93,1.10419144
250.94,0.627148827
250.95,1.477839035
250.96,3.461220737
250.97,1.810655563
250.98,0.391238241
250.99,0.491635991
251,0.938221205
251.01,1.440466832
251.02,1.254967096
251.03,1.040651843
251.04,0.921521032
251.05,0.745541226
251.06,0.612558179
251.07,0.59876253
251.08,0.529371446
251.09,0.432939488
251.1,0.354886842
251.11,0.257548801
251.12,0.14558965
251.13,0.220121571
251.14,0.454272324
251.15,0.771774445
251.16,1.036868364
251.17,1.262565259
251.18,1.43167938
251.19,1.500487677
251.2,1.583851515
251.21,1.547202728
251.22,1.280034881
251.23,1.049392764
251.24,0.886358706
251.25,0.69876562
251.26,0.52595367
251.27,0.510039387
251.28,0.667719934
251.29,0.861129048
251.3,0.843091807
251.31,0.456843644
251.32,1.943323128
251.33,2.875869298
251.34,1.164422733
251.35,0.946500493
251.36,0.815334349
251.37,1.26413194
251.38,1.828310738
251.39,1.140054325
251.4,1.214333191
251.41,1.226946305
251.42,0.818703769
251.43,0.681248003
251.44,0.683872734
251.45,0.589959203
251.46,0.479260875
251.47,0.360298228
251.48,0.211810044
251.49,0.115671908
251.5,0.192873838
251.51,0.355759474
251.52,0.634355736
251.53,0.916369027
251.54,1.122776529
251.55,1.258115551
251.56,1.257282247
251.57,1.146892728
251.58,0.981065683
251.59,0.909948122
251.6,0.894921606
251.61,0.835352334
251.62,0.784613897
251.63,0.850242537
251.64,0.98396179
251.65,1.122969608
251.66,1.173209326
251.67,1.019645017
251.68,0.485422584
251.69,2.930317394
251.7,3.02778686
251.71,1.825506057
251.72,0.571593385
251.73,0.164657473
251.74,1.066535915
251.75,1.718556276
251.76,1.302393376
251.77,1.129730693
251.78,0.974172063
251.79,0.673044535
251.8,0.505615465
251.81,0.513840729
251.82,0.500393742
251.83,0.3891077
251.84,0.270312829
251.85,0.120852249
251.86,0.114923421
251.87,0.404649972
251.88,0.687866685
251.89,0.894959858
251.9,1.056886118
251.91,1.263197363
251.92,1.426055447
251.93,1.546714815
251.94,1.594556347
251.95,1.48815662
251.96,1.18529441
251.97,0.912092281
251.98,0.637781801
251.99,0.456075456
252,0.481344905
252.01,0.734200511
252.02,0.941148523
252.03,0.966579476
252.04,0.680523672
252.05,1.126139352
252.06,3.714796448
252.07,2.292249134
252.08,0.490661812
252.09,0.995300031
252.1,1.257741977
252.11,1.762451629
252.12,1.018874562
252.13,0.820339531
252.14,1.088664706
252.15,0.986612863
252.16,0.831747024
252.17,0.672030291
252.18,0.549217437
252.19,0.49396701
252.2,0.488820245
252.21,0.389582633
252.22,0.221619546
252.23,0.208073445
252.24,0.41190849
252.25,0.626721825
252.26,0.848534391
252.27,1.010166159
252.28,1.160057066
252.29,1.268132322
252.3,1.291051232
252.31,1.139529167
252.32,0.930549439
252.33,0.818033665
252.34,0.802228168
252.35,0.811807703
252.36,0.798315912
252.37,0.806100691
252.38,0.94208714
252.39,1.074551006
252.4,1.149927299
252.41,1.039526445
252.42,0.408920279
252.43,2.688017356
252.44,4.040682226
252.45,1.819761803
252.46,0.760492026
252.47,0.122910938
252.48,1.301996738
252.49,1.543547113
252.5,0.958366367
252.51,0.817468124
252.52,0.711743775
252.53,0.619267691
252.54,0.58013023
252.55,0.634472946
252.56,0.592253058
252.57,0.447406233
252.58,0.290384533
252.59,0.160918077
252.6,0.040439808
252.61,0.231584396
252.62,0.500819629
252.63,0.794199491
252.64,1.060778596
252.65,1.234271628
252.66,1.336216263
252.67,1.41163521
252.68,1.429214094
252.69,1.366567716
252.7,1.110244357
252.71,0.836393429
252.72,0.659701637
252.73,0.615232003
252.74,0.755715518
252.75,0.954224065
252.76,1.097914697
252.77,1.107941729
252.78,0.908240727
252.79,0.308894259
252.8,1.883956484
252.81,3.636961413
252.82,1.791720329
252.83,0.676721061
252.84,0.848803415
252.85,1.497946968
252.86,2.075338853
252.87,1.410247281
252.88,0.804400048
252.89,1.022125654
252.9,0.987217668
252.91,0.770489958
252.92,0.687082502
252.93,0.595795855
252.94,0.452651353
252.95,0.333415275
252.96,0.240934479
252.97,0.108979798
252.98,0.050626503
252.99,0.12289914
253,0.256187929
253.01,0.492393025
253.02,0.700105629
253.03,1.004498439
253.04,1.215924787
253.05,1.373292078
253.06,1.466163701
253.07,1.364377708
253.08,1.147463574
253.09,0.949874608
253.1,0.714803238
253.11,0.523294614
253.12,0.857833156
253.13,1.152474186
253.14,1.170013041
253.15,1.24912596
253.16,1.147380767
253.17,0.409936686
253.18,3.467580781
253.19,3.818870798
253.2,1.41501232
253.21,0.96838261
253.22,0.197376179
253.23,1.418769128
253.24,1.484081138
253.25,1.017275528
253.26,1.006501389
253.27,0.975429562
253.28,0.743451632
253.29,0.640210339
253.3,0.615701869
253.31,0.602444865
253.32,0.533289924
253.33,0.393848237
253.34,0.250480712
253.35,0.103996548
253.36,0.220338956
253.37,0.515750069
253.38,0.701929305
253.39,0.840925516
253.4,0.99118448
253.41,1.14083934
253.42,1.241237342
253.43,1.306720885
253.44,1.443307435
253.45,1.584628932
253.46,1.594904332
253.47,1.362834506
253.48,0.889208832
253.49,0.356716003
253.5,0.376137733
253.51,0.723308988
253.52,0.836308674
253.53,0.902866237
253.54,0.919238823
253.55,0.563155588
253.56,1.542768447
253.57,3.82970482
253.58,2.410867914
253.59,0.497137292
253.6,1.631023561
253.61,1.024943013
253.62,2.136922782
253.63,1.722227969
253.64,0.953083548
253.65,0.860643277
253.66,0.891438567
253.67,0.750654643
253.68,0.748779078
253.69,0.718311323
253.7,0.613012686
253.71,0.463017306
253.72,0.312949354
253.73,0.204581318
253.74,0.135253852
253.75,0.175344452
253.76,0.355381207
253.77,0.546263063
253.78,0.748594147
253.79,0.929421601
253.8,1.088105657
253.81,1.198616011
253.82,1.244957524
253.83,1.202577837
253.84,1.144756638
253.85,1.076795396
253.86,1.006338543
253.87,0.911373917
253.88,0.855014998
253.89,0.802143945
253.9,0.854085838
253.91,0.986648825
253.92,1.091133898
253.93,1.078817111
253.94,0.967037993
253.95,1.312172239
253.96,2.895265741
253.97,3.787331851
253.98,2.96577877
253.99,1.997459314
254,0.570597203
254.01,1.81703138
254.02,2.002093652
254.03,0.959846241
254.04,0.912948895
254.05,1.079602559
254.06,0.74690221
254.07,0.531804979
254.08,0.42559548
254.09,0.483511644
254.1,0.465516563
254.11,0.323125661
254.12,0.159520464
254.13,0.090662927
254.14,0.110826993
254.15,0.190234869
254.16,0.348854421
254.17,0.498867677
254.18,0.669746888
254.19,0.877604631
254.2,1.012913901
254.21,1.350888312
254.22,1.606905635
254.23,1.580092062
254.24,1.49768666
254.25,1.395779625
254.26,1.244796052
254.27,0.966100003
254.28,0.675923518
254.29,0.500941818
254.3,0.60611785
254.31,0.885656552
254.32,0.986205098
254.33,0.726669232
254.34,0.194660597
254.35,1.933479581
254.36,5.066046675
254.37,2.518584676
254.38,0.967566955
254.39,1.686948502
254.4,0.61400576
254.41,2.289126439
254.42,2.260267882
254.43,0.710580891
254.44,0.287874729
254.45,0.926819328
254.46,1.069354001
254.47,0.686128227
254.48,0.531223479
254.49,0.522612602
254.5,0.388338102
254.51,0.277205527
254.52,0.184851592
254.53,0.12765811
254.54,0.162696983
254.55,0.228985577
254.56,0.356752451
254.57,0.581017948
254.58,0.76663929
254.59,0.913961104
254.6,0.978765903
254.61,1.098151578
254.62,1.28594404
254.63,1.457952613
254.64,1.473001873
254.65,1.122358015
254.66,0.670303366
254.67,0.543072066
254.68,0.58239862
254.69,0.685973977
254.7,0.839610613
254.71,0.985855126
254.72,1.100588721
254.73,0.918647277
254.74,0.093530932
254.75,2.939234443
254.76,4.091957421
254.77,2.325533758
254.78,2.491659679
254.79,1.556389403
254.8,0.423661334
254.81,1.581429627
254.82,1.451176336
254.83,0.683499465
254.84,0.416096032
254.85,0.744313168
254.86,0.751390387
254.87,0.571256427
254.88,0.501577923
254.89,0.389702016
254.9,0.321952957
254.91,0.221605054
254.92,0.110615829
254.93,0.188451876
254.94,0.257163529
254.95,0.282845564
254.96,0.323914944
254.97,0.405451237
254.98,0.470417214
254.99,0.573173711
255,0.779634945
255.01,0.944051889
255.02,1.021269459
255.03,1.028719647
255.04,1.083506214
255.05,1.227341528
255.06,1.145528032
255.07,0.949172488
255.08,0.805355951
255.09,0.739740935
255.1,0.731205059
255.11,0.646873512
255.12,0.221766414
255.13,1.636576379
255.14,2.277280073
255.15,3.342106407
255.16,2.429785951
255.17,1.774875112
255.18,1.609501839
255.19,0.660298549
255.2,0.878698002
255.21,1.732383595
255.22,1.709617834
255.23,0.895941967
255.24,0.138785148
255.25,0.449543639
255.26,0.51785504
255.27,0.586788853
255.28,0.640486679
255.29,0.467421433
255.3,0.178427948
255.31,0.098462412
255.32,0.181123755
255.33,0.391220806
255.34,0.515328269
255.35,0.520148564
255.36,0.520785263
255.37,0.534750471
255.38,0.477763552
255.39,0.416797108
255.4,0.458635955
255.41,0.566172359
255.42,0.609848807
255.43,0.621614019
255.44,0.652354132
255.45,0.67899194
255.46,0.728051321
255.47,0.698896145
255.48,0.521008574
255.49,0.278654456
255.5,0.132778146
255.51,0.061509292
255.52,0.083676922
255.53,0.17227723
255.54,0.15115228
255.55,1.012121945
255.56,2.252190236
255.57,1.905606302
255.58,1.353240199
255.59,1.154848955
255.6,0.691623763
255.61,0.521565372
255.62,0.602496709
255.63,0.667003824
255.64,0.475549224
255.65,0.271788207
255.66,0.235588223
255.67,0.210585355
255.68,0.17468628
255.69,0.255765518
255.7,0.317212584
255.71,0.24532598
255.72,0.201565732
255.73,0.233041577
255.74,0.276428849
255.75,0.314287036
255.76,0.370263618
255.77,0.407087882
255.78,0.454814934
255.79,0.482902366
255.8,0.46932809
255.81,0.411404355
255.82,0.37783855
255.83,0.387473294
255.84,0.403693484
255.85,0.413506485
255.86,0.425094761
255.87,0.424189046
255.88,0.425132803
255.89,0.403131553
255.9,0.361353421
255.91,0.313823907
255.92,0.27923675
255.93,0.269768466
255.94,0.273373424
255.95,0.248136536
255.96,0.200265486
255.97,0.177562474
255.98,0.144205927
255.99,0.164670813
256,0.137583733
256.01,0.110711867
256.02,0.122387312
256.03,0.164461244
256.04,0.218757354
256.05,0.203039828
256.06,0.189665038
256.07,0.326475763
256.08,0.543125795
256.09,0.612869664
256.1,0.754503484
256.11,0.741773537
256.12,0.611876921
256.13,0.529271468
256.14,0.512818693
256.15,0.543789358
256.16,0.441543827
256.17,0.353097089
256.18,0.297313148
256.19,0.299435436
256.2,0.277586777
256.21,0.1798899
256.22,0.069822891
256.23,0.155849596
256.24,0.235431097
256.25,0.246264835
256.26,0.246583055
256.27,0.245896319
256.28,0.269355116
256.29,0.308967658
256.3,0.331910752
256.31,0.342910162
256.32,0.296920254
256.33,0.269072374
256.34,0.245989875
256.35,0.263354922
256.36,0.267618331
256.37,0.239869477
256.38,0.257417778
256.39,0.290907177
256.4,0.309007163
256.41,0.28822478
256.42,0.246716726
256.43,0.202653993
256.44,0.186310175
256.45,0.216321129
256.46,0.236213012
256.47,0.239570345
256.48,0.218068459
256.49,0.186698119
256.5,0.177800603
256.51,0.167893146
256.52,0.171577856
256.53,0.170056806
256.54,0.172228702
256.55,0.201739705
256.56,0.267925037
256.57,0.218563948
256.58,0.159555196
256.59,0.116655088
256.6,0.138256767
256.61,0.138666523
256.62,0.226901142
256.63,0.444460818
256.64,0.478043584
256.65,0.538670731
256.66,0.730353642
256.67,0.717997817
256.68,0.571996237
256.69,0.536097057
256.7,0.613243166
256.71,0.520337574
256.72,0.402913631
256.73,0.371824153
256.74,0.290874888
256.75,0.212003274
256.76,0.198125428
256.77,0.201656065
256.78,0.184270586
256.79,0.146690436
256.8,0.121791272
256.81,0.097320009
256.82,0.083823108
256.83,0.129525563
256.84,0.173305071
256.85,0.208968183
256.86,0.242458963
256.87,0.276153266
256.88,0.305168821
256.89,0.308212873
256.9,0.307923263
256.91,0.297835979
256.92,0.314238157
256.93,0.331495309
256.94,0.322653955
256.95,0.296807338
256.96,0.263934008
256.97,0.293496699
256.98,0.280322247
256.99,0.24332585
257,0.241230207
257.01,0.25596021
257.02,0.257848683
257.03,0.251097144
257.04,0.242375522
257.05,0.222299125
257.06,0.220425026
257.07,0.176939847
257.08,0.15513395
257.09,0.148115797
257.1,0.135289726
257.11,0.115168067
257.12,0.101982902
257.13,0.108135319
257.14,0.116984387
257.15,0.084452329
257.16,0.036794239
257.17,0.071353878
257.18,0.125255556
257.19,0.135825603
257.2,0.138910687
257.21,0.19554541
257.22,0.253659201
257.23,0.2296804
257.24,0.191006867
257.25,0.269831283
257.26,0.38478789
257.27,0.472319117
257.28,0.458253036
257.29,0.353257562
257.3,0.271987645
257.31,0.230574511
257.32,0.194440052
257.33,0.155545722
257.34,0.126958121
257.35,0.125610555
257.36,0.120242992
257.37,0.108474927
257.38,0.098614798
257.39,0.090557711
257.4,0.07518451
257.41,0.056637311
257.42,0.065669349
257.43,0.056996407
257.44,0.062818629
257.45,0.054354832
257.46,0.093506379
257.47,0.123921992
257.48,0.12647346
257.49,0.123668421
257.5,0.127860579
257.51,0.121913784
257.52,0.129141903
257.53,0.129432625
257.54,0.142033411
257.55,0.160388535
257.56,0.160195639
257.57,0.166525808
257.58,0.180830842
257.59,0.169866888
257.6,0.188296648
257.61,0.217402508
257.62,0.228952066
257.63,0.221355808
257.64,0.224371145
257.65,0.232903628
257.66,0.246306988
257.67,0.267311877
257.68,0.286151343
257.69,0.281309843
257.7,0.23076603
257.71,0.19070068
257.72,0.186609711
257.73,0.175499808
257.74,0.164811396
257.75,0.148881493
257.76,0.121438545
257.77,0.114460201
257.78,0.125659255
257.79,0.329053144
257.8,0.494221159
257.81,0.500269539
257.82,0.557101159
257.83,0.604358481
257.84,0.572180541
257.85,0.533592176
257.86,0.462524863
257.87,0.363787471
257.88,0.275417637
257.89,0.177070389
257.9,0.091846882
257.91,0.055623379
257.92,0.080397213
257.93,0.096611927
257.94,0.120295582
257.95,0.121875436
257.96,0.136450469
257.97,0.148768663
257.98,0.154924576
257.99,0.148608591
258,0.153708989
258.01,0.161086861
258.02,0.165979644
258.03,0.209256535
258.04,0.224138121
258.05,0.181518962
258.06,0.20559906
258.07,0.238730195
258.08,0.196592578
258.09,0.193797762
258.1,0.222575618
258.11,0.240061793
258.12,0.193930899
258.13,0.207517319
258.14,0.238283756
258.15,0.273104414
258.16,0.287226036
258.17,0.304898729
258.18,0.276889933
258.19,0.261773714
258.2,0.229982431
258.21,0.180647165
258.22,0.153790311
258.23,0.142594204
258.24,0.096067409
258.25,0.067107068
258.26,0.070863455
258.27,0.087820259
258.28,0.058988642
258.29,0.040069029
258.3,0.030089665
258.31,0.040194578
258.32,0.049000162
258.33,0.058579586
258.34,0.060101438
258.35,0.068997408
258.36,0.052901103
258.37,0.042127707
258.38,0.074610085
258.39,0.095366006
258.4,0.09270512
258.41,0.087712789
258.42,0.090359568
258.43,0.099322228
258.44,0.09772489
258.45,0.080066517
258.46,0.084605485
258.47,0.117337559
258.48,0.139917624
258.49,0.12626697
258.5,0.141895406
258.51,0.179766611
258.52,0.198284481
258.53,0.177839783
258.54,0.156103229
258.55,0.163397251
258.56,0.185874972
258.57,0.183875198
258.58,0.135564058
258.59,0.103524623
258.6,0.199677217
258.61,0.397951614
258.62,0.613075762
258.63,0.761642752
258.64,0.731275166
258.65,0.537985143
258.66,0.385594694
258.67,0.308668858
258.68,0.256561044
258.69,0.223226001
258.7,0.166719128
258.71,0.078178615
258.72,0.078193716
258.73,0.131753283
258.74,0.2245759
258.75,0.310488326
258.76,0.341753401
258.77,0.306318016
258.78,0.225402311
258.79,0.169463899
258.8,0.168537398
258.81,0.205665875
258.82,0.253914222
258.83,0.274758906
258.84,0.283233498
258.85,0.282785475
258.86,0.270807438
258.87,0.249456869
258.88,0.202056187
258.89,0.164025639
258.9,0.138295773
258.91,0.132709079
258.92,0.117183975
258.93,0.108228158
258.94,0.117308158
258.95,0.160844759
258.96,0.166970286
258.97,0.172038373
258.98,0.165287715
258.99,0.153343149
259,0.12343039
259.01,0.118589046
259.02,0.143077558
259.03,0.176217432
259.04,0.19273946
259.05,0.193952733
259.06,0.18289698
259.07,0.154555232
259.08,0.101934633
259.09,0.129587847
259.1,0.212052961
259.11,0.214116281
259.12,0.191141169
259.13,0.194083247
259.14,0.167163358
259.15,0.139132579
259.16,0.145538813
259.17,0.174439927
259.18,0.183922034
259.19,0.167329713
259.2,0.166502453
259.21,0.152563735
259.22,0.144283528
259.23,0.129207523
259.24,0.117543556
259.25,0.106062002
259.26,0.096737642
259.27,0.096879931
259.28,0.103069001
259.29,0.11619708
259.3,0.108755154
259.31,0.104625363
259.32,0.108415538
259.33,0.110020138
259.34,0.128301071
259.35,0.121561677
259.36,0.121730317
259.37,0.132355344
259.38,0.115329639
259.39,0.154793118
259.4,0.211691126
259.41,0.257184579
259.42,0.240842728
259.43,0.227737965
259.44,0.224637373
259.45,0.184132911
259.46,0.142795992
259.47,0.132192739
259.48,0.125520098
259.49,0.130085991
259.5,0.15688798
259.51,0.2656518
259.52,0.341344871
259.53,0.392377683
259.54,0.389468714
259.55,0.294355207
259.56,0.248922677
259.57,0.187410974
259.58,0.098205543
259.59,0.033947026
259.6,0.041454394
259.61,0.079791611
259.62,0.075634779
259.63,0.058306869
259.64,0.054295245
259.65,0.059350777
259.66,0.079479443
259.67,0.111883185
259.68,0.121153448
259.69,0.132156464
259.7,0.128122166
259.71,0.123811272
259.72,0.131219518
259.73,0.151723699
259.74,0.124616615
259.75,0.079182163
259.76,0.057610879
259.77,0.10854917
259.78,0.175119027
259.79,0.161442911
259.8,0.148782289
259.81,0.166833032
259.82,0.194485788
259.83,0.228042551
259.84,0.237641359
259.85,0.245223342
259.86,0.242845003
259.87,0.24290814
259.88,0.238808606
259.89,0.249560671
259.9,0.248124866
259.91,0.231074779
259.92,0.213484535
259.93,0.19588251
259.94,0.195909738
259.95,0.213496847
259.96,0.224119258
259.97,0.211993529
259.98,0.209869141
259.99,0.217909942
260,0.192149493
260.01,0.163876067
260.02,0.154706739
260.03,0.155935223
260.04,0.152931399
260.05,0.160506563
260.06,0.174695579
260.07,0.160721798
260.08,0.150391772
260.09,0.149801007
260.1,0.170622388
260.11,0.139492173
260.12,0.131781936
260.13,0.122537111
260.14,0.124974938
260.15,0.120269892
260.16,0.105703386
260.17,0.093079918
260.18,0.104874854
260.19,0.132726615
260.2,0.185896923
260.21,0.191244606
260.22,0.179524674
260.23,0.171554691
260.24,0.174644637
260.25,0.153666666
260.26,0.124393676
260.27,0.100984705
260.28,0.097050389
260.29,0.119661598
260.3,0.170270105
260.31,0.232415131
260.32,0.286779
260.33,0.266907741
260.34,0.204587964
260.35,0.232748648
260.36,0.258917973
260.37,0.185629532
260.38,0.142416044
260.39,0.131351356
260.4,0.098298233
260.41,0.05030558
260.42,0.046650965
260.43,0.091022361
260.44,0.096633172
260.45,0.040735821
260.46,0.023975265
260.47,0.065042472
260.48,0.076482397
260.49,0.119765898
260.5,0.169754685
260.51,0.236021635
260.52,0.304494042
260.53,0.305917859
260.54,0.295529657
260.55,0.296624529
260.56,0.301059637
260.57,0.314496896
260.58,0.273948308
260.59,0.204028183
260.6,0.163607556
260.61,0.144765724
260.62,0.163636186
260.63,0.188920781
260.64,0.190715442
260.65,0.187081561
260.66,0.197355802
260.67,0.187038531
260.68,0.191321145
260.69,0.224046812
260.7,0.277772969
260.71,0.309314028
260.72,0.320430558
260.73,0.328446009
260.74,0.315640788
260.75,0.286526837
260.76,0.247629701
260.77,0.223061784
260.78,0.210963542
260.79,0.180104516
260.8,0.15280248
260.81,0.143902881
260.82,0.13278047
260.83,0.095077652
260.84,0.109123817
260.85,0.110384985
260.86,0.079559966
260.87,0.0624376
260.88,0.055852421
260.89,0.068336786
260.9,0.070933672
260.91,0.088109159
260.92,0.107444258
260.93,0.112638461
260.94,0.116800161
260.95,0.100944045
260.96,0.099892842
260.97,0.125302008
260.98,0.163233285
260.99,0.132512073
261,0.111981757
261.01,0.07631066
261.02,0.048951556
261.03,0.042686927
261.04,0.061376452
261.05,0.085365225
261.06,0.102100709
261.07,0.211398527
261.08,0.092173125
261.09,0.040148637
261.1,0.080347927
261.11,0.091227598
261.12,0.10094791
261.13,0.105205845
261.14,0.089047168
261.15,0.081026747
261.16,0.144319439
261.17,0.15014977
261.18,0.068326449
261.19,0.022751801
261.2,0.055400044
261.21,0.074734538
261.22,0.067675734
261.23,0.049121564
261.24,0.033162772
261.25,0.109844928
261.26,0.126804457
261.27,0.149850561
261.28,0.156031266
261.29,0.143817428
261.3,0.114203737
261.31,0.101945491
261.32,0.122673359
261.33,0.124972277
261.34,0.112044282
261.35,0.121567186
261.36,0.13335037
261.37,0.121254024
261.38,0.11389846
261.39,0.116628539
261.4,0.107459202
261.41,0.095406392
261.42,0.062121732
261.43,0.079219204
261.44,0.159965818
261.45,0.228028569
261.46,0.268750297
261.47,0.329085662
261.48,0.454197395
261.49,0.503079087
261.5,0.4218262
261.51,0.358806422
261.52,0.332465454
261.53,0.316077558
261.54,0.314440969
261.55,0.275934859
261.56,0.198458438
261.57,0.141591083
261.58,0.048785399
261.59,0.038615962
261.6,0.095968084
261.61,0.152530969
261.62,0.142320576
261.63,0.153746243
261.64,0.148862547
261.65,0.164773781
261.66,0.196833641
261.67,0.1826272
261.68,0.206445627
261.69,0.247393203
261.7,0.225153576
261.71,0.237109027
261.72,0.23767805
261.73,0.234430458
261.74,0.257647532
261.75,0.240118467
261.76,0.217792716
261.77,0.220196698
261.78,0.222374854
261.79,0.191432876
261.8,0.192255476
261.81,0.178673922
261.82,0.139390838
261.83,0.121864224
261.84,0.133989097
261.85,0.125702897
261.86,0.113147116
261.87,0.109456141
261.88,0.114953231
261.89,0.112125374
261.9,0.107534044
261.91,0.095733243
261.92,0.093623622
261.93,0.111924546
261.94,0.131035474
261.95,0.147552954
261.96,0.150479736
261.97,0.136900493
261.98,0.126848619
261.99,0.138919834
262,0.142135388
262.01,0.12710981
262.02,0.119963416
262.03,0.136934345
262.04,0.129866632
262.05,0.135149527
262.06,0.161099607
262.07,0.174799509
262.08,0.1375142
262.09,0.107156241
262.1,0.113443952
262.11,0.118947068
262.12,0.131475514
262.13,0.126968724
262.14,0.13079462
262.15,0.138888165
262.16,0.123867027
262.17,0.108091012
262.18,0.106145871
262.19,0.084836738
262.2,0.103214327
262.21,0.118979032
262.22,0.1209443
262.23,0.131777902
262.24,0.127058017
262.25,0.093848098
262.26,0.095589186
262.27,0.106038503
262.28,0.113185652
262.29,0.127394352
262.3,0.130058739
262.31,0.1332619
262.32,0.124052317
262.33,0.136028794
262.34,0.136546043
262.35,0.130500647
262.36,0.116284804
262.37,0.115723127
262.38,0.113571136
262.39,0.176375511
262.4,0.251446792
262.41,0.246206518
262.42,0.195206532
262.43,0.169986313
262.44,0.233133047
262.45,0.323622028
262.46,0.35822742
262.47,0.337809287
262.48,0.2799715
262.49,0.260329543
262.5,0.242709584
262.51,0.25498667
262.52,0.25597311
262.53,0.222252568
262.54,0.206455284
262.55,0.212291696
262.56,0.220621816
262.57,0.219326839
262.58,0.228325683
262.59,0.219447703
262.6,0.22829984
262.61,0.24372817
262.62,0.261977606
262.63,0.261159039
262.64,0.249279628
262.65,0.240356435
262.66,0.253205681
262.67,0.290933116
262.68,0.287261695
262.69,0.263734935
262.7,0.245303895
262.71,0.243799186
262.72,0.233035122
262.73,0.21579088
262.74,0.158363435
262.75,0.209445341
262.76,0.208169459
262.77,0.180975565
262.78,0.16471631
262.79,0.125296096
262.8,0.076250593
262.81,0.049955123
262.82,0.046941667
262.83,0.052049
262.84,0.058045439
262.85,0.069018154
262.86,0.095028965
262.87,0.12601405
262.88,0.11785288
262.89,0.097388281
262.9,0.139490665
262.91,0.088647101
262.92,0.103038639
262.93,0.185390678
262.94,0.170650287
262.95,0.129477265
262.96,0.118114804
262.97,0.129947731
262.98,0.1209978
262.99,0.133712046
263,0.131950252
263.01,0.129681229
263.02,0.181524538
263.03,0.187553738
263.04,0.154651197
263.05,0.150155809
263.06,0.1470004
263.07,0.175605605
263.08,0.18814393
263.09,0.185551328
263.1,0.193227707
263.11,0.185218632
263.12,0.182910043
263.13,0.177552186
263.14,0.161619937
263.15,0.149562287
263.16,0.124284812
263.17,0.126707248
263.18,0.141516796
263.19,0.12011653
263.2,0.105329702
263.21,0.11006233
263.22,0.120974484
263.23,0.144171873
263.24,0.139553688
263.25,0.132776544
263.26,0.112474604
263.27,0.103091613
263.28,0.081473259
263.29,0.197407611
263.3,0.329249601
263.31,0.406572161
263.32,0.424598764
263.33,0.34812903
263.34,0.325767778
263.35,0.308108713
263.36,0.253111205
263.37,0.18222775
263.38,0.150303534
263.39,0.152353225
263.4,0.178544524
263.41,0.208949832
263.42,0.199991602
263.43,0.182763279
263.44,0.218284806
263.45,0.214469767
263.46,0.202285591
263.47,0.191464451
263.48,0.197818643
263.49,0.212244417
263.5,0.211148748
263.51,0.205629208
263.52,0.217501347
263.53,0.243680399
263.54,0.24075328
263.55,0.245591317
263.56,0.246251655
263.57,0.241745487
263.58,0.254245329
263.59,0.234780288
263.6,0.205648492
263.61,0.182943681
263.62,0.157266307
263.63,0.137315563
263.64,0.116848664
263.65,0.109845008
263.66,0.134060567
263.67,0.148049295
263.68,0.172568815
263.69,0.199481955
263.7,0.226804628
263.71,0.239135371
263.72,0.23348859
263.73,0.242376264
263.74,0.24546571
263.75,0.24473179
263.76,0.224616067
263.77,0.168151907
263.78,0.111935217
263.79,0.110378675
263.8,0.084140322
263.81,0.062022981
263.82,0.069921319
263.83,0.1352905
263.84,0.206769973
263.85,0.244959992
263.86,0.247305799
263.87,0.18639447
263.88,0.132632592
263.89,0.12543021
263.9,0.174070151
263.91,0.209729765
263.92,0.211706188
263.93,0.230550825
263.94,0.224144309
263.95,0.225821202
263.96,0.236650809
263.97,0.224711234
263.98,0.194547414
263.99,0.174024286
264,0.188260799
264.01,0.172594097
264.02,0.136657202
264.03,0.110409252
264.04,0.129750913
264.05,0.158896887
264.06,0.151187935
264.07,0.098456556
264.08,0.111216318
264.09,0.127990484
264.1,0.164594453
264.11,0.17255328
264.12,0.109609657
264.13,0.071907186
264.14,0.057050547
264.15,0.144560869
264.16,0.199665642
264.17,0.191838436
264.18,0.176143192
264.19,0.173789407
264.2,0.214020853
264.21,0.231409961
264.22,0.205932959
264.23,0.174287095
264.24,0.152404258
264.25,0.150343653
264.26,0.182696248
264.27,0.193199484
264.28,0.192157043
264.29,0.18124474
264.3,0.164526043
264.31,0.151881107
264.32,0.16546684
264.33,0.180548484
264.34,0.16834176
264.35,0.165005017
264.36,0.168359367
264.37,0.166942713
264.38,0.177653742
264.39,0.18477072
264.4,0.1742191
264.41,0.149820812
264.42,0.124640067
264.43,0.113120464
264.44,0.116565565
264.45,0.120537087
264.46,0.126883431
264.47,0.123464293
264.48,0.117125573
264.49,0.127096945
264.5,0.12939494
264.51,0.131593965
264.52,0.106000396
264.53,0.083887561
264.54,0.081172975
264.55,0.088796048
264.56,0.102064961
264.57,0.105965287
264.58,0.109920947
264.59,0.107196239
264.6,0.101883005
264.61,0.101038327
264.62,0.103401564
264.63,0.103473035
264.64,0.11962038
264.65,0.13805905
264.66,0.156847527
264.67,0.216802986
264.68,0.257767321
264.69,0.331717473
264.7,0.399255729
264.71,0.38474098
264.72,0.35497186
264.73,0.316235632
264.74,0.27898544
264.75,0.200097293
264.76,0.139950098
264.77,0.117456032
264.78,0.079465686
264.79,0.057896778
264.8,0.082808635
264.81,0.14158465
264.82,0.130932381
264.83,0.101684593
264.84,0.092196774
264.85,0.093183874
264.86,0.109376078
264.87,0.154708867
264.88,0.172961928
264.89,0.155787798
264.9,0.126226642
264.91,0.140894764
264.92,0.163784297
264.93,0.181740277
264.94,0.190262298
264.95,0.205653644
264.96,0.192873979
264.97,0.180553826
264.98,0.201576517
264.99,0.214115466
265,0.218054385
265.01,0.201721636
265.02,0.180599948
265.03,0.159522079
265.04,0.140541524
265.05,0.127987876
265.06,0.127658205
265.07,0.141797634
265.08,0.146424322
265.09,0.144200045
265.1,0.152576909
265.11,0.165511016
265.12,0.148553025
265.13,0.130565499
265.14,0.138842638
265.15,0.133561654
265.16,0.133544376
265.17,0.155736969
265.18,0.123493831
265.19,0.110773488
265.2,0.099539104
265.21,0.091636054
265.22,0.100028342
265.23,0.091305073
265.24,0.078020799
265.25,0.076903599
265.26,0.075967124
265.27,0.059240308
265.28,0.066688854
265.29,0.080056435
265.3,0.070081655
265.31,0.090471445
265.32,0.092727542
265.33,0.102300805
265.34,0.12125115
265.35,0.113817555
265.36,0.103925413
265.37,0.10074992
265.38,0.092912952
265.39,0.072605111
265.4,0.070535676
265.41,0.081206979
265.42,0.10224035
265.43,0.121971373
265.44,0.113560366
265.45,0.100293303
265.46,0.085617259
265.47,0.092818286
265.48,0.104268902
265.49,0.101116019
265.5,0.136512537
265.51,0.152203572
265.52,0.148278179
265.53,0.136254725
265.54,0.131138089
265.55,0.127153581
265.56,0.11228574
265.57,0.101454057
265.58,0.110825833
265.59,0.135074475
265.6,0.170240284
265.61,0.174444424
265.62,0.14896195
265.63,0.087090309
265.64,0.082805711
265.65,0.168836587
265.66,0.221223499
265.67,0.215190541
265.68,0.24370624
265.69,0.301683851
265.7,0.399374042
265.71,0.505003113
265.72,0.497061426
265.73,0.451466964
265.74,0.427185203
265.75,0.417547302
265.76,0.37385248
265.77,0.316713802
265.78,0.216661479
265.79,0.129468033
265.8,0.116740043
265.81,0.118880204
265.82,0.147739245
265.83,0.137587978
265.84,0.150117934
265.85,0.152464585
265.86,0.173606398
265.87,0.175803177
265.88,0.183779284
265.89,0.172940061
265.9,0.18079588
265.91,0.202733477
265.92,0.213074542
265.93,0.221282128
265.94,0.240213697
265.95,0.249265162
265.96,0.21454053
265.97,0.191445007
265.98,0.185545509
265.99,0.179394837
266,0.189531661
266.01,0.21058351
266.02,0.220879339
266.03,0.208807098
266.04,0.178045644
266.05,0.150043044
266.06,0.123187992
266.07,0.125731296
266.08,0.143525779
266.09,0.130625433
266.1,0.111554786
266.11,0.104286138
266.12,0.08901578
266.13,0.081841411
266.14,0.084646786
266.15,0.101865573
266.16,0.109683499
266.17,0.120305271
266.18,0.140421839
266.19,0.144799304
266.2,0.153639818
266.21,0.153489594
266.22,0.148404456
266.23,0.146218774
266.24,0.145621469
266.25,0.138507905
266.26,0.136023378
266.27,0.137590417
266.28,0.133111683
266.29,0.122311087
266.3,0.109596975
266.31,0.091985455
266.32,0.088210121
266.33,0.067467208
266.34,0.048190597
266.35,0.0416275
266.36,0.041292942
266.37,0.048959384
266.38,0.060402581
266.39,0.061511114
266.4,0.066307118
266.41,0.08149429
266.42,0.087768064
266.43,0.111014853
266.44,0.094265753
266.45,0.09603871
266.46,0.119652976
266.47,0.136802768
266.48,0.160757143
266.49,0.150438414
266.5,0.110367779
266.51,0.089049839
266.52,0.095042508
266.53,0.054201013
266.54,0.043221902
266.55,0.095555946
266.56,0.18136379
266.57,0.244088036
266.58,0.261326736
266.59,0.306552952
266.6,0.322582401
266.61,0.273494407
266.62,0.201549501
266.63,0.174999121
266.64,0.167939047
266.65,0.165120793
266.66,0.144319823
266.67,0.139125469
266.68,0.118753681
266.69,0.082170937
266.7,0.048518493
266.71,0.039588948
266.72,0.042930713
266.73,0.060435959
266.74,0.06729642
266.75,0.076150302
266.76,0.07802724
266.77,0.072973881
266.78,0.060635438
266.79,0.064155499
266.8,0.077017394
266.81,0.093093431
266.82,0.109766633
266.83,0.134841555
266.84,0.161079979
266.85,0.176295752
266.86,0.146681094
266.87,0.142558937
266.88,0.183093209
266.89,0.206722912
266.9,0.232425555
266.91,0.221414496
266.92,0.185917342
266.93,0.165608514
266.94,0.154557621
266.95,0.144853976
266.96,0.141250443
266.97,0.130967837
266.98,0.129382359
266.99,0.122952534
267,0.107954778
267.01,0.094420025
267.02,0.080536734
267.03,0.091953568
267.04,0.099157116
267.05,0.109060049
267.06,0.11730978
267.07,0.123539716
267.08,0.128088646
267.09,0.136901261
267.1,0.133109592
267.11,0.12004963
267.12,0.124074063
267.13,0.124747976
267.14,0.119614968
267.15,0.11843633
267.16,0.120183741
267.17,0.132786793
267.18,0.141199982
267.19,0.13969872
267.2,0.12340586
267.21,0.103788445
267.22,0.104434264
267.23,0.114219138
267.24,0.120584074
267.25,0.117824719
267.26,0.122751044
267.27,0.11195826
267.28,0.118511417
267.29,0.126559655
267.3,0.130287606
267.31,0.144763793
267.32,0.150969368
267.33,0.146790345
267.34,0.136538421
267.35,0.128966716
267.36,0.128930218
267.37,0.121719584
267.38,0.098016223
267.39,0.061820352
267.4,0.11985781
267.41,0.159935894
267.42,0.148315125
267.43,0.120398268
267.44,0.108668937
267.45,0.099102922
267.46,0.106280576
267.47,0.095072195
267.48,0.084244093
267.49,0.072060561
267.5,0.075589074
267.51,0.082610964
267.52,0.093020852
267.53,0.09956859
267.54,0.090939688
267.55,0.092091074
267.56,0.07562355
267.57,0.053588514
267.58,0.039521982
267.59,0.043729604
267.6,0.046093176
267.61,0.064295497
267.62,0.053394232
267.63,0.055513795
267.64,0.022398359
267.65,0.033171176
267.66,0.076911956
267.67,0.093677621
267.68,0.081322655
267.69,0.080378226
267.7,0.073953709
267.71,0.070817687
267.72,0.070389451
267.73,0.080628758
267.74,0.096543829
267.75,0.104824638
267.76,0.090823753
267.77,0.072851111
267.78,0.076368658
267.79,0.073241702
267.8,0.070536706
267.81,0.062309237
267.82,0.054341293
267.83,0.067496567
267.84,0.07489685
267.85,0.080035135
267.86,0.081642805
267.87,0.083975662
267.88,0.087406986
267.89,0.087746051
267.9,0.083703428
267.91,0.083599846
267.92,0.08404144
267.93,0.086661702
267.94,0.083303917
267.95,0.076478013
267.96,0.06764355
267.97,0.052439374
267.98,0.049084462
267.99,0.058049964
268,0.092066627
268.01,0.117145295
268.02,0.116626123
268.03,0.098118523
268.04,0.104746329
268.05,0.114070023
268.06,0.111639948
268.07,0.118766773
268.08,0.144660161
268.09,0.164462223
268.1,0.148885634
268.11,0.141257674
268.12,0.151280651
268.13,0.165903144
268.14,0.1995009
268.15,0.237601986
268.16,0.252359217
268.17,0.248670307
268.18,0.243185891
268.19,0.222635573
268.2,0.221388315
268.21,0.219907999
268.22,0.215997211
268.23,0.213348851
268.24,0.200686325
268.25,0.186127016
268.26,0.169190787
268.27,0.154952957
268.28,0.144492978
268.29,0.136578078
268.3,0.135293353
268.31,0.122260881
268.32,0.11240053
268.33,0.107578625
268.34,0.099657125
268.35,0.103771174
268.36,0.097863875
268.37,0.097862972
268.38,0.090479788
268.39,0.084558237
268.4,0.096337153
268.41,0.10538862
268.42,0.093198142
268.43,0.079410065
268.44,0.075403313
268.45,0.104248811
268.46,0.114672507
268.47,0.111811529
268.48,0.084486751
268.49,0.050589745
268.5,0.042528599
268.51,0.055387451
268.52,0.066488385
268.53,0.067277116
268.54,0.072207345
268.55,0.077786394
268.56,0.070234255
268.57,0.060745335
268.58,0.07535415
268.59,0.073473798
268.6,0.080623231
268.61,0.088401573
268.62,0.097459518
268.63,0.108145733
268.64,0.115731181
268.65,0.115471398
268.66,0.106564445
268.67,0.097784115
268.68,0.095254151
268.69,0.110691482
268.7,0.126663135
268.71,0.154582921
268.72,0.176198171
268.73,0.185943289
268.74,0.189955593
268.75,0.169447726
268.76,0.158614484
268.77,0.152555771
268.78,0.153106705
268.79,0.150794336
268.8,0.144569852
268.81,0.153675547
268.82,0.168692235
268.83,0.176835614
268.84,0.176537247
268.85,0.163549637
268.86,0.160064047
268.87,0.159945987
268.88,0.193469174
268.89,0.218327799
268.9,0.212791431
268.91,0.181720528
268.92,0.162581131
268.93,0.151692697
268.94,0.138597026
268.95,0.121240541
268.96,0.110416269
268.97,0.10317072
268.98,0.105903638
268.99,0.111847082
269,0.119681754
269.01,0.121137785
269.02,0.130067056
269.03,0.141211013
269.04,0.142883923
269.05,0.147160628
269.06,0.14051664
269.07,0.141729577
269.08,0.15378379
269.09,0.160779466
269.1,0.154349964
269.11,0.163538198
269.12,0.158501571
269.13,0.152510251
269.14,0.146051468
269.15,0.144007837
269.16,0.135879211
269.17,0.142432733
269.18,0.146633071
269.19,0.144082897
269.2,0.129123421
269.21,0.122993168
269.22,0.125014636
269.23,0.130236802
269.24,0.123805497
269.25,0.08146685
269.26,0.071445653
269.27,0.078800081
269.28,0.083109581
269.29,0.103442805
269.3,0.120639839
269.31,0.101503305
269.32,0.078408716
269.33,0.065946483
269.34,0.071866524
269.35,0.074672058
269.36,0.075279919
269.37,0.077685456
269.38,0.074410244
269.39,0.068498069
269.4,0.05510118
269.41,0.043668753
269.42,0.048239019
269.43,0.04716179
269.44,0.045750915
269.45,0.046024916
269.46,0.047083404
269.47,0.036099963
269.48,0.028663447
269.49,0.01825318
269.5,0.013902121
269.51,0.019063875
269.52,0.03031904
269.53,0.01889557
269.54,0.004319661
269.55,0.027129594
269.56,0.0545733
269.57,0.087707984
269.58,0.112156177
269.59,0.138426341
269.6,0.162783716
269.61,0.161781655
269.62,0.148674613
269.63,0.126923637
269.64,0.054894788
269.65,0.069966439
269.66,0.123614336
269.67,0.149270491
269.68,0.132220417
269.69,0.105093152
269.7,0.090298582
269.71,0.072835135
269.72,0.066146015
269.73,0.062010879
269.74,0.055134314
269.75,0.036764646
269.76,0.025547643
269.77,0.034243205
269.78,0.043701327
269.79,0.026610454
269.8,0.04369245
269.81,0.038517506
269.82,0.024021597
269.83,0.018350332
269.84,0.04237177
269.85,0.04609517
269.86,0.035344567
269.87,0.034098534
269.88,0.021820391
269.89,0.021514723
269.9,0.022546316
269.91,0.019488541
269.92,0.053822134
269.93,0.087853652
269.94,0.078119095
269.95,0.091803614
269.96,0.093590283
269.97,0.072660364
269.98,0.05649106
269.99,0.042305496
270,0.050165496
270.01,0.066667739
270.02,0.056181025
270.03,0.038781964
270.04,0.0410365
270.05,0.083458264
270.06,0.123683916
270.07,0.084395029
270.08,0.033490939
270.09,0.093277828
270.1,0.099250993
270.11,0.087915088
270.12,0.039014614
270.13,0.007886374
270.14,0.009177386
270.15,0.031595296
270.16,0.047161261
270.17,0.031335126
270.18,0.032272168
270.19,0.059809932
270.2,0.08482199
270.21,0.096398681
270.22,0.112288572
270.23,0.102695608
270.24,0.095743258
270.25,0.0941456
270.26,0.076883525
270.27,0.056787838
270.28,0.06959313
270.29,0.085724516
270.3,0.083580309
270.31,0.067957301
270.32,0.061461077
270.33,0.045209373
270.34,0.043342583
270.35,0.041347143
270.36,0.043965572
270.37,0.034644736
270.38,0.041809029
270.39,0.05959488
270.4,0.079547452
270.41,0.081098259
270.42,0.101844145
270.43,0.111602384
270.44,0.120246949
270.45,0.152316329
270.46,0.15370386
270.47,0.154427422
270.48,0.13009338
270.49,0.136370865
270.5,0.158526368
270.51,0.146584103
270.52,0.150445365
270.53,0.150739746
270.54,0.151256247
270.55,0.161416351
270.56,0.163854594
270.57,0.137902007
270.58,0.132992751
270.59,0.119245098
270.6,0.118582924
270.61,0.115272322
270.62,0.099847678
270.63,0.093135527
270.64,0.087600892
270.65,0.073713693
270.66,0.047298942
270.67,0.033740239
270.68,0.021301853
270.69,0.026997978
270.7,0.029230309
270.71,0.031633262
270.72,0.029551694
270.73,0.02969758
270.74,0.034538653
270.75,0.034451087
270.76,0.03120215
270.77,0.037111546
270.78,0.043979964
270.79,0.044778514
270.8,0.041377234
270.81,0.050086138
270.82,0.035490715
270.83,0.036196772
270.84,0.005984849
270.85,0.040706119
270.86,0.074679199
270.87,0.052769886
270.88,0.028602705
270.89,0.038447884
270.9,0.053568532
270.91,0.033596773
270.92,0.023690542
270.93,0.009360832
270.94,0.045775826
270.95,0.043909029
270.96,0.088893116
270.97,0.025143809
270.98,0.06539676
270.99,0.116140029
271,0.104618003
271.01,0.053751436
271.02,0.03303684
271.03,0.011270216
271.04,0.051537179
271.05,0.074642018
271.06,0.075285622
271.07,0.065807394
271.08,0.044690466
271.09,0.02341649
271.1,0.019555113
271.11,0.028561943
271.12,0.030663715
271.13,0.031044309
271.14,0.016272984
271.15,0.020861708
271.16,0.021222098
271.17,0.021520561
271.18,0.018746155
271.19,0.023817694
271.2,0.021738256
271.21,0.030824876
271.22,0.062683099
271.23,0.08385322
271.24,0.055356073
271.25,0.080737058
271.26,0.067261051
271.27,0.129885185
271.28,0.130399593
271.29,0.106715157
271.3,0.076069261
271.31,0.072933109
271.32,0.102114574
271.33,0.143170878
271.34,0.154960587
271.35,0.141211736
271.36,0.149465558
271.37,0.155855925
271.38,0.150895616
271.39,0.142330061
271.4,0.139123621
271.41,0.131520887
271.42,0.120093067
271.43,0.093521979
271.44,0.025925696
271.45,0.043147041
271.46,0.0556304
271.47,0.060081269
271.48,0.089494393
271.49,0.131680825
271.5,0.117722665
271.51,0.116895948
271.52,0.110746907
271.53,0.101393313
271.54,0.109435436
271.55,0.114184699
271.56,0.093275597
271.57,0.065199611
271.58,0.063174002
271.59,0.064356284
271.6,0.05607796
271.61,0.035317197
271.62,0.032448468
271.63,0.049729694
271.64,0.074333732
271.65,0.082794906
271.66,0.037927488
271.67,0.057364952
271.68,0.046587629
271.69,0.101686788
271.7,0.116980626
271.71,0.085850577
271.72,0.057642176
271.73,0.059765989
271.74,0.070270421
271.75,0.07088755
271.76,0.073083766
271.77,0.077848305
271.78,0.058334394
271.79,0.044022825
271.8,0.026437244
271.81,0.039905284
271.82,0.039359133
271.83,0.050906017
271.84,0.06990321
271.85,0.088115618
271.86,0.10449067
271.87,0.117067209
271.88,0.119763326
271.89,0.13544301
271.9,0.137262633
271.91,0.141709855
271.92,0.143405752
271.93,0.147216782
271.94,0.155454149
271.95,0.165729554
271.96,0.16855468
271.97,0.186284944
271.98,0.187170729
271.99,0.187819808
272,0.183505687
272.01,0.188546866
272.02,0.187534223
272.03,0.166219156
272.04,0.161675583
272.05,0.201682609
272.06,0.195516464
272.07,0.1744081
272.08,0.146813184
272.09,0.172522167
272.1,0.195382872
272.11,0.204757932
272.12,0.189875387
272.13,0.161146103
272.14,0.133706721
272.15,0.12036335
272.16,0.143835994
272.17,0.149079354
272.18,0.130938279
272.19,0.13731093
272.2,0.139563676
272.21,0.124904476
272.22,0.10283889
272.23,0.09281198
272.24,0.098233212
272.25,0.102996974
272.26,0.093118937
272.27,0.083546033
272.28,0.070045421
272.29,0.064567186
272.3,0.060764861
272.31,0.060240512
272.32,0.064918365
272.33,0.067131002
272.34,0.064914963
272.35,0.057516345
272.36,0.05022576
272.37,0.050086161
272.38,0.042748253
272.39,0.031939925
272.4,0.030934372
272.41,0.035645208
272.42,0.039812168
272.43,0.041501056
272.44,0.031628205
272.45,0.059871522
272.46,0.053533562
272.47,0.022510038
272.48,0.049752422
272.49,0.027450983
272.5,0.018180908
272.51,0.053994924
272.52,0.056094056
272.53,0.033442336
272.54,0.011731513
272.55,0.005400151
272.56,0.011620422
272.57,0.013831171
272.58,0.03555748
272.59,0.066835616
272.6,0.036308652
272.61,0.083485179
272.62,0.043134843
272.63,0.05717325
272.64,0.070848575
272.65,0.076703297
272.66,0.051808802
272.67,0.029147853
272.68,0.036706666
272.69,0.047739639
272.7,0.071837479
272.71,0.090870564
272.72,0.086490855
272.73,0.079721504
272.74,0.068032375
272.75,0.08042933
272.76,0.087458774
272.77,0.084652387
272.78,0.078299594
272.79,0.06433362
272.8,0.05519434
272.81,0.061242536
272.82,0.05116102
272.83,0.064083
272.84,0.057378187
272.85,0.071965044
272.86,0.084362707
272.87,0.125506113
272.88,0.114364446
272.89,0.100997164
272.9,0.094444356
272.91,0.093365629
272.92,0.11221652
272.93,0.126179234
272.94,0.1162149
272.95,0.100585194
272.96,0.1056483
272.97,0.108603736
272.98,0.092178841
272.99,0.091695296
273,0.103477679
273.01,0.083003315
273.02,0.072970604
273.03,0.075480728
273.04,0.098486239
273.05,0.11609122
273.06,0.117395341
273.07,0.107611854
273.08,0.098192572
273.09,0.092436424
273.1,0.099853707
273.11,0.106853101
273.12,0.114526355
273.13,0.108883386
273.14,0.090460381
273.15,0.085952394
273.16,0.075002041
273.17,0.042816129
273.18,0.034743288
273.19,0.014133279
273.2,0.044761929
273.21,0.07333455
273.22,0.083899093
273.23,0.06194594
273.24,0.051621929
273.25,0.060932922
273.26,0.05899894
273.27,0.028274212
273.28,0.051979366
273.29,0.068426738
273.3,0.045574122
273.31,0.025685748
273.32,0.021384974
273.33,0.038718633
273.34,0.093486194
273.35,0.125282571
273.36,0.117215083
273.37,0.093568422
273.38,0.097776918
273.39,0.099074528
273.4,0.096252766
273.41,0.096105337
273.42,0.107102236
273.43,0.108373069
273.44,0.111329584
273.45,0.102142663
273.46,0.112831183
273.47,0.128621175
273.48,0.166567537
273.49,0.172433613
273.5,0.171169917
273.51,0.162916203
273.52,0.159051358
273.53,0.142869479
273.54,0.136835699
273.55,0.13250898
273.56,0.139390279
273.57,0.137257318
273.58,0.114126198
273.59,0.113247685
273.6,0.107246256
273.61,0.109670443
273.62,0.121099665
273.63,0.109956701
273.64,0.109475948
273.65,0.109195584
273.66,0.111798327
273.67,0.110709472
273.68,0.119479368
273.69,0.127886456
273.7,0.144734672
273.71,0.138061609
273.72,0.137305744
273.73,0.142450484
273.74,0.13658912
273.75,0.166601607
273.76,0.178702487
273.77,0.17947399
273.78,0.151111517
273.79,0.149036449
273.8,0.197610044
273.81,0.153003995
273.82,0.147263613
273.83,0.186839578
273.84,0.181658846
273.85,0.158881118
273.86,0.138596181
273.87,0.124442666
273.88,0.09999454
273.89,0.082681169
273.9,0.082059886
273.91,0.102213228
273.92,0.103228377
273.93,0.093149014
273.94,0.071725828
273.95,0.080036892
273.96,0.086811015
273.97,0.06826943
273.98,0.063780205
273.99,0.068741761
274,0.081106753
274.01,0.082037279
274.02,0.068194568
274.03,0.065966366
274.04,0.081496298
274.05,0.092465444
274.06,0.084238748
274.07,0.068861758
274.08,0.036910822
274.09,0.058938113
274.1,0.084017103
274.11,0.124560704
274.12,0.13153338
274.13,0.094480144
274.14,0.055343251
274.15,0.049436068
274.16,0.060594175
274.17,0.076777285
274.18,0.086488089
274.19,0.085000867
274.2,0.074032131
274.21,0.062240803
274.22,0.043753347
274.23,0.033446306
274.24,0.039924793
274.25,0.050077029
274.26,0.034384049
274.27,0.021394101
274.28,0.040670542
274.29,0.053493671
274.3,0.073468638
274.31,0.089268258
274.32,0.111205539
274.33,0.133719686
274.34,0.137811555
274.35,0.129344664
274.36,0.126348973
274.37,0.129193913
274.38,0.110336968
274.39,0.107164043
274.4,0.111639635
274.41,0.094417133
274.42,0.08377233
274.43,0.093189633
274.44,0.082215047
274.45,0.07948322
274.46,0.073015622
274.47,0.060049371
274.48,0.064210234
274.49,0.07537834
274.5,0.060391325
274.51,0.025861471
274.52,0.049103164
274.53,0.085792709
274.54,0.078739523
274.55,0.093619819
274.56,0.092591949
274.57,0.067743188
274.58,0.068305211
274.59,0.07330652
274.6,0.067261042
274.61,0.059253997
274.62,0.070318694
274.63,0.0753248
274.64,0.073096235
274.65,0.079891985
274.66,0.092553649
274.67,0.10167549
274.68,0.121138334
274.69,0.122570216
274.7,0.114995804
274.71,0.127756785
274.72,0.13190612
274.73,0.142389592
274.74,0.134682015
274.75,0.127388079
274.76,0.126270171
274.77,0.119368619
274.78,0.101419356
274.79,0.096582572
274.8,0.108572346
274.81,0.101360974
274.82,0.104358442
274.83,0.091266193
274.84,0.065033109
274.85,0.111167681
274.86,0.122503879
274.87,0.092802607
274.88,0.059670293
274.89,0.041596371
274.9,0.031284159
274.91,0.018234727
274.92,0.046559202
274.93,0.115251357
274.94,0.139412901
274.95,0.148392047
274.96,0.139849993
274.97,0.114057262
274.98,0.125131931
274.99,0.156820636
275,0.054777574
275.01,0.055509936
275.02,0.116298457
275.03,0.118441183
275.04,0.085354335
275.05,0.091350121
275.06,0.051071492
275.07,0.038949204
275.08,0.06436855
275.09,0.064792583
275.1,0.024929988
275.11,0.103408662
275.12,0.096767505
275.13,0.066955402
275.14,0.097317813
275.15,0.115217602
275.16,0.091219394
275.17,0.063943108
275.18,0.046632085
275.19,0.040923128
275.2,0.053564294
275.21,0.072787979
275.22,0.052450653
275.23,0.038402585
275.24,0.042490004
275.25,0.036708482
275.26,0.033553951
275.27,0.035977891
275.28,0.03418373
275.29,0.029014707
275.3,0.010176277
275.31,0.040029636
275.32,0.01520025
275.33,0.032137199
275.34,0.048538595
275.35,0.028614988
275.36,0.03191335
275.37,0.04327362
275.38,0.055752727
275.39,0.06079033
275.4,0.048907663
275.41,0.061256265
275.42,0.075099458
275.43,0.085724686
275.44,0.090315837
275.45,0.088636802
275.46,0.084147582
275.47,0.076488962
275.48,0.078140971
275.49,0.083018738
275.5,0.086881885
275.51,0.084977321
275.52,0.086324106
275.53,0.085821393
275.54,0.07671266
275.55,0.079417347
275.56,0.078330211
275.57,0.075059557
275.58,0.080001881
275.59,0.085235026
275.6,0.086804907
275.61,0.067867824
275.62,0.067595492
275.63,0.100508855
275.64,0.113017667
275.65,0.105213624
275.66,0.067950469
275.67,0.09299605
275.68,0.104465685
275.69,0.10703131
275.7,0.072530516
275.71,0.045543088
275.72,0.065130318
275.73,0.093751446
275.74,0.107940408
275.75,0.115786939
275.76,0.120544419
275.77,0.079425292
275.78,0.082314778
275.79,0.111350708
275.8,0.12159071
275.81,0.106503993
275.82,0.093774976
275.83,0.086933756
275.84,0.058703746
275.85,0.064425311
275.86,0.056717131
275.87,0.041173344
275.88,0.051029455
275.89,0.057268944
275.9,0.060569572
275.91,0.080351355
275.92,0.098913359
275.93,0.09705215
275.94,0.081861738
275.95,0.059753119
275.96,0.073807338
275.97,0.086762276
275.98,0.083931316